
=== Machine [0 s]
name, memory.total [MiB], driver_version, clocks.max.sm [MHz]
NVIDIA H200, 143771 MiB, 570.133.20, 1980 MHz
CPUs: 176 visible, using 6 threads
clang version 22.1.8 (https://github.com/conda-forge/clangdev-feedstock 4376d67fb227e616ccc5717854d9d41ab142e4fa)

=== Cloning hybrid-area [2 s]
commit 75dd6556e82c743e206cfc713acc4993ee0cef76

=== Configuring and building [3 s]
Run-time dependency OpenMP found: YES 5.1
Run-time dependency CUDA (modules: cudart_static) for cpp found: YES 12.8 (/usr/local/cuda)
ninja: Entering directory `/tmp/mandelbrot/build/release'
  % Total    % Received % Xferd  Average Speed  Time    Time    Time   Current
                                 Dload  Upload  Total   Spent   Left   Speed
  0      0   0      0   0      0      0      0                              0100  36215 100  36215   0      0 106.7k      0                              0100  36215 100  36215   0      0 106.7k      0                              0100  36215 100  36215   0      0 106.6k      0                              0
  % Total    % Received % Xferd  Average Speed  Time    Time    Time   Current
                                 Dload  Upload  Total   Spent   Left   Speed
  0      0   0      0   0      0      0      0                              0100  49197 100  49197   0      0 106.8k      0                              0100  49197 100  49197   0      0 106.8k      0                              0100  49197 100  49197   0      0 106.8k      0                              0
INFO: autodetecting backend as ninja
INFO: calculating backend command to run: /data/env-v3/bin/ninja -C /tmp/mandelbrot/build/release glavaurs

=== env python3 analysis/lavaurs/experiments/census_islands.py /data/results/gl2e --levels 6 --cmin 1e-12 --islands 2000 --threads 12 [42 s]
19991 components above 1e-12 (tuned removed), 5 s
itineraries: 19834 of 19991 (failed mass 2.782e-08 of 4.345e-03), 89 s
level 2: mass 2.926480e-04: parent island found 95.2961%, orphan (non-critical piece) 4.7039%, parent not in census 0.0000%
level 3: mass 1.522333e-04: parent island found 87.5695%, orphan (non-critical piece) 9.6001%, parent not in census 2.8304%
level 4: mass 5.396846e-05: parent island found 95.7517%, orphan (non-critical piece) 1.8034%, parent not in census 2.4449%
level 5: mass 4.728159e-05: parent island found 89.9248%, orphan (non-critical piece) 0.9227%, parent not in census 9.1524%
level 6: mass 1.232462e-05: parent island found 88.8163%, orphan (non-critical piece) 0.7094%, parent not in census 10.4744%
L1 L1_3510      C 2.081e-01 sat 1 eps 1.0000  desc/C 0 0 0  bad m=1 nan m=2 nan (via N 0.00e+00)  B90 0 B99 0 of 0
L1 L1_3511      C 2.081e-01 sat 1 eps 1.0000  desc/C 0.000322 0.000493 0.000201  bad m=1 9.66e-01 m=2 1.00e+00 (via N 1.13e-01)  B90 4 B99 7 of 263
L2 L2_8         C 1.506e-02 sat 1 eps 0.4013  desc/C 0.00028 0.0012 0.000788  bad m=1 9.60e-01 m=2 9.98e-01 (via N 3.67e-02)  B90 2 B99 4 of 118
L3 L3_27121     C 3.064e-03 sat 1 eps 0.2285  desc/C 0.00517 0.00157 0.000305  bad m=1 2.52e-01 m=2 4.14e-01 (via N 7.94e-05)  B90 2 B99 3 of 22
L3 L3_27134     C 3.061e-03 sat 1 eps 0.2306  desc/C 0.00239 0.0032 0.00032  bad m=1 3.72e-02 m=2 5.58e-01 (via N 1.93e-03)  B90 3 B99 4 of 40
L1 L1_0         C 1.725e-03 sat 0 eps 1.0000  desc/C 0.111 0.0215 0.00443  bad m=1 4.49e-02 m=2 6.02e-02 (via N 1.02e-05)  B90 1 B99 3 of 52
L1 L1_1         C 1.725e-03 sat 0 eps 1.0000  desc/C 0 0 0  bad m=1 nan m=2 nan (via N 0.00e+00)  B90 0 B99 0 of 0
L4 L4_28107     C 9.675e-04 sat 1 eps 0.1499  desc/C 0.00565 0.000726 0  bad m=1 4.43e-01 m=2 nan (via N 1.06e-04)  B90 1 B99 2 of 11
L4 L4_28075     C 9.645e-04 sat 1 eps 0.1522  desc/C 0.00523 0.00336 0  bad m=1 1.97e-01 m=2 nan (via N 6.61e-04)  B90 1 B99 3 of 13
L2 L2_41        C 1.858e-04 sat 0 eps 0.1516  desc/C 0.193 0.0404 0.0105  bad m=1 1.47e-02 m=2 5.35e-02 (via N 1.72e-07)  B90 2 B99 4 of 20
L1 L1_3         C 5.902e-05 sat 0 eps 1.0000  desc/C 0 0 0  bad m=1 nan m=2 nan (via N 0.00e+00)  B90 0 B99 0 of 0
L1 L1_2         C 5.902e-05 sat 0 eps 1.0000  desc/C 0.0223 0.00036 0.000314  bad m=1 8.36e-02 m=2 5.44e-02 (via N 0.00e+00)  B90 3 B99 6 of 15
L1 L1_4         C 4.117e-05 sat 0 eps 1.0000  desc/C 0 0 0  bad m=1 nan m=2 nan (via N 0.00e+00)  B90 0 B99 0 of 0
L1 L1_5         C 4.117e-05 sat 0 eps 1.0000  desc/C 0.331 0.115 0.0426  bad m=1 1.97e-02 m=2 2.26e-02 (via N 0.00e+00)  B90 1 B99 2 of 10
L2 L2_95        C 3.943e-05 sat 0 eps 0.3464  desc/C 0.132 0.00623 0.00239  bad m=1 0.00e+00 m=2 1.71e-01 (via N 0.00e+00)  B90 2 B99 2 of 5
L3 L3_27138     C 3.336e-05 sat 0 eps 0.1021  desc/C 0.221 0.0557 0.00902  bad m=1 0.00e+00 m=2 2.73e-02 (via N 0.00e+00)  B90 2 B99 2 of 3
L1 L1_7         C 2.702e-05 sat 0 eps 1.0000  desc/C 0.0131 0.00321 1.36e-05  bad m=1 2.53e-03 m=2 9.76e-02 (via N 0.00e+00)  B90 3 B99 7 of 9
L1 L1_6         C 2.702e-05 sat 0 eps 1.0000  desc/C 0 0 0  bad m=1 nan m=2 nan (via N 0.00e+00)  B90 0 B99 0 of 0
L4 L4_28134     C 1.580e-05 sat 0 eps 0.0581  desc/C 0.0677 0.0536 0  bad m=1 3.88e-01 m=2 nan (via N 4.46e-03)  B90 2 B99 4 of 18
L2 L2_42        C 1.366e-05 sat 0 eps 0.0825  desc/C 0.372 0.0067 0.00485  bad m=1 0.00e+00 m=2 4.41e-02 (via N 0.00e+00)  B90 2 B99 3 of 7
L2 L2_73        C 1.317e-05 sat 0 eps 0.0788  desc/C 0.357 0.133 0.0516  bad m=1 5.25e-04 m=2 1.97e-02 (via N 0.00e+00)  B90 1 B99 2 of 6
L1 L1_8         C 1.315e-05 sat 0 eps 1.0000  desc/C 0 0 0  bad m=1 nan m=2 nan (via N 0.00e+00)  B90 0 B99 0 of 0
L1 L1_9         C 1.315e-05 sat 0 eps 1.0000  desc/C 0.0586 0.00885 4.05e-05  bad m=1 4.53e-03 m=2 1.05e-01 (via N 0.00e+00)  B90 2 B99 4 of 7
L1 L1_11        C 7.298e-06 sat 0 eps 1.0000  desc/C 0 0 0  bad m=1 nan m=2 nan (via N 0.00e+00)  B90 0 B99 0 of 0
L1 L1_10        C 7.298e-06 sat 0 eps 1.0000  desc/C 0.0169 0.000772 5.02e-06  bad m=1 1.27e-02 m=2 4.30e-02 (via N 0.00e+00)  B90 2 B99 5 of 5
L4 L4_28122     C 7.108e-06 sat 0 eps 0.0477  desc/C 1.16 0.0552 0  bad m=1 4.24e-02 m=2 nan (via N 7.11e-03)  B90 3 B99 5 of 10
L4 L4_86080     C 6.993e-06 sat 0 eps 0.0710  desc/C 0.249 0.0418 0  bad m=1 0.00e+00 m=2 nan (via N 0.00e+00)  B90 0 B99 0 of 0
L1 L1_12        C 5.273e-06 sat 0 eps 1.0000  desc/C 0.0137 0.00136 0.000129  bad m=1 2.57e-03 m=2 5.37e-03 (via N 0.00e+00)  B90 3 B99 4 of 4
L1 L1_13        C 5.273e-06 sat 0 eps 1.0000  desc/C 0 0 0  bad m=1 nan m=2 nan (via N 0.00e+00)  B90 0 B99 0 of 0
L2 L2_81        C 4.997e-06 sat 0 eps 0.0652  desc/C 0.0608 0.00321 0.000741  bad m=1 0.00e+00 m=2 6.25e-02 (via N 0.00e+00)  B90 3 B99 4 of 4
L3 L3_27141     C 4.861e-06 sat 0 eps 0.0609  desc/C 1.3 2.36 0.19  bad m=1 9.79e-01 m=2 8.62e-01 (via N 5.80e-06)  B90 1 B99 1 of 11
L3 L3_27172     C 4.850e-06 sat 0 eps 0.0655  desc/C 0.0151 0.0109 0.00197  bad m=1 0.00e+00 m=2 2.87e-02 (via N 0.00e+00)  B90 1 B99 2 of 3
L3 L3_27127     C 4.571e-06 sat 0 eps 0.0605  desc/C 0.378 0.148 0.0274  bad m=1 0.00e+00 m=2 2.29e-03 (via N 0.00e+00)  B90 2 B99 2 of 2
L3 L3_27139     C 3.761e-06 sat 0 eps 0.0537  desc/C 0.05 0.0147 0.0055  bad m=1 0.00e+00 m=2 1.30e-01 (via N 0.00e+00)  B90 2 B99 3 of 5
L1 L1_14        C 3.750e-06 sat 0 eps 1.0000  desc/C 0 0 0  bad m=1 nan m=2 nan (via N 0.00e+00)  B90 0 B99 0 of 0
L1 L1_15        C 3.750e-06 sat 0 eps 1.0000  desc/C 0.172 0.0266 0.000127  bad m=1 1.19e-03 m=2 1.17e-01 (via N 0.00e+00)  B90 2 B99 2 of 2
L1 L1_17        C 3.639e-06 sat 0 eps 1.0000  desc/C 0.534 0.264 0.131  bad m=1 9.43e-04 m=2 1.59e-03 (via N 0.00e+00)  B90 1 B99 2 of 6
L1 L1_16        C 3.639e-06 sat 0 eps 1.0000  desc/C 0 0 0  bad m=1 nan m=2 nan (via N 0.00e+00)  B90 0 B99 0 of 0
L3 L3_27209     C 3.118e-06 sat 0 eps 0.1607  desc/C 0.19 0.0216 0.00681  bad m=1 0.00e+00 m=2 0.00e+00 (via N 0.00e+00)  B90 0 B99 0 of 0
L2 L2_96        C 3.002e-06 sat 0 eps 0.2076  desc/C 24.7 2.16 3.83  bad m=1 4.43e-01 m=2 9.79e-01 (via N 1.52e-04)  B90 1 B99 2 of 39
L2 L2_58        C 1.913e-06 sat 0 eps 0.0490  desc/C 0.501 0.249 0.124  bad m=1 7.85e-05 m=2 1.56e-03 (via N 0.00e+00)  B90 2 B99 2 of 4
L4 L4_86065     C 1.694e-06 sat 0 eps 0.0477  desc/C 0.394 0.073 0  bad m=1 0.00e+00 m=2 nan (via N 0.00e+00)  B90 0 B99 0 of 0
L4 L4_86103     C 1.485e-06 sat 0 eps 0.0496  desc/C 0.317 0.113 0  bad m=1 0.00e+00 m=2 nan (via N 0.00e+00)  B90 0 B99 0 of 0
L3 L3_27198     C 1.457e-06 sat 0 eps 0.1808  desc/C 0.0145 0.0463 0.00301  bad m=1 0.00e+00 m=2 4.01e-04 (via N 0.00e+00)  B90 1 B99 1 of 1
L3 L3_380662    C 1.379e-06 sat 0 eps 0.0416  desc/C 0.0333 0.019 0.00328  bad m=1 0.00e+00 m=2 2.78e-02 (via N 0.00e+00)  B90 2 B99 2 of 2
L1 L1_18        C 1.352e-06 sat 0 eps 1.0000  desc/C 0.0132 0.000547 1.61e-06  bad m=1 0.00e+00 m=2 0.00e+00 (via N 0.00e+00)  B90 0 B99 0 of 0
L1 L1_19        C 1.352e-06 sat 0 eps 1.0000  desc/C 0 0 0  bad m=1 nan m=2 nan (via N 0.00e+00)  B90 0 B99 0 of 0
L1 L1_21        C 1.017e-06 sat 0 eps 1.0000  desc/C 0.345 0.0648 0.000312  bad m=1 4.42e-04 m=2 1.80e-02 (via N 0.00e+00)  B90 2 B99 2 of 2
L1 L1_20        C 1.017e-06 sat 0 eps 1.0000  desc/C 0 0 0  bad m=1 nan m=2 nan (via N 0.00e+00)  B90 0 B99 0 of 0
L3 L3_27173     C 9.954e-07 sat 0 eps 0.0423  desc/C 1.53 2.34 0.198  bad m=1 9.64e-01 m=2 7.74e-01 (via N 3.94e-05)  B90 1 B99 2 of 5
L2 L2_74        C 9.691e-07 sat 0 eps 0.0420  desc/C 0.00849 0.0175 0.00311  bad m=1 6.26e-04 m=2 6.68e-03 (via N 0.00e+00)  B90 2 B99 2 of 2
L3 L3_141080    C 9.582e-07 sat 0 eps 0.0405  desc/C 0.0879 0.0146 0.00247  bad m=1 0.00e+00 m=2 0.00e+00 (via N 0.00e+00)  B90 0 B99 0 of 0
L3 L3_14740     C 9.568e-07 sat 0 eps 0.1147  desc/C 0.0963 0.689 0.141  bad m=1 0.00e+00 m=2 0.00e+00 (via N 0.00e+00)  B90 0 B99 0 of 0
L3 L3_27116     C 9.437e-07 sat 0 eps 0.0407  desc/C 0.502 0.251 0.057  bad m=1 0.00e+00 m=2 3.18e-04 (via N 0.00e+00)  B90 2 B99 2 of 2
L1 L1_23        C 8.261e-07 sat 0 eps 1.0000  desc/C 0 0 0  bad m=1 nan m=2 nan (via N 0.00e+00)  B90 0 B99 0 of 0
L1 L1_22        C 8.261e-07 sat 0 eps 1.0000  desc/C 0.0116 0.000965 9.34e-05  bad m=1 0.00e+00 m=2 0.00e+00 (via N 0.00e+00)  B90 0 B99 0 of 0
L2 L2_171       C 8.101e-07 sat 0 eps 0.3045  desc/C 0.107 0.0948 0.0134  bad m=1 0.00e+00 m=2 2.00e-03 (via N 0.00e+00)  B90 2 B99 2 of 2
L2 L2_79        C 7.521e-07 sat 0 eps 0.0389  desc/C 0.152 0.000585 4.33e-05  bad m=1 2.67e-02 m=2 2.19e-01 (via N 0.00e+00)  B90 2 B99 2 of 2
L1 L1_25        C 7.039e-07 sat 0 eps 1.0000  desc/C 0.125 0.0896 0.0127  bad m=1 7.71e-05 m=2 1.68e-03 (via N 0.00e+00)  B90 1 B99 2 of 2
L1 L1_24        C 7.039e-07 sat 0 eps 1.0000  desc/C 0 0 0  bad m=1 nan m=2 nan (via N 0.00e+00)  B90 0 B99 0 of 0
L4 L4_118574    C 6.712e-07 sat 0 eps 0.0361  desc/C 0.239 0.155 0  bad m=1 5.38e-01 m=2 nan (via N 0.00e+00)  B90 1 B99 1 of 3
L1 L1_27        C 6.537e-07 sat 0 eps 1.0000  desc/C 0 0 0  bad m=1 nan m=2 nan (via N 0.00e+00)  B90 0 B99 0 of 0
L1 L1_26        C 6.537e-07 sat 0 eps 1.0000  desc/C 0.0403 0.00274 0.000339  bad m=1 6.29e-04 m=2 0.00e+00 (via N 0.00e+00)  B90 1 B99 1 of 1
L4 L4_269502    C 6.387e-07 sat 0 eps 0.0259  desc/C 0.471 0.0377 0  bad m=1 4.16e-01 m=2 nan (via N 0.00e+00)  B90 2 B99 2 of 2
L2 L2_70        C 6.380e-07 sat 0 eps 0.0374  desc/C 0.155 0.000673 4.36e-05  bad m=1 1.19e-02 m=2 3.77e-02 (via N 0.00e+00)  B90 2 B99 2 of 2
L3 L3_27148     C 5.967e-07 sat 0 eps 0.0314  desc/C 0.218 0.494 0.0303  bad m=1 6.15e-02 m=2 9.63e-01 (via N 1.13e-04)  B90 1 B99 2 of 5
L3 L3_27146     C 5.664e-07 sat 0 eps 0.0316  desc/C 0.0328 0.0392 0.00482  bad m=1 0.00e+00 m=2 7.70e-04 (via N 0.00e+00)  B90 1 B99 1 of 1
L1 L1_29        C 5.661e-07 sat 0 eps 1.0000  desc/C 0.707 0.442 0.267  bad m=1 1.73e-04 m=2 2.65e-04 (via N 0.00e+00)  B90 2 B99 2 of 2
L1 L1_28        C 5.661e-07 sat 0 eps 1.0000  desc/C 0 0 0  bad m=1 nan m=2 nan (via N 0.00e+00)  B90 0 B99 0 of 0
L4 L4_68590     C 5.365e-07 sat 0 eps 0.0895  desc/C 0.295 0.0496 0  bad m=1 0.00e+00 m=2 nan (via N 0.00e+00)  B90 0 B99 0 of 0
L1 L1_31        C 4.898e-07 sat 0 eps 1.0000  desc/C 0 0 0  bad m=1 nan m=2 nan (via N 0.00e+00)  B90 0 B99 0 of 0
L1 L1_30        C 4.898e-07 sat 0 eps 1.0000  desc/C 0.0249 0.000931 0  bad m=1 0.00e+00 m=2 nan (via N 0.00e+00)  B90 0 B99 0 of 0
L2 L2_179       C 4.872e-07 sat 0 eps 0.2633  desc/C 1.17 0.0478 0.0473  bad m=1 0.00e+00 m=2 7.49e-04 (via N 0.00e+00)  B90 1 B99 1 of 1
L2 L2_267       C 4.843e-07 sat 0 eps 0.3025  desc/C 0.282 1.39 0.345  bad m=1 0.00e+00 m=2 3.56e-04 (via N 0.00e+00)  B90 1 B99 2 of 2
L3 L3_141068    C 4.708e-07 sat 0 eps 0.0316  desc/C 0.0965 0.00943 0.00137  bad m=1 3.64e-03 m=2 0.00e+00 (via N 0.00e+00)  B90 1 B99 1 of 1
L4 L4_86050     C 4.673e-07 sat 0 eps 0.0342  desc/C 0.503 0.115 0  bad m=1 0.00e+00 m=2 nan (via N 0.00e+00)  B90 0 B99 0 of 0
L4 L4_154857    C 4.574e-07 sat 0 eps 0.0351  desc/C 1.45 0.202 0  bad m=1 4.66e-01 m=2 nan (via N 2.53e-05)  B90 2 B99 2 of 4
L3 L3_141099    C 4.556e-07 sat 0 eps 0.0354  desc/C 3.27 1.04 0.369  bad m=1 0.00e+00 m=2 2.86e-04 (via N 0.00e+00)  B90 1 B99 1 of 1
L3 L3_27171     C 3.978e-07 sat 0 eps 0.0299  desc/C 0.0271 0.0162 0.0127  bad m=1 0.00e+00 m=2 0.00e+00 (via N 0.00e+00)  B90 0 B99 0 of 0
L2 L2_181       C 3.975e-07 sat 0 eps 0.2996  desc/C 0.0637 0.00571 0.00132  bad m=1 0.00e+00 m=2 3.44e-03 (via N 0.00e+00)  B90 1 B99 1 of 1
L2 L2_49        C 3.960e-07 sat 0 eps 0.0332  desc/C 0.631 0.382 0.225  bad m=1 1.12e-05 m=2 2.66e-04 (via N 0.00e+00)  B90 2 B99 2 of 2
L2 L2_274       C 3.819e-07 sat 0 eps 0.2648  desc/C 1.9 0.345 0.772  bad m=1 1.20e-01 m=2 6.17e-02 (via N 5.94e-05)  B90 1 B99 2 of 5
L2 L2_137       C 3.758e-07 sat 0 eps 0.1186  desc/C 0.0811 0.00623 0.000695  bad m=1 3.03e-02 m=2 1.69e-02 (via N 0.00e+00)  B90 2 B99 2 of 2
L2 L2_56        C 3.488e-07 sat 0 eps 0.0323  desc/C 0.188 0.000861 8.08e-05  bad m=1 3.36e-03 m=2 0.00e+00 (via N 0.00e+00)  B90 1 B99 1 of 1
L1 L1_32        C 3.054e-07 sat 0 eps 1.0000  desc/C 0.0128 0.000629 0  bad m=1 0.00e+00 m=2 nan (via N 0.00e+00)  B90 0 B99 0 of 0
L1 L1_33        C 3.054e-07 sat 0 eps 1.0000  desc/C 0 0 0  bad m=1 nan m=2 nan (via N 0.00e+00)  B90 0 B99 0 of 0
L1 L1_34        C 2.936e-07 sat 0 eps 1.0000  desc/C 0 0 0  bad m=1 nan m=2 nan (via N 0.00e+00)  B90 0 B99 0 of 0
L1 L1_35        C 2.936e-07 sat 0 eps 1.0000  desc/C 0.539 0.127 0.000623  bad m=1 1.18e-04 m=2 0.00e+00 (via N 0.00e+00)  B90 2 B99 2 of 2
L2 L2_84        C 2.915e-07 sat 0 eps 0.0309  desc/C 0.293 0.00101 6.48e-05  bad m=1 5.27e-02 m=2 1.83e-01 (via N 0.00e+00)  B90 2 B99 2 of 2
L4 L4_86083     C 2.627e-07 sat 0 eps 0.0300  desc/C 0.0939 0.0196 0  bad m=1 0.00e+00 m=2 nan (via N 0.00e+00)  B90 0 B99 0 of 0
L1 L1_37        C 2.608e-07 sat 0 eps 1.0000  desc/C 0.141 0.0155 2.28e-05  bad m=1 1.36e-03 m=2 0.00e+00 (via N 0.00e+00)  B90 1 B99 1 of 1
L1 L1_36        C 2.608e-07 sat 0 eps 1.0000  desc/C 0 0 0  bad m=1 nan m=2 nan (via N 0.00e+00)  B90 0 B99 0 of 0
L3 L3_27142     C 2.470e-07 sat 0 eps 0.0292  desc/C 0.61 0.36 0.0978  bad m=1 0.00e+00 m=2 4.42e-05 (via N 0.00e+00)  B90 1 B99 1 of 1
L3 L3_27183     C 2.378e-07 sat 0 eps 0.0879  desc/C 22.5 0.572 0.841  bad m=1 9.52e-01 m=2 9.55e-01 (via N 3.40e-06)  B90 1 B99 1 of 4
L4 L4_118575    C 2.319e-07 sat 0 eps 0.0232  desc/C 0.267 0.065 0  bad m=1 0.00e+00 m=2 nan (via N 0.00e+00)  B90 0 B99 0 of 0
L4 L4_86122     C 2.219e-07 sat 0 eps 0.0300  desc/C 0.481 0.232 0  bad m=1 0.00e+00 m=2 nan (via N 0.00e+00)  B90 0 B99 0 of 0
L4 L4_154886    C 2.087e-07 sat 0 eps 0.0314  desc/C 0.627 0.956 0  bad m=1 8.14e-01 m=2 nan (via N 0.00e+00)  B90 1 B99 1 of 4
L2 L2_75        C 1.941e-07 sat 0 eps 0.0285  desc/C 0.0268 0.00309 0.000644  bad m=1 0.00e+00 m=2 0.00e+00 (via N 0.00e+00)  B90 0 B99 0 of 0
L1 L1_39        C 1.860e-07 sat 0 eps 1.0000  desc/C 0 0 0  bad m=1 nan m=2 nan (via N 0.00e+00)  B90 0 B99 0 of 0
L1 L1_38        C 1.860e-07 sat 0 eps 1.0000  desc/C 0.00607 0.000798 5.13e-05  bad m=1 0.00e+00 m=2 0.00e+00 (via N 0.00e+00)  B90 0 B99 0 of 0
L4 L4_224236    C 1.593e-07 sat 0 eps 0.0242  desc/C 0.0195 0.00944 0  bad m=1 0.00e+00 m=2 nan (via N 0.00e+00)  B90 0 B99 0 of 0
L3 L3_27214     C 1.583e-07 sat 0 eps 0.1094  desc/C 0.0166 0.0508 0.00458  bad m=1 0.00e+00 m=2 0.00e+00 (via N 0.00e+00)  B90 0 B99 0 of 0
L2 L2_8006      C 1.575e-07 sat 0 eps 0.0266  desc/C 0.236 0.00112 0.000111  bad m=1 0.00e+00 m=2 0.00e+00 (via N 0.00e+00)  B90 0 B99 0 of 0
L3 L3_27236     C 1.526e-07 sat 0 eps 0.0838  desc/C 5.75 4.76 0.693  bad m=1 2.55e-01 m=2 8.22e-01 (via N 4.25e-04)  B90 3 B99 3 of 15
L3 L3_294848    C 1.512e-07 sat 0 eps 0.0270  desc/C 0.0677 0.017 0.00482  bad m=1 0.00e+00 m=2 0.00e+00 (via N 0.00e+00)  B90 0 B99 0 of 0
L4 L4_86033     C 1.488e-07 sat 0 eps 0.0257  desc/C 0.597 0.162 0  bad m=1 0.00e+00 m=2 nan (via N 0.00e+00)  B90 0 B99 0 of 0
L4 L4_145706    C 1.445e-07 sat 0 eps 0.0246  desc/C 74.8 6.13 0  bad m=1 8.59e-01 m=2 nan (via N 5.46e-06)  B90 1 B99 2 of 5
L4 L4_123268    C 1.294e-07 sat 0 eps 0.0222  desc/C 0.0597 0.065 0  bad m=1 1.23e-02 m=2 nan (via N 0.00e+00)  B90 2 B99 3 of 3
L3 L3_27125     C 1.282e-07 sat 0 eps 0.0237  desc/C 5.25 1.3 0.814  bad m=1 2.31e-04 m=2 5.37e-01 (via N 0.00e+00)  B90 1 B99 1 of 2
L1 L1_43        C 1.275e-07 sat 0 eps 1.0000  desc/C 0.00754 0.00129 0.000217  bad m=1 0.00e+00 m=2 0.00e+00 (via N 0.00e+00)  B90 0 B99 0 of 0
L1 L1_42        C 1.275e-07 sat 0 eps 1.0000  desc/C 0 0 0  bad m=1 nan m=2 nan (via N 0.00e+00)  B90 0 B99 0 of 0
L1 L1_40        C 1.257e-07 sat 0 eps 1.0000  desc/C 0 0 0  bad m=1 nan m=2 nan (via N 0.00e+00)  B90 0 B99 0 of 0
L1 L1_41        C 1.257e-07 sat 0 eps 1.0000  desc/C 0.836 0.614 0.425  bad m=1 0.00e+00 m=2 8.81e-05 (via N 0.00e+00)  B90 1 B99 1 of 1
L2 L2_354       C 1.257e-07 sat 0 eps 0.2312  desc/C 0.2 0.0374 0.0221  bad m=1 0.00e+00 m=2 0.00e+00 (via N 0.00e+00)  B90 0 B99 0 of 0
L3 L3_27130     C 1.256e-07 sat 0 eps 0.0269  desc/C 0.104 0.0111 0.000944  bad m=1 0.00e+00 m=2 0.00e+00 (via N 0.00e+00)  B90 0 B99 0 of 0
L3 L3_141074    C 1.238e-07 sat 0 eps 0.0277  desc/C 0.0893 0.0154 0.00291  bad m=1 0.00e+00 m=2 5.30e-02 (via N 0.00e+00)  B90 1 B99 1 of 1
L4 L4_28224     C 1.139e-07 sat 0 eps 0.0586  desc/C 0.156 1.09 0  bad m=1 0.00e+00 m=2 nan (via N 0.00e+00)  B90 0 B99 0 of 0
L3 L3_27150     C 1.126e-07 sat 0 eps 0.0240  desc/C 0.00253 0.000229 0  bad m=1 0.00e+00 m=2 nan (via N 0.00e+00)  B90 0 B99 0 of 0
L2 L2_19708     C 1.098e-07 sat 0 eps 0.0246  desc/C 0.0452 0.000109 0  bad m=1 0.00e+00 m=2 nan (via N 0.00e+00)  B90 0 B99 0 of 0
L4 L4_68616     C 1.077e-07 sat 0 eps 0.0973  desc/C 0.666 0.011 0  bad m=1 0.00e+00 m=2 nan (via N 0.00e+00)  B90 0 B99 0 of 0
L3 L3_27230     C 1.068e-07 sat 0 eps 0.0862  desc/C 0.0172 0.0656 0.0176  bad m=1 0.00e+00 m=2 0.00e+00 (via N 0.00e+00)  B90 0 B99 0 of 0
L2 L2_39        C 1.042e-07 sat 0 eps 0.0239  desc/C 0.739 0.513 0.494  bad m=1 0.00e+00 m=2 2.52e-05 (via N 0.00e+00)  B90 1 B99 1 of 1
L3 L3_294849    C 1.041e-07 sat 0 eps 0.0254  desc/C 0.0433 0.00867 0.00221  bad m=1 0.00e+00 m=2 0.00e+00 (via N 0.00e+00)  B90 0 B99 0 of 0
L3 L3_149634    C 9.756e-08 sat 0 eps 0.0233  desc/C 0.00299 0.00025 0  bad m=1 0.00e+00 m=2 nan (via N 0.00e+00)  B90 0 B99 0 of 0
L4 L4_28215     C 9.658e-08 sat 0 eps 0.0839  desc/C 8.75 0.296 0  bad m=1 4.63e-01 m=2 nan (via N 0.00e+00)  B90 2 B99 3 of 6
L1 L1_45        C 9.433e-08 sat 0 eps 1.0000  desc/C 0.707 0.206 0.00106  bad m=1 0.00e+00 m=2 0.00e+00 (via N 0.00e+00)  B90 0 B99 0 of 0
L1 L1_44        C 9.433e-08 sat 0 eps 1.0000  desc/C 0 0 0  bad m=1 nan m=2 nan (via N 0.00e+00)  B90 0 B99 0 of 0
L1 L1_46        C 9.357e-08 sat 0 eps 1.0000  desc/C 0.00827 0.00413 1.6e-05  bad m=1 0.00e+00 m=2 0.00e+00 (via N 0.00e+00)  B90 0 B99 0 of 0
L1 L1_47        C 9.357e-08 sat 0 eps 1.0000  desc/C 0 0 0  bad m=1 nan m=2 nan (via N 0.00e+00)  B90 0 B99 0 of 0
L4 L4_123286    C 9.329e-08 sat 0 eps 0.0211  desc/C 0.305 0.126 0  bad m=1 0.00e+00 m=2 nan (via N 0.00e+00)  B90 0 B99 0 of 0
L3 L3_149662    C 8.791e-08 sat 0 eps 0.0233  desc/C 2.53 1.22 0.585  bad m=1 0.00e+00 m=2 1.55e-04 (via N 0.00e+00)  B90 2 B99 2 of 2
L3 L3_27191     C 8.556e-08 sat 0 eps 0.0826  desc/C 0.196 0.0219 0.00295  bad m=1 0.00e+00 m=2 7.88e-02 (via N 0.00e+00)  B90 1 B99 1 of 1
L1 L1_49        C 8.438e-08 sat 0 eps 1.0000  desc/C 0 0 0  bad m=1 nan m=2 nan (via N 0.00e+00)  B90 0 B99 0 of 0
L1 L1_48        C 8.438e-08 sat 0 eps 1.0000  desc/C 0.013 0.000499 0  bad m=1 0.00e+00 m=2 nan (via N 0.00e+00)  B90 0 B99 0 of 0
L3 L3_27174     C 8.424e-08 sat 0 eps 0.0224  desc/C 0.00223 0.000184 0  bad m=1 0.00e+00 m=2 nan (via N 0.00e+00)  B90 0 B99 0 of 0
L2 L2_59        C 8.354e-08 sat 0 eps 0.0226  desc/C 0.754 0.107 0.0223  bad m=1 0.00e+00 m=2 0.00e+00 (via N 0.00e+00)  B90 0 B99 0 of 0
L2 L2_364       C 8.224e-08 sat 0 eps 0.2299  desc/C 0.15 0.0126 0.00572  bad m=1 0.00e+00 m=2 0.00e+00 (via N 0.00e+00)  B90 0 B99 0 of 0
L3 L3_27129     C 7.640e-08 sat 0 eps 0.0219  desc/C 0.698 0.674 0.149  bad m=1 0.00e+00 m=2 0.00e+00 (via N 0.00e+00)  B90 0 B99 0 of 0
L1 L1_51        C 7.530e-08 sat 0 eps 1.0000  desc/C 0 0 0  bad m=1 nan m=2 nan (via N 0.00e+00)  B90 0 B99 0 of 0
L1 L1_50        C 7.530e-08 sat 0 eps 1.0000  desc/C 0.0364 0.00139 0  bad m=1 0.00e+00 m=2 nan (via N 0.00e+00)  B90 0 B99 0 of 0
L4 L4_145721    C 7.408e-08 sat 0 eps 0.0214  desc/C 8.13 0.493 0  bad m=1 9.36e-01 m=2 nan (via N 9.13e-04)  B90 1 B99 3 of 10
L2 L2_156       C 7.383e-08 sat 0 eps 0.0808  desc/C 0.0255 0.00195 0  bad m=1 0.00e+00 m=2 nan (via N 0.00e+00)  B90 0 B99 0 of 0
L3 L3_27170     C 7.301e-08 sat 0 eps 0.0224  desc/C 0.13 0.0353 0.00706  bad m=1 0.00e+00 m=2 3.63e-03 (via N 0.00e+00)  B90 1 B99 1 of 1
L2 L2_277       C 7.219e-08 sat 0 eps 0.2179  desc/C 0.143 0.00251 0.0134  bad m=1 0.00e+00 m=2 0.00e+00 (via N 0.00e+00)  B90 0 B99 0 of 0
L4 L4_77226     C 7.132e-08 sat 0 eps 0.0198  desc/C 0.117 0.0238 0  bad m=1 0.00e+00 m=2 nan (via N 0.00e+00)  B90 0 B99 0 of 0
L2 L2_7985      C 6.647e-08 sat 0 eps 0.0215  desc/C 0.292 0.00149 0.000166  bad m=1 0.00e+00 m=2 0.00e+00 (via N 0.00e+00)  B90 0 B99 0 of 0
L3 L3_27196     C 6.521e-08 sat 0 eps 0.0716  desc/C 0.131 0.158 0.0256  bad m=1 0.00e+00 m=2 0.00e+00 (via N 0.00e+00)  B90 0 B99 0 of 0
L3 L3_141036    C 6.480e-08 sat 0 eps 0.0211  desc/C 0.0036 0.000413 0  bad m=1 0.00e+00 m=2 nan (via N 0.00e+00)  B90 0 B99 0 of 0
L2 L2_623       C 6.368e-08 sat 0 eps 0.2927  desc/C 0.119 0.0592 0.00873  bad m=1 0.00e+00 m=2 0.00e+00 (via N 0.00e+00)  B90 0 B99 0 of 0
L3 L3_221388    C 6.231e-08 sat 0 eps 0.0212  desc/C 0.143 0.0298 0.00829  bad m=1 0.00e+00 m=2 0.00e+00 (via N 0.00e+00)  B90 0 B99 0 of 0
L3 L3_14958     C 5.790e-08 sat 0 eps 0.1360  desc/C 0.251 0.398 0.0736  bad m=1 0.00e+00 m=2 0.00e+00 (via N 0.00e+00)  B90 0 B99 0 of 0
L2 L2_157       C 5.709e-08 sat 0 eps 0.0804  desc/C 0.0348 0.00279 0.000368  bad m=1 0.00e+00 m=2 0.00e+00 (via N 0.00e+00)  B90 0 B99 0 of 0
L2 L2_445       C 5.694e-08 sat 0 eps 0.2274  desc/C 0.193 0.113 0.0475  bad m=1 0.00e+00 m=2 0.00e+00 (via N 0.00e+00)  B90 0 B99 0 of 0
L4 L4_28136     C 5.528e-08 sat 0 eps 0.0156  desc/C 0.937 0.318 0  bad m=1 9.49e-01 m=2 nan (via N 4.92e-04)  B90 2 B99 2 of 4
L4 L4_118578    C 5.502e-08 sat 0 eps 0.0152  desc/C 11.9 2.31 0  bad m=1 0.00e+00 m=2 nan (via N 0.00e+00)  B90 0 B99 0 of 0
L1 L1_53        C 5.423e-08 sat 0 eps 1.0000  desc/C 0.0343 0.00337 0.000658  bad m=1 0.00e+00 m=2 0.00e+00 (via N 0.00e+00)  B90 0 B99 0 of 0
L1 L1_52        C 5.423e-08 sat 0 eps 1.0000  desc/C 0 0 0  bad m=1 nan m=2 nan (via N 0.00e+00)  B90 0 B99 0 of 0
L1 L1_55        C 5.386e-08 sat 0 eps 1.0000  desc/C 0 0 0  bad m=1 nan m=2 nan (via N 0.00e+00)  B90 0 B99 0 of 0
L1 L1_54        C 5.386e-08 sat 0 eps 1.0000  desc/C 0.0202 0.000524 0  bad m=1 0.00e+00 m=2 nan (via N 0.00e+00)  B90 0 B99 0 of 0
L2 L2_361       C 5.350e-08 sat 0 eps 0.1939  desc/C 0.0717 0.0617 0.0163  bad m=1 0.00e+00 m=2 0.00e+00 (via N 0.00e+00)  B90 0 B99 0 of 0
L4 L4_86007     C 5.309e-08 sat 0 eps 0.0199  desc/C 0.969 0.214 0  bad m=1 0.00e+00 m=2 nan (via N 0.00e+00)  B90 0 B99 0 of 0
L4 L4_68515     C 5.198e-08 sat 0 eps 0.0206  desc/C 0.584 0.336 0  bad m=1 0.00e+00 m=2 nan (via N 0.00e+00)  B90 0 B99 0 of 0
L3 L3_141072    C 5.195e-08 sat 0 eps 0.0179  desc/C 0.0191 0.0101 0.00321  bad m=1 0.00e+00 m=2 0.00e+00 (via N 0.00e+00)  B90 0 B99 0 of 0
L2 L2_76        C 4.955e-08 sat 0 eps 0.0202  desc/C 0.0513 0.00604 0.000946  bad m=1 0.00e+00 m=2 0.00e+00 (via N 0.00e+00)  B90 0 B99 0 of 0
L4 L4_118595    C 4.781e-08 sat 0 eps 0.0159  desc/C 47.8 3.61 0  bad m=1 2.44e-01 m=2 nan (via N 3.16e-05)  B90 2 B99 2 of 7
L1 L1_56        C 4.729e-08 sat 0 eps 1.0000  desc/C 0 0 0  bad m=1 nan m=2 nan (via N 0.00e+00)  B90 0 B99 0 of 0
L1 L1_57        C 4.729e-08 sat 0 eps 1.0000  desc/C 0.0817 0.0473 0.00589  bad m=1 0.00e+00 m=2 0.00e+00 (via N 0.00e+00)  B90 0 B99 0 of 0
L3 L3_141086    C 4.718e-08 sat 0 eps 0.0201  desc/C 0.0733 0.0255 0.00999  bad m=1 0.00e+00 m=2 0.00e+00 (via N 0.00e+00)  B90 0 B99 0 of 0
L1 L1_58        C 4.651e-08 sat 0 eps 1.0000  desc/C 0.0103 0.000402 0  bad m=1 0.00e+00 m=2 nan (via N 0.00e+00)  B90 0 B99 0 of 0
L1 L1_59        C 4.651e-08 sat 0 eps 1.0000  desc/C 0 0 0  bad m=1 nan m=2 nan (via N 0.00e+00)  B90 0 B99 0 of 0
L4 L4_137317    C 4.468e-08 sat 0 eps 0.0184  desc/C 1.08 0.358 0  bad m=1 5.25e-01 m=2 nan (via N 0.00e+00)  B90 1 B99 1 of 3
L1 L1_60        C 4.198e-08 sat 0 eps 1.0000  desc/C 0 0 0  bad m=1 nan m=2 nan (via N 0.00e+00)  B90 0 B99 0 of 0
L1 L1_61        C 4.198e-08 sat 0 eps 1.0000  desc/C 0.27 0.328 0.0742  bad m=1 0.00e+00 m=2 0.00e+00 (via N 0.00e+00)  B90 0 B99 0 of 0
L2 L2_65        C 4.194e-08 sat 0 eps 0.0192  desc/C 0.144 0.014 0.00231  bad m=1 0.00e+00 m=2 0.00e+00 (via N 0.00e+00)  B90 0 B99 0 of 0
L4 L4_86108     C 4.147e-08 sat 0 eps 0.0199  desc/C 0.116 0.0205 0  bad m=1 0.00e+00 m=2 nan (via N 0.00e+00)  B90 0 B99 0 of 0
L2 L2_19713     C 4.128e-08 sat 0 eps 0.0192  desc/C 0.00366 0 0  bad m=1 nan m=2 nan (via N 0.00e+00)  B90 0 B99 0 of 0
L1 L1_62        C 4.058e-08 sat 0 eps 1.0000  desc/C 0.0217 0.00101 0  bad m=1 0.00e+00 m=2 nan (via N 0.00e+00)  B90 0 B99 0 of 0
L1 L1_63        C 4.058e-08 sat 0 eps 1.0000  desc/C 0 0 0  bad m=1 nan m=2 nan (via N 0.00e+00)  B90 0 B99 0 of 0
L4 L4_172600    C 4.001e-08 sat 0 eps 0.0187  desc/C 0.163 0.0354 0  bad m=1 0.00e+00 m=2 nan (via N 0.00e+00)  B90 0 B99 0 of 0
L1 L1_65        C 3.996e-08 sat 0 eps 1.0000  desc/C 0 0 0  bad m=1 nan m=2 nan (via N 0.00e+00)  B90 0 B99 0 of 0
L1 L1_64        C 3.996e-08 sat 0 eps 1.0000  desc/C 0.0511 0.00358 0.000431  bad m=1 0.00e+00 m=2 0.00e+00 (via N 0.00e+00)  B90 0 B99 0 of 0
L2 L2_14604     C 3.811e-08 sat 0 eps 0.1589  desc/C 0.35 0.259 0.0201  bad m=1 0.00e+00 m=2 7.14e-02 (via N 0.00e+00)  B90 1 B99 1 of 1
L2 L2_612       C 3.789e-08 sat 0 eps 0.2557  desc/C 0.719 0.0363 0.0228  bad m=1 0.00e+00 m=2 0.00e+00 (via N 0.00e+00)  B90 0 B99 0 of 0
L3 L3_202426    C 3.679e-08 sat 0 eps 0.0185  desc/C 0.00398 0.000477 0  bad m=1 0.00e+00 m=2 nan (via N 0.00e+00)  B90 0 B99 0 of 0
L2 L2_172       C 3.657e-08 sat 0 eps 0.1591  desc/C 0.541 0.0327 0.0114  bad m=1 0.00e+00 m=2 0.00e+00 (via N 0.00e+00)  B90 0 B99 0 of 0
L4 L4_118577    C 3.651e-08 sat 0 eps 0.0136  desc/C 0.0527 0.204 0  bad m=1 0.00e+00 m=2 nan (via N 0.00e+00)  B90 0 B99 0 of 0
L2 L2_7983      C 3.638e-08 sat 0 eps 0.0185  desc/C 0.98 0.00271 0.000166  bad m=1 0.00e+00 m=2 0.00e+00 (via N 0.00e+00)  B90 0 B99 0 of 0
L1 L1_66        C 3.589e-08 sat 0 eps 1.0000  desc/C 0 0 0  bad m=1 nan m=2 nan (via N 0.00e+00)  B90 0 B99 0 of 0
L1 L1_67        C 3.589e-08 sat 0 eps 1.0000  desc/C 0.924 0.758 0.584  bad m=1 0.00e+00 m=2 0.00e+00 (via N 0.00e+00)  B90 0 B99 0 of 0
L2 L2_83        C 3.567e-08 sat 0 eps 0.0184  desc/C 0.113 0.000135 0  bad m=1 0.00e+00 m=2 nan (via N 0.00e+00)  B90 0 B99 0 of 0
L3 L3_149629    C 3.540e-08 sat 0 eps 0.0181  desc/C 0.0021 0.000171 0  bad m=1 0.00e+00 m=2 nan (via N 0.00e+00)  B90 0 B99 0 of 0
L4 L4_28080     C 3.477e-08 sat 0 eps 0.0175  desc/C 0.123 0.0222 0  bad m=1 0.00e+00 m=2 nan (via N 0.00e+00)  B90 0 B99 0 of 0
L1 L1_71        C 3.418e-08 sat 0 eps 1.0000  desc/C 0 0 0  bad m=1 nan m=2 nan (via N 0.00e+00)  B90 0 B99 0 of 0
L1 L1_70        C 3.418e-08 sat 0 eps 1.0000  desc/C 0.0202 0.00107 0  bad m=1 0.00e+00 m=2 nan (via N 0.00e+00)  B90 0 B99 0 of 0
L4 L4_137334    C 3.398e-08 sat 0 eps 0.0166  desc/C 0.0324 0.00754 0  bad m=1 0.00e+00 m=2 nan (via N 0.00e+00)  B90 0 B99 0 of 0
L1 L1_72        C 3.396e-08 sat 0 eps 1.0000  desc/C 0 0 0  bad m=1 nan m=2 nan (via N 0.00e+00)  B90 0 B99 0 of 0
L1 L1_73        C 3.396e-08 sat 0 eps 1.0000  desc/C 0.831 0.292 0.00147  bad m=1 0.00e+00 m=2 0.00e+00 (via N 0.00e+00)  B90 0 B99 0 of 0
L1 L1_68        C 3.389e-08 sat 0 eps 1.0000  desc/C 0 0 0  bad m=1 nan m=2 nan (via N 0.00e+00)  B90 0 B99 0 of 0
L1 L1_69        C 3.389e-08 sat 0 eps 1.0000  desc/C 0.0792 0.0121 5.36e-05  bad m=1 0.00e+00 m=2 0.00e+00 (via N 0.00e+00)  B90 0 B99 0 of 0
L2 L2_441       C 3.364e-08 sat 0 eps 0.2202  desc/C 0.202 0.0674 0.0233  bad m=1 0.00e+00 m=2 0.00e+00 (via N 0.00e+00)  B90 0 B99 0 of 0
L2 L2_790       C 3.353e-08 sat 0 eps 0.2901  desc/C 1.55 1.73 1.45  bad m=1 2.25e-01 m=2 6.31e-01 (via N 0.00e+00)  B90 1 B99 1 of 3
L1 L1_75        C 3.331e-08 sat 0 eps 1.0000  desc/C 0 0 0  bad m=1 nan m=2 nan (via N 0.00e+00)  B90 0 B99 0 of 0
L1 L1_74        C 3.331e-08 sat 0 eps 1.0000  desc/C 0.0107 0.000258 0  bad m=1 0.00e+00 m=2 nan (via N 0.00e+00)  B90 0 B99 0 of 0
L4 L4_145745    C 3.329e-08 sat 0 eps 0.0183  desc/C 2.65 0.473 0  bad m=1 6.38e-01 m=2 nan (via N 0.00e+00)  B90 1 B99 2 of 3
L2 L2_30        C 3.294e-08 sat 0 eps 0.0179  desc/C 0.825 0.636 0.22  bad m=1 0.00e+00 m=2 0.00e+00 (via N 0.00e+00)  B90 0 B99 0 of 0
L4 L4_68520     C 3.245e-08 sat 0 eps 0.0143  desc/C 0.0219 0.0876 0  bad m=1 0.00e+00 m=2 nan (via N 0.00e+00)  B90 0 B99 0 of 0
L3 L3_380658    C 3.180e-08 sat 0 eps 0.0159  desc/C 2.37 0.315 0.0646  bad m=1 0.00e+00 m=2 3.48e-03 (via N 0.00e+00)  B90 2 B99 2 of 2
L2 L2_533       C 3.123e-08 sat 0 eps 0.2276  desc/C 0.134 0.0439 0.00852  bad m=1 3.48e-02 m=2 0.00e+00 (via N 0.00e+00)  B90 2 B99 3 of 3
L3 L3_380681    C 3.112e-08 sat 0 eps 0.0177  desc/C 1.77 1.49 0.46  bad m=1 8.74e-01 m=2 6.32e-01 (via N 6.78e-05)  B90 1 B99 1 of 4
L4 L4_28217     C 3.014e-08 sat 0 eps 0.0746  desc/C 0.892 0.0175 0  bad m=1 0.00e+00 m=2 nan (via N 0.00e+00)  B90 0 B99 0 of 0
L3 L3_141069    C 2.890e-08 sat 0 eps 0.0170  desc/C 0.063 0.00913 0.00147  bad m=1 0.00e+00 m=2 0.00e+00 (via N 0.00e+00)  B90 0 B99 0 of 0
L4 L4_172611    C 2.855e-08 sat 0 eps 0.0170  desc/C 0.00315 0.000309 0  bad m=1 0.00e+00 m=2 nan (via N 0.00e+00)  B90 0 B99 0 of 0
L2 L2_7992      C 2.815e-08 sat 0 eps 0.0174  desc/C 0.351 0.00177 0.000211  bad m=1 0.00e+00 m=2 0.00e+00 (via N 0.00e+00)  B90 0 B99 0 of 0
L2 L2_614       C 2.771e-08 sat 0 eps 0.2767  desc/C 0.0578 0.00515 0.000747  bad m=1 0.00e+00 m=2 0.00e+00 (via N 0.00e+00)  B90 0 B99 0 of 0
L1 L1_76        C 2.760e-08 sat 0 eps 1.0000  desc/C 0.0131 0.00121 5.7e-05  bad m=1 0.00e+00 m=2 0.00e+00 (via N 0.00e+00)  B90 0 B99 0 of 0
L1 L1_77        C 2.760e-08 sat 0 eps 1.0000  desc/C 0 0 0  bad m=1 nan m=2 nan (via N 0.00e+00)  B90 0 B99 0 of 0
L3 L3_27357     C 2.711e-08 sat 0 eps 0.1276  desc/C 0.248 1.51 0.479  bad m=1 0.00e+00 m=2 0.00e+00 (via N 0.00e+00)  B90 0 B99 0 of 0
L3 L3_370516    C 2.706e-08 sat 0 eps 0.0150  desc/C 0.0345 0.0297 0.00377  bad m=1 0.00e+00 m=2 0.00e+00 (via N 0.00e+00)  B90 0 B99 0 of 0
L3 L3_68118     C 2.698e-08 sat 0 eps 0.0169  desc/C 0.775 0.268 0.208  bad m=1 0.00e+00 m=2 0.00e+00 (via N 0.00e+00)  B90 0 B99 0 of 0
L2 L2_440       C 2.685e-08 sat 0 eps 0.1929  desc/C 0.325 0.11 0.0541  bad m=1 0.00e+00 m=2 0.00e+00 (via N 0.00e+00)  B90 0 B99 0 of 0
L4 L4_28220     C 2.650e-08 sat 0 eps 0.0600  desc/C 0.2 0.0491 0  bad m=1 0.00e+00 m=2 nan (via N 0.00e+00)  B90 0 B99 0 of 0
L3 L3_141057    C 2.617e-08 sat 0 eps 0.0163  desc/C 0.0753 0.00924 0.0014  bad m=1 0.00e+00 m=2 0.00e+00 (via N 0.00e+00)  B90 0 B99 0 of 0
L4 L4_86117     C 2.610e-08 sat 0 eps 0.0166  desc/C 0.00239 0.000282 0  bad m=1 0.00e+00 m=2 nan (via N 0.00e+00)  B90 0 B99 0 of 0
L3 L3_370529    C 2.609e-08 sat 0 eps 0.0145  desc/C 5.01 0.516 0.361  bad m=1 6.24e-02 m=2 1.57e-02 (via N 5.15e-05)  B90 3 B99 4 of 6
L4 L4_28221     C 2.575e-08 sat 0 eps 0.0454  desc/C 5 5.31 0  bad m=1 3.50e-01 m=2 nan (via N 0.00e+00)  B90 1 B99 1 of 1
L2 L2_124       C 2.482e-08 sat 0 eps 0.0610  desc/C 0.0969 0.00865 0.00104  bad m=1 0.00e+00 m=2 0.00e+00 (via N 0.00e+00)  B90 0 B99 0 of 0
L3 L3_149672    C 2.462e-08 sat 0 eps 0.0169  desc/C 2.12 1.23 0.711  bad m=1 0.00e+00 m=2 0.00e+00 (via N 0.00e+00)  B90 0 B99 0 of 0
L4 L4_154862    C 2.451e-08 sat 0 eps 0.0165  desc/C 0.00286 0.000354 0  bad m=1 0.00e+00 m=2 nan (via N 0.00e+00)  B90 0 B99 0 of 0
L4 L4_28236     C 2.424e-08 sat 0 eps 0.0486  desc/C 0.0642 0.872 0  bad m=1 5.31e-04 m=2 nan (via N 0.00e+00)  B90 2 B99 2 of 2
L4 L4_86252     C 2.394e-08 sat 0 eps 0.0596  desc/C 51.3 1.77 0  bad m=1 8.94e-01 m=2 nan (via N 9.83e-05)  B90 1 B99 2 of 8
L3 L3_221500    C 2.353e-08 sat 0 eps 0.0629  desc/C 0.0261 0.00585 0  bad m=1 0.00e+00 m=2 nan (via N 0.00e+00)  B90 0 B99 0 of 0
L4 L4_28225     C 2.348e-08 sat 0 eps 0.0437  desc/C 0.14 0.591 0  bad m=1 8.48e-03 m=2 nan (via N 0.00e+00)  B90 2 B99 6 of 6
L3 L3_27266     C 2.339e-08 sat 0 eps 0.0650  desc/C 0.0197 0.0023 0  bad m=1 0.00e+00 m=2 nan (via N 0.00e+00)  B90 0 B99 0 of 0
L2 L2_529       C 2.291e-08 sat 0 eps 0.2317  desc/C 0.0506 0.0166 0.00302  bad m=1 0.00e+00 m=2 0.00e+00 (via N 0.00e+00)  B90 0 B99 0 of 0
L1 L1_78        C 2.291e-08 sat 0 eps 1.0000  desc/C 0 0 0  bad m=1 nan m=2 nan (via N 0.00e+00)  B90 0 B99 0 of 0
L1 L1_79        C 2.291e-08 sat 0 eps 1.0000  desc/C 0.154 0.0165 0  bad m=1 0.00e+00 m=2 nan (via N 0.00e+00)  B90 0 B99 0 of 0
L4 L4_28104     C 2.214e-08 sat 0 eps 0.0121  desc/C 0.237 0.33 0  bad m=1 3.76e-01 m=2 nan (via N 0.00e+00)  B90 1 B99 2 of 3
L3 L3_149638    C 2.206e-08 sat 0 eps 0.0164  desc/C 0.249 0.0273 0.0104  bad m=1 0.00e+00 m=2 0.00e+00 (via N 0.00e+00)  B90 0 B99 0 of 0
L2 L2_62        C 2.194e-08 sat 0 eps 0.0163  desc/C 0.0761 0.0101 0.00205  bad m=1 0.00e+00 m=2 0.00e+00 (via N 0.00e+00)  B90 0 B99 0 of 0
L2 L2_43        C 2.123e-08 sat 0 eps 0.0163  desc/C 0.0259 0.00269 0  bad m=1 0.00e+00 m=2 nan (via N 0.00e+00)  B90 0 B99 0 of 0
L4 L4_85999     C 2.084e-08 sat 0 eps 0.0158  desc/C 0.346 0.269 0  bad m=1 0.00e+00 m=2 nan (via N 0.00e+00)  B90 0 B99 0 of 0
L4 L4_86224     C 2.045e-08 sat 0 eps 0.0589  desc/C 0.29 0.0562 0  bad m=1 0.00e+00 m=2 nan (via N 0.00e+00)  B90 0 B99 0 of 0
L4 L4_218457    C 1.985e-08 sat 0 eps 0.0148  desc/C 0.144 0.0265 0  bad m=1 0.00e+00 m=2 nan (via N 0.00e+00)  B90 0 B99 0 of 0
L1 L1_80        C 1.976e-08 sat 0 eps 1.0000  desc/C 0 0 0  bad m=1 nan m=2 nan (via N 0.00e+00)  B90 0 B99 0 of 0
L1 L1_81        C 1.976e-08 sat 0 eps 1.0000  desc/C 0.362 0.0893 0  bad m=1 0.00e+00 m=2 nan (via N 0.00e+00)  B90 0 B99 0 of 0
L3 L3_27341     C 1.937e-08 sat 0 eps 0.1094  desc/C 1.15 0.282 0.382  bad m=1 6.84e-01 m=2 3.71e-01 (via N 0.00e+00)  B90 1 B99 1 of 1
L3 L3_58891     C 1.927e-08 sat 0 eps 0.0158  desc/C 0.00435 0.000573 0  bad m=1 0.00e+00 m=2 nan (via N 0.00e+00)  B90 0 B99 0 of 0
L3 L3_141092    C 1.922e-08 sat 0 eps 0.0155  desc/C 0.0454 0.018 0.00477  bad m=1 0.00e+00 m=2 0.00e+00 (via N 0.00e+00)  B90 0 B99 0 of 0
L1 L1_82        C 1.874e-08 sat 0 eps 1.0000  desc/C 0.0186 0.000704 0  bad m=1 0.00e+00 m=2 nan (via N 0.00e+00)  B90 0 B99 0 of 0
L1 L1_83        C 1.874e-08 sat 0 eps 1.0000  desc/C 0 0 0  bad m=1 nan m=2 nan (via N 0.00e+00)  B90 0 B99 0 of 0
L2 L2_695       C 1.865e-08 sat 0 eps 0.2357  desc/C 0.235 0.207 0.0888  bad m=1 0.00e+00 m=2 0.00e+00 (via N 0.00e+00)  B90 0 B99 0 of 0
L3 L3_221365    C 1.784e-08 sat 0 eps 0.0138  desc/C 5.24 1.6 0.663  bad m=1 0.00e+00 m=2 0.00e+00 (via N 0.00e+00)  B90 0 B99 0 of 0
L4 L4_287063    C 1.766e-08 sat 0 eps 0.0153  desc/C 0.00329 0.000414 0  bad m=1 0.00e+00 m=2 nan (via N 0.00e+00)  B90 0 B99 0 of 0
L3 L3_27394     C 1.735e-08 sat 0 eps 0.1053  desc/C 0.141 0.487 0.244  bad m=1 0.00e+00 m=2 0.00e+00 (via N 0.00e+00)  B90 0 B99 0 of 0
L4 L4_211639    C 1.724e-08 sat 0 eps 0.0151  desc/C 1.08 2.54 0  bad m=1 9.90e-01 m=2 nan (via N 0.00e+00)  B90 1 B99 1 of 3
L3 L3_27267     C 1.666e-08 sat 0 eps 0.1377  desc/C 0.105 0.0166 0.00204  bad m=1 0.00e+00 m=2 0.00e+00 (via N 0.00e+00)  B90 0 B99 0 of 0
L3 L3_27343     C 1.649e-08 sat 0 eps 0.1471  desc/C 0.472 0.125 0.0312  bad m=1 0.00e+00 m=2 0.00e+00 (via N 0.00e+00)  B90 0 B99 0 of 0
L3 L3_370528    C 1.646e-08 sat 0 eps 0.0134  desc/C 0.235 0.147 0.0399  bad m=1 0.00e+00 m=2 0.00e+00 (via N 0.00e+00)  B90 0 B99 0 of 0
L4 L4_123301    C 1.624e-08 sat 0 eps 0.0153  desc/C 0.653 0.418 0  bad m=1 0.00e+00 m=2 nan (via N 0.00e+00)  B90 0 B99 0 of 0
L4 L4_197220    C 1.607e-08 sat 0 eps 0.0130  desc/C 1.11 0.137 0  bad m=1 0.00e+00 m=2 nan (via N 0.00e+00)  B90 0 B99 0 of 0
L4 L4_154843    C 1.586e-08 sat 0 eps 0.0145  desc/C 0.102 0.0145 0  bad m=1 0.00e+00 m=2 nan (via N 0.00e+00)  B90 0 B99 0 of 0
L3 L3_27132     C 1.560e-08 sat 0 eps 0.0146  desc/C 0.0507 0.00834 0.00146  bad m=1 0.00e+00 m=2 0.00e+00 (via N 0.00e+00)  B90 0 B99 0 of 0
L4 L4_154945    C 1.541e-08 sat 0 eps 0.0594  desc/C 0.61 0.0296 0  bad m=1 0.00e+00 m=2 nan (via N 0.00e+00)  B90 0 B99 0 of 0
L2 L2_72        C 1.519e-08 sat 0 eps 0.0150  desc/C 0.0379 0 0  bad m=1 nan m=2 nan (via N 0.00e+00)  B90 0 B99 0 of 0
L4 L4_438133    C 1.514e-08 sat 0 eps 0.0151  desc/C 0.192 0.0491 0  bad m=1 0.00e+00 m=2 nan (via N 0.00e+00)  B90 0 B99 0 of 0
L3 L3_141053    C 1.494e-08 sat 0 eps 0.0156  desc/C 0.102 0.031 0.0055  bad m=1 0.00e+00 m=2 0.00e+00 (via N 0.00e+00)  B90 0 B99 0 of 0
L1 L1_84        C 1.459e-08 sat 0 eps 1.0000  desc/C 0 0 0  bad m=1 nan m=2 nan (via N 0.00e+00)  B90 0 B99 0 of 0
L1 L1_85        C 1.459e-08 sat 0 eps 1.0000  desc/C 0.233 0.0131 0  bad m=1 0.00e+00 m=2 nan (via N 0.00e+00)  B90 0 B99 0 of 0
L4 L4_118594    C 1.452e-08 sat 0 eps 0.0138  desc/C 20.2 1.23 0  bad m=1 2.95e-02 m=2 nan (via N 6.39e-05)  B90 2 B99 2 of 3
L3 L3_27117     C 1.434e-08 sat 0 eps 0.0144  desc/C 0.0489 0.00755 0.00139  bad m=1 0.00e+00 m=2 0.00e+00 (via N 0.00e+00)  B90 0 B99 0 of 0
L1 L1_87        C 1.415e-08 sat 0 eps 1.0000  desc/C 0 0 0  bad m=1 nan m=2 nan (via N 0.00e+00)  B90 0 B99 0 of 0
L1 L1_86        C 1.415e-08 sat 0 eps 1.0000  desc/C 0.0505 0.00188 0  bad m=1 0.00e+00 m=2 nan (via N 0.00e+00)  B90 0 B99 0 of 0
L4 L4_551598    C 1.405e-08 sat 0 eps 0.0508  desc/C 0.0398 0.00195 0  bad m=1 0.00e+00 m=2 nan (via N 0.00e+00)  B90 0 B99 0 of 0
L3 L3_141058    C 1.368e-08 sat 0 eps 0.0144  desc/C 0.227 0.0632 0.021  bad m=1 0.00e+00 m=2 0.00e+00 (via N 0.00e+00)  B90 0 B99 0 of 0
L1 L1_89        C 1.359e-08 sat 0 eps 1.0000  desc/C 0.915 0.373 0.00194  bad m=1 0.00e+00 m=2 0.00e+00 (via N 0.00e+00)  B90 0 B99 0 of 0
L1 L1_88        C 1.359e-08 sat 0 eps 1.0000  desc/C 0 0 0  bad m=1 nan m=2 nan (via N 0.00e+00)  B90 0 B99 0 of 0
L1 L1_91        C 1.334e-08 sat 0 eps 1.0000  desc/C 0 0 0  bad m=1 nan m=2 nan (via N 0.00e+00)  B90 0 B99 0 of 0
L1 L1_90        C 1.334e-08 sat 0 eps 1.0000  desc/C 0.0221 0.00247 0  bad m=1 0.00e+00 m=2 nan (via N 0.00e+00)  B90 0 B99 0 of 0
L4 L4_86067     C 1.329e-08 sat 0 eps 0.0139  desc/C 0.0737 0.0118 0  bad m=1 0.00e+00 m=2 nan (via N 0.00e+00)  B90 0 B99 0 of 0
L3 L3_380652    C 1.322e-08 sat 0 eps 0.0136  desc/C 4.36 3.67 1.21  bad m=1 6.31e-01 m=2 5.25e-01 (via N 0.00e+00)  B90 1 B99 1 of 4
L4 L4_137359    C 1.320e-08 sat 0 eps 0.0143  desc/C 3.17 1.82 0  bad m=1 9.12e-01 m=2 nan (via N 0.00e+00)  B90 1 B99 1 of 1
L3 L3_27318     C 1.314e-08 sat 0 eps 0.0931  desc/C 0.154 0.32 0.0605  bad m=1 0.00e+00 m=2 0.00e+00 (via N 0.00e+00)  B90 0 B99 0 of 0
L3 L3_27245     C 1.293e-08 sat 0 eps 0.0429  desc/C 0.139 0.45 0.0914  bad m=1 3.00e-02 m=2 4.68e-02 (via N 0.00e+00)  B90 2 B99 2 of 2
L2 L2_16        C 1.240e-08 sat 0 eps 0.0142  desc/C 0.408 0.00212 0.000275  bad m=1 0.00e+00 m=2 0.00e+00 (via N 0.00e+00)  B90 0 B99 0 of 0
L1 L1_92        C 1.234e-08 sat 0 eps 1.0000  desc/C 0 0 0  bad m=1 nan m=2 nan (via N 0.00e+00)  B90 0 B99 0 of 0
L1 L1_93        C 1.234e-08 sat 0 eps 1.0000  desc/C 0.982 0.869 0.728  bad m=1 0.00e+00 m=2 0.00e+00 (via N 0.00e+00)  B90 0 B99 0 of 0
L1 L1_94        C 1.228e-08 sat 0 eps 1.0000  desc/C 0 0 0  bad m=1 nan m=2 nan (via N 0.00e+00)  B90 0 B99 0 of 0
L1 L1_95        C 1.228e-08 sat 0 eps 1.0000  desc/C 0.206 0.0386 0.00849  bad m=1 0.00e+00 m=2 0.00e+00 (via N 0.00e+00)  B90 0 B99 0 of 0
L3 L3_141085    C 1.213e-08 sat 0 eps 0.0134  desc/C 0.389 0.109 0.0305  bad m=1 0.00e+00 m=2 0.00e+00 (via N 0.00e+00)  B90 0 B99 0 of 0
L2 L2_21        C 1.205e-08 sat 0 eps 0.0140  desc/C 0.889 0.746 0.292  bad m=1 0.00e+00 m=2 0.00e+00 (via N 0.00e+00)  B90 0 B99 0 of 0
L3 L3_149599    C 1.196e-08 sat 0 eps 0.0132  desc/C 0.207 0.25 0.285  bad m=1 0.00e+00 m=2 0.00e+00 (via N 0.00e+00)  B90 0 B99 0 of 0
L4 L4_77244     C 1.187e-08 sat 0 eps 0.0126  desc/C 1.91 0.255 0  bad m=1 0.00e+00 m=2 nan (via N 0.00e+00)  B90 0 B99 0 of 0
L2 L2_530       C 1.175e-08 sat 0 eps 0.1870  desc/C 0.286 0.0301 0.0094  bad m=1 0.00e+00 m=2 0.00e+00 (via N 0.00e+00)  B90 0 B99 0 of 0
L2 L2_19703     C 1.171e-08 sat 0 eps 0.0139  desc/C 0.0361 0 0  bad m=1 nan m=2 nan (via N 0.00e+00)  B90 0 B99 0 of 0
L4 L4_68469     C 1.167e-08 sat 0 eps 0.0106  desc/C 1.97 0.35 0  bad m=1 0.00e+00 m=2 nan (via N 0.00e+00)  B90 0 B99 0 of 0
L4 L4_118582    C 1.165e-08 sat 0 eps 0.0111  desc/C 0.03 0.0736 0  bad m=1 0.00e+00 m=2 nan (via N 0.00e+00)  B90 0 B99 0 of 0
L3 L3_370544    C 1.150e-08 sat 0 eps 0.0115  desc/C 0.573 0.457 0.223  bad m=1 2.11e-01 m=2 4.36e-01 (via N 0.00e+00)  B90 1 B99 2 of 2
L3 L3_149632    C 1.146e-08 sat 0 eps 0.0136  desc/C 0.0493 0.00842 0.00153  bad m=1 0.00e+00 m=2 0.00e+00 (via N 0.00e+00)  B90 0 B99 0 of 0
L2 L2_8143      C 1.133e-08 sat 0 eps 0.1172  desc/C 0.1 0.00925 0.00191  bad m=1 0.00e+00 m=2 0.00e+00 (via N 0.00e+00)  B90 0 B99 0 of 0
L4 L4_200748    C 1.131e-08 sat 0 eps 0.0137  desc/C 0.00357 0.000482 0  bad m=1 0.00e+00 m=2 nan (via N 0.00e+00)  B90 0 B99 0 of 0
L4 L4_108744    C 1.131e-08 sat 0 eps 0.0114  desc/C 4.01 1.24 0  bad m=1 3.73e-01 m=2 nan (via N 1.32e-04)  B90 1 B99 2 of 4
L3 L3_340500    C 1.111e-08 sat 0 eps 0.0126  desc/C 0.88 0.069 0.0171  bad m=1 7.14e-02 m=2 2.09e-02 (via N 0.00e+00)  B90 1 B99 1 of 1
L1 L1_96        C 1.107e-08 sat 0 eps 1.0000  desc/C 0 0 0  bad m=1 nan m=2 nan (via N 0.00e+00)  B90 0 B99 0 of 0
L1 L1_97        C 1.107e-08 sat 0 eps 1.0000  desc/C 0.123 0.0126 0.00312  bad m=1 0.00e+00 m=2 0.00e+00 (via N 0.00e+00)  B90 0 B99 0 of 0
L2 L2_51        C 1.101e-08 sat 0 eps 0.0137  desc/C 1.25 0.283 0.0785  bad m=1 0.00e+00 m=2 0.00e+00 (via N 0.00e+00)  B90 0 B99 0 of 0
L3 L3_68111     C 1.065e-08 sat 0 eps 0.0135  desc/C 0.843 0.33 0.271  bad m=1 0.00e+00 m=2 0.00e+00 (via N 0.00e+00)  B90 0 B99 0 of 0
L3 L3_388973    C 1.063e-08 sat 0 eps 0.0135  desc/C 0.0021 0.000305 0  bad m=1 0.00e+00 m=2 nan (via N 0.00e+00)  B90 0 B99 0 of 0
L3 L3_27210     C 1.057e-08 sat 0 eps 0.0489  desc/C 0.144 0.0165 0.00212  bad m=1 0.00e+00 m=2 0.00e+00 (via N 0.00e+00)  B90 0 B99 0 of 0
L1 L1_99        C 1.036e-08 sat 0 eps 1.0000  desc/C 0 0 0  bad m=1 nan m=2 nan (via N 0.00e+00)  B90 0 B99 0 of 0
L1 L1_98        C 1.036e-08 sat 0 eps 1.0000  desc/C 0.0132 0.00136 0.000123  bad m=1 0.00e+00 m=2 0.00e+00 (via N 0.00e+00)  B90 0 B99 0 of 0
L4 L4_328179    C 1.017e-08 sat 0 eps 0.0138  desc/C 0.634 0.382 0  bad m=1 2.24e-01 m=2 nan (via N 0.00e+00)  B90 1 B99 2 of 2
L2 L2_703       C 1.002e-08 sat 0 eps 0.2249  desc/C 0.287 0.183 0.0666  bad m=1 0.00e+00 m=2 0.00e+00 (via N 0.00e+00)  B90 0 B99 0 of 0
L4 L4_384200    C 9.956e-09 sat 0 eps 0.0137  desc/C 0.253 0.0733 0  bad m=1 0.00e+00 m=2 nan (via N 0.00e+00)  B90 0 B99 0 of 0
L4 L4_28312     C 9.860e-09 sat 0 eps 0.0755  desc/C 0.429 0.716 0  bad m=1 0.00e+00 m=2 nan (via N 0.00e+00)  B90 0 B99 0 of 0
L3 L3_58884     C 9.822e-09 sat 0 eps 0.0134  desc/C 0.00447 0.000604 0  bad m=1 0.00e+00 m=2 nan (via N 0.00e+00)  B90 0 B99 0 of 0
L3 L3_370523    C 9.756e-09 sat 0 eps 0.0118  desc/C 0.64 0.273 0.141  bad m=1 0.00e+00 m=2 0.00e+00 (via N 0.00e+00)  B90 0 B99 0 of 0
L4 L4_68519     C 9.679e-09 sat 0 eps 0.0093  desc/C 0.105 0.0944 0  bad m=1 3.57e-01 m=2 nan (via N 0.00e+00)  B90 1 B99 2 of 2
L2 L2_82        C 9.629e-09 sat 0 eps 0.0133  desc/C 0.0416 0.0186 0.00681  bad m=1 0.00e+00 m=2 0.00e+00 (via N 0.00e+00)  B90 0 B99 0 of 0
L2 L2_702       C 9.628e-09 sat 0 eps 0.2025  desc/C 0.5 0.168 0.117  bad m=1 0.00e+00 m=2 0.00e+00 (via N 0.00e+00)  B90 0 B99 0 of 0
L4 L4_123288    C 9.464e-09 sat 0 eps 0.0117  desc/C 0.197 0.0785 0  bad m=1 0.00e+00 m=2 nan (via N 0.00e+00)  B90 0 B99 0 of 0
L2 L2_1052      C 9.440e-09 sat 0 eps 0.2879  desc/C 0.134 0.0494 0.00543  bad m=1 0.00e+00 m=2 0.00e+00 (via N 0.00e+00)  B90 0 B99 0 of 0
L3 L3_855350    C 9.354e-09 sat 0 eps 0.0126  desc/C 0.111 0.0105 0  bad m=1 0.00e+00 m=2 nan (via N 0.00e+00)  B90 0 B99 0 of 0
L3 L3_294832    C 9.258e-09 sat 0 eps 0.0142  desc/C 0.0146 0.104 0.0237  bad m=1 0.00e+00 m=2 0.00e+00 (via N 0.00e+00)  B90 0 B99 0 of 0
L2 L2_789       C 9.192e-09 sat 0 eps 0.2106  desc/C 1.31 0.272 0.326  bad m=1 0.00e+00 m=2 0.00e+00 (via N 0.00e+00)  B90 0 B99 0 of 0
L3 L3_27143     C 9.097e-09 sat 0 eps 0.0130  desc/C 0.045 0.00577 0  bad m=1 0.00e+00 m=2 nan (via N 0.00e+00)  B90 0 B99 0 of 0
L4 L4_172599    C 8.961e-09 sat 0 eps 0.0138  desc/C 0.168 0.0355 0  bad m=1 0.00e+00 m=2 nan (via N 0.00e+00)  B90 0 B99 0 of 0
L4 L4_85983     C 8.948e-09 sat 0 eps 0.0128  desc/C 0.392 0.323 0  bad m=1 0.00e+00 m=2 nan (via N 0.00e+00)  B90 0 B99 0 of 0
L4 L4_137340    C 8.892e-09 sat 0 eps 0.0128  desc/C 0.00414 0.000553 0  bad m=1 0.00e+00 m=2 nan (via N 0.00e+00)  B90 0 B99 0 of 0
L2 L2_153       C 8.847e-09 sat 0 eps 0.0474  desc/C 0.0762 0.00308 0  bad m=1 0.00e+00 m=2 nan (via N 0.00e+00)  B90 0 B99 0 of 0
L3 L3_27145     C 8.766e-09 sat 0 eps 0.0128  desc/C 0.0963 0.0489 0.0258  bad m=1 0.00e+00 m=2 0.00e+00 (via N 0.00e+00)  B90 0 B99 0 of 0
L3 L3_149679    C 8.640e-09 sat 0 eps 0.0130  desc/C 0.71 0.498 0.345  bad m=1 0.00e+00 m=2 0.00e+00 (via N 0.00e+00)  B90 0 B99 0 of 0
L1 L1_100       C 8.594e-09 sat 0 eps 1.0000  desc/C 0.00776 0 0  bad m=1 nan m=2 nan (via N 0.00e+00)  B90 0 B99 0 of 0
L1 L1_101       C 8.594e-09 sat 0 eps 1.0000  desc/C 0 0 0  bad m=1 nan m=2 nan (via N 0.00e+00)  B90 0 B99 0 of 0
L3 L3_384378    C 8.579e-09 sat 0 eps 0.0117  desc/C 0.331 0.168 0.0744  bad m=1 0.00e+00 m=2 0.00e+00 (via N 0.00e+00)  B90 0 B99 0 of 0
L3 L3_27319     C 8.536e-09 sat 0 eps 0.0880  desc/C 1.37 0.0756 0.104  bad m=1 3.99e-02 m=2 1.46e-03 (via N 0.00e+00)  B90 2 B99 2 of 2
L3 L3_27120     C 8.534e-09 sat 0 eps 0.0115  desc/C 0.0964 0.0409 0.0067  bad m=1 0.00e+00 m=2 0.00e+00 (via N 0.00e+00)  B90 0 B99 0 of 0
L1 L1_103       C 8.421e-09 sat 0 eps 1.0000  desc/C 0.000473 0.00141 0  bad m=1 0.00e+00 m=2 nan (via N 0.00e+00)  B90 0 B99 0 of 0
L1 L1_102       C 8.421e-09 sat 0 eps 1.0000  desc/C 0 0 0  bad m=1 nan m=2 nan (via N 0.00e+00)  B90 0 B99 0 of 0
L4 L4_398845    C 8.373e-09 sat 0 eps 0.0129  desc/C 0.221 0.0617 0  bad m=1 0.00e+00 m=2 nan (via N 0.00e+00)  B90 0 B99 0 of 0
L3 L3_27208     C 8.140e-09 sat 0 eps 0.0405  desc/C 3.49 2.33 5.39  bad m=1 2.81e-01 m=2 1.17e-02 (via N 3.24e-05)  B90 2 B99 3 of 7
L2 L2_392       C 8.065e-09 sat 0 eps 0.1368  desc/C 0.0792 0.00525 0.00189  bad m=1 0.00e+00 m=2 0.00e+00 (via N 0.00e+00)  B90 0 B99 0 of 0
L4 L4_366784    C 7.975e-09 sat 0 eps 0.0102  desc/C 0.167 0.0174 0  bad m=1 0.00e+00 m=2 nan (via N 0.00e+00)  B90 0 B99 0 of 0
L3 L3_380659    C 7.967e-09 sat 0 eps 0.0118  desc/C 0.138 0.0205 0.000127  bad m=1 0.00e+00 m=2 0.00e+00 (via N 0.00e+00)  B90 0 B99 0 of 0
L2 L2_1144      C 7.685e-09 sat 0 eps 0.2888  desc/C 0.175 0.553 0.121  bad m=1 0.00e+00 m=2 0.00e+00 (via N 0.00e+00)  B90 0 B99 0 of 0
L1 L1_107       C 7.611e-09 sat 0 eps 1.0000  desc/C 0 0 0  bad m=1 nan m=2 nan (via N 0.00e+00)  B90 0 B99 0 of 0
L1 L1_106       C 7.611e-09 sat 0 eps 1.0000  desc/C 0.0151 0.000559 0  bad m=1 0.00e+00 m=2 nan (via N 0.00e+00)  B90 0 B99 0 of 0
L3 L3_131252    C 7.596e-09 sat 0 eps 0.1080  desc/C 0.112 0.0115 0.00231  bad m=1 0.00e+00 m=2 0.00e+00 (via N 0.00e+00)  B90 0 B99 0 of 0
L1 L1_105       C 7.574e-09 sat 0 eps 1.0000  desc/C 0.171 0.0374 0.000188  bad m=1 0.00e+00 m=2 0.00e+00 (via N 0.00e+00)  B90 0 B99 0 of 0
L1 L1_104       C 7.574e-09 sat 0 eps 1.0000  desc/C 0 0 0  bad m=1 nan m=2 nan (via N 0.00e+00)  B90 0 B99 0 of 0
L4 L4_218438    C 7.518e-09 sat 0 eps 0.0132  desc/C 0.264 0.0682 0  bad m=1 0.00e+00 m=2 nan (via N 0.00e+00)  B90 0 B99 0 of 0
L1 L1_109       C 7.488e-09 sat 0 eps 1.0000  desc/C 0 0 0  bad m=1 nan m=2 nan (via N 0.00e+00)  B90 0 B99 0 of 0
L1 L1_108       C 7.488e-09 sat 0 eps 1.0000  desc/C 0.0167 0.000411 0  bad m=1 0.00e+00 m=2 nan (via N 0.00e+00)  B90 0 B99 0 of 0
L3 L3_370515    C 7.400e-09 sat 0 eps 0.0107  desc/C 0.107 0.19 0.0313  bad m=1 0.00e+00 m=2 0.00e+00 (via N 0.00e+00)  B90 0 B99 0 of 0
L2 L2_220       C 7.366e-09 sat 0 eps 0.1041  desc/C 0.0512 0.0034 0  bad m=1 0.00e+00 m=2 nan (via N 0.00e+00)  B90 0 B99 0 of 0
L2 L2_158       C 7.236e-09 sat 0 eps 0.0469  desc/C 0.137 0.0135 0  bad m=1 0.00e+00 m=2 nan (via N 0.00e+00)  B90 0 B99 0 of 0
L2 L2_19690     C 7.042e-09 sat 0 eps 0.0123  desc/C 0.25 0 0  bad m=1 nan m=2 nan (via N 0.00e+00)  B90 0 B99 0 of 0
L2 L2_14416     C 6.968e-09 sat 0 eps 0.0123  desc/C 0.817 0.11 0.0611  bad m=1 0.00e+00 m=2 0.00e+00 (via N 0.00e+00)  B90 0 B99 0 of 0
L4 L4_59549     C 6.764e-09 sat 0 eps 0.0121  desc/C 0.00389 0.000552 0  bad m=1 0.00e+00 m=2 nan (via N 0.00e+00)  B90 0 B99 0 of 0
L1 L1_111       C 6.707e-09 sat 0 eps 1.0000  desc/C 0 0 0  bad m=1 nan m=2 nan (via N 0.00e+00)  B90 0 B99 0 of 0
L1 L1_110       C 6.707e-09 sat 0 eps 1.0000  desc/C 0.0193 0.000709 0  bad m=1 0.00e+00 m=2 nan (via N 0.00e+00)  B90 0 B99 0 of 0
L4 L4_172583    C 6.421e-09 sat 0 eps 0.0127  desc/C 0.133 0.00723 0  bad m=1 0.00e+00 m=2 nan (via N 0.00e+00)  B90 0 B99 0 of 0
L4 L4_28143     C 6.421e-09 sat 0 eps 0.0108  desc/C 0.457 0.252 0  bad m=1 0.00e+00 m=2 nan (via N 0.00e+00)  B90 0 B99 0 of 0
L1 L1_113       C 6.357e-09 sat 0 eps 1.0000  desc/C 0.0648 0.0343 0.00398  bad m=1 0.00e+00 m=2 0.00e+00 (via N 0.00e+00)  B90 0 B99 0 of 0
L1 L1_112       C 6.357e-09 sat 0 eps 1.0000  desc/C 0 0 0  bad m=1 nan m=2 nan (via N 0.00e+00)  B90 0 B99 0 of 0
L3 L3_156038    C 6.314e-09 sat 0 eps 0.0118  desc/C 0.355 0.124 0.0512  bad m=1 0.00e+00 m=2 0.00e+00 (via N 0.00e+00)  B90 0 B99 0 of 0
L4 L4_28249     C 6.307e-09 sat 0 eps 0.0434  desc/C 2.03 0.0208 0  bad m=1 0.00e+00 m=2 nan (via N 0.00e+00)  B90 0 B99 0 of 0
L4 L4_137351    C 6.217e-09 sat 0 eps 0.0105  desc/C 0.42 0.22 0  bad m=1 0.00e+00 m=2 nan (via N 0.00e+00)  B90 0 B99 0 of 0
L4 L4_218510    C 6.116e-09 sat 0 eps 0.0120  desc/C 0.702 0.487 0  bad m=1 0.00e+00 m=2 nan (via N 0.00e+00)  B90 0 B99 0 of 0
L3 L3_27149     C 6.081e-09 sat 0 eps 0.0106  desc/C 0.0458 0.0631 0.0709  bad m=1 0.00e+00 m=2 0.00e+00 (via N 0.00e+00)  B90 0 B99 0 of 0
L3 L3_149644    C 6.066e-09 sat 0 eps 0.0116  desc/C 0.0456 0.00624 0.000238  bad m=1 0.00e+00 m=2 0.00e+00 (via N 0.00e+00)  B90 0 B99 0 of 0
L2 L2_968       C 6.045e-09 sat 0 eps 0.2458  desc/C 0.27 0.297 0.139  bad m=1 0.00e+00 m=2 0.00e+00 (via N 0.00e+00)  B90 0 B99 0 of 0
L3 L3_149595    C 6.035e-09 sat 0 eps 0.0110  desc/C 0.114 0.0178 0.00384  bad m=1 0.00e+00 m=2 0.00e+00 (via N 0.00e+00)  B90 0 B99 0 of 0
L2 L2_19710     C 6.008e-09 sat 0 eps 0.0118  desc/C 0.0462 0 0  bad m=1 nan m=2 nan (via N 0.00e+00)  B90 0 B99 0 of 0
L2 L2_1226      C 5.975e-09 sat 0 eps 0.2871  desc/C 0.103 0.0842 0.0125  bad m=1 0.00e+00 m=2 0.00e+00 (via N 0.00e+00)  B90 0 B99 0 of 0
L1 L1_115       C 5.963e-09 sat 0 eps 1.0000  desc/C 0.968 0.445 0.00221  bad m=1 0.00e+00 m=2 0.00e+00 (via N 0.00e+00)  B90 0 B99 0 of 0
L1 L1_114       C 5.963e-09 sat 0 eps 1.0000  desc/C 0 0 0  bad m=1 nan m=2 nan (via N 0.00e+00)  B90 0 B99 0 of 0
L4 L4_68578     C 5.813e-09 sat 0 eps 0.0329  desc/C 0.258 0.568 0  bad m=1 0.00e+00 m=2 nan (via N 0.00e+00)  B90 0 B99 0 of 0
L2 L2_7967      C 5.754e-09 sat 0 eps 0.0117  desc/C 0.461 0.00229 0.000228  bad m=1 0.00e+00 m=2 0.00e+00 (via N 0.00e+00)  B90 0 B99 0 of 0
L3 L3_141073    C 5.660e-09 sat 0 eps 0.0117  desc/C 0.102 0.0171 0.00505  bad m=1 0.00e+00 m=2 0.00e+00 (via N 0.00e+00)  B90 0 B99 0 of 0
L3 L3_141167    C 5.624e-09 sat 0 eps 0.0448  desc/C 0.0517 0.00389 0  bad m=1 0.00e+00 m=2 nan (via N 0.00e+00)  B90 0 B99 0 of 0
L3 L3_27419     C 5.600e-09 sat 0 eps 0.0911  desc/C 0.284 0.0346 0.0457  bad m=1 0.00e+00 m=2 0.00e+00 (via N 0.00e+00)  B90 0 B99 0 of 0
L4 L4_68501     C 5.583e-09 sat 0 eps 0.0118  desc/C 0.213 0.0288 0  bad m=1 0.00e+00 m=2 nan (via N 0.00e+00)  B90 0 B99 0 of 0
L3 L3_141094    C 5.577e-09 sat 0 eps 0.0117  desc/C 0.137 0.0763 0.041  bad m=1 0.00e+00 m=2 0.00e+00 (via N 0.00e+00)  B90 0 B99 0 of 0
L3 L3_27112     C 5.571e-09 sat 0 eps 0.0102  desc/C 0.0166 0.00983 0  bad m=1 0.00e+00 m=2 nan (via N 0.00e+00)  B90 0 B99 0 of 0
L2 L2_1065      C 5.556e-09 sat 0 eps 0.2526  desc/C 0.56 0.0312 0.0108  bad m=1 0.00e+00 m=2 0.00e+00 (via N 0.00e+00)  B90 0 B99 0 of 0
L3 L3_27285     C 5.329e-09 sat 0 eps 0.0994  desc/C 10.4 0.526 0.359  bad m=1 9.16e-01 m=2 9.72e-01 (via N 2.52e-03)  B90 3 B99 3 of 7
L4 L4_309657    C 5.280e-09 sat 0 eps 0.0114  desc/C 0.108 0.0437 0  bad m=1 0.00e+00 m=2 nan (via N 0.00e+00)  B90 0 B99 0 of 0
L4 L4_280232    C 5.276e-09 sat 0 eps 0.0093  desc/C 7.77 2.46 0  bad m=1 0.00e+00 m=2 nan (via N 0.00e+00)  B90 0 B99 0 of 0
L2 L2_877       C 5.210e-09 sat 0 eps 0.2420  desc/C 0.223 0.0628 0.00768  bad m=1 7.46e-01 m=2 1.00e+00 (via N 1.11e-02)  B90 1 B99 4 of 4
L3 L3_27373     C 5.209e-09 sat 0 eps 0.1040  desc/C 0.0169 0.219 0.0265  bad m=1 0.00e+00 m=2 0.00e+00 (via N 0.00e+00)  B90 0 B99 0 of 0
L1 L1_116       C 5.174e-09 sat 0 eps 1.0000  desc/C 0 0 0  bad m=1 nan m=2 nan (via N 0.00e+00)  B90 0 B99 0 of 0
L1 L1_117       C 5.174e-09 sat 0 eps 1.0000  desc/C 0.409 0.765 0.196  bad m=1 0.00e+00 m=2 0.00e+00 (via N 0.00e+00)  B90 0 B99 0 of 0
L1 L1_119       C 5.045e-09 sat 0 eps 1.0000  desc/C 0 0 0  bad m=1 nan m=2 nan (via N 0.00e+00)  B90 0 B99 0 of 0
L1 L1_118       C 5.045e-09 sat 0 eps 1.0000  desc/C 0.0165 0 0  bad m=1 nan m=2 nan (via N 0.00e+00)  B90 0 B99 0 of 0
L3 L3_14717     C 5.025e-09 sat 0 eps 0.0113  desc/C 0.00464 0.000679 0  bad m=1 0.00e+00 m=2 nan (via N 0.00e+00)  B90 0 B99 0 of 0
L3 L3_374359    C 5.019e-09 sat 0 eps 0.0117  desc/C 0.077 0.0396 0.0198  bad m=1 0.00e+00 m=2 0.00e+00 (via N 0.00e+00)  B90 0 B99 0 of 0
L2 L2_32        C 4.998e-09 sat 0 eps 0.0112  desc/C 0.938 0.825 0.36  bad m=1 0.00e+00 m=2 0.00e+00 (via N 0.00e+00)  B90 0 B99 0 of 0
L1 L1_121       C 4.997e-09 sat 0 eps 1.0000  desc/C 0 0 0  bad m=1 nan m=2 nan (via N 0.00e+00)  B90 0 B99 0 of 0
L1 L1_120       C 4.997e-09 sat 0 eps 1.0000  desc/C 0.0591 0.00405 0.000523  bad m=1 0.00e+00 m=2 0.00e+00 (via N 0.00e+00)  B90 0 B99 0 of 0
L2 L2_1128      C 4.940e-09 sat 0 eps 0.2510  desc/C 1.5 0.163 0.284  bad m=1 0.00e+00 m=2 0.00e+00 (via N 0.00e+00)  B90 0 B99 0 of 0
L1 L1_123       C 4.892e-09 sat 0 eps 1.0000  desc/C 1.03 0.958 0.843  bad m=1 0.00e+00 m=2 0.00e+00 (via N 0.00e+00)  B90 0 B99 0 of 0
L1 L1_122       C 4.892e-09 sat 0 eps 1.0000  desc/C 0 0 0  bad m=1 nan m=2 nan (via N 0.00e+00)  B90 0 B99 0 of 0
L4 L4_218454    C 4.872e-09 sat 0 eps 0.0117  desc/C 0.141 0.0279 0  bad m=1 0.00e+00 m=2 nan (via N 0.00e+00)  B90 0 B99 0 of 0
L2 L2_1324      C 4.857e-09 sat 0 eps 0.2607  desc/C 1.77 1.76 0.858  bad m=1 7.23e-01 m=2 7.58e-01 (via N 0.00e+00)  B90 1 B99 1 of 2
L2 L2_170       C 4.849e-09 sat 0 eps 0.0426  desc/C 0.0366 0.00192 0  bad m=1 0.00e+00 m=2 nan (via N 0.00e+00)  B90 0 B99 0 of 0
L4 L4_362193    C 4.806e-09 sat 0 eps 0.0403  desc/C 0.336 0.0149 0  bad m=1 0.00e+00 m=2 nan (via N 0.00e+00)  B90 0 B99 0 of 0
L3 L3_370527    C 4.775e-09 sat 0 eps 0.0101  desc/C 0.33 0.235 0.147  bad m=1 0.00e+00 m=2 0.00e+00 (via N 0.00e+00)  B90 0 B99 0 of 0
L4 L4_118566    C 4.768e-09 sat 0 eps 0.0099  desc/C 0.018 0.00958 0  bad m=1 0.00e+00 m=2 nan (via N 0.00e+00)  B90 0 B99 0 of 0
L3 L3_533451    C 4.731e-09 sat 0 eps 0.0112  desc/C 0.000816 0 0  bad m=1 nan m=2 nan (via N 0.00e+00)  B90 0 B99 0 of 0
L2 L2_19709     C 4.690e-09 sat 0 eps 0.0111  desc/C 0.0986 0 0  bad m=1 nan m=2 nan (via N 0.00e+00)  B90 0 B99 0 of 0
L3 L3_27388     C 4.665e-09 sat 0 eps 0.0842  desc/C 3.63 1.4 0.836  bad m=1 9.03e-01 m=2 7.75e-01 (via N 0.00e+00)  B90 1 B99 2 of 3
L3 L3_68099     C 4.650e-09 sat 0 eps 0.0109  desc/C 0.886 0.387 0.332  bad m=1 0.00e+00 m=2 0.00e+00 (via N 0.00e+00)  B90 0 B99 0 of 0
L4 L4_68602     C 4.598e-09 sat 0 eps 0.0330  desc/C 2.05 2.43 0  bad m=1 9.59e-01 m=2 nan (via N 0.00e+00)  B90 1 B99 1 of 1
L4 L4_218477    C 4.580e-09 sat 0 eps 0.0105  desc/C 0.28 0.0806 0  bad m=1 0.00e+00 m=2 nan (via N 0.00e+00)  B90 0 B99 0 of 0
L2 L2_13        C 4.523e-09 sat 0 eps 0.0110  desc/C 0.14 0.0143 0  bad m=1 0.00e+00 m=2 nan (via N 0.00e+00)  B90 0 B99 0 of 0
L4 L4_243433    C 4.515e-09 sat 0 eps 0.0397  desc/C 0.328 0.0189 0  bad m=1 0.00e+00 m=2 nan (via N 0.00e+00)  B90 0 B99 0 of 0
L3 L3_131027    C 4.394e-09 sat 0 eps 0.0109  desc/C 0.0409 0.00483 0  bad m=1 0.00e+00 m=2 nan (via N 0.00e+00)  B90 0 B99 0 of 0
L3 L3_27660     C 4.383e-09 sat 0 eps 0.1293  desc/C 0.306 0.246 0.052  bad m=1 0.00e+00 m=2 0.00e+00 (via N 0.00e+00)  B90 0 B99 0 of 0
L1 L1_125       C 4.358e-09 sat 0 eps 1.0000  desc/C 0 0 0  bad m=1 nan m=2 nan (via N 0.00e+00)  B90 0 B99 0 of 0
L1 L1_124       C 4.358e-09 sat 0 eps 1.0000  desc/C 0.0132 0.00173 0  bad m=1 0.00e+00 m=2 nan (via N 0.00e+00)  B90 0 B99 0 of 0
L1 L1_126       C 4.292e-09 sat 0 eps 1.0000  desc/C 0.0142 0 0  bad m=1 nan m=2 nan (via N 0.00e+00)  B90 0 B99 0 of 0
L1 L1_127       C 4.292e-09 sat 0 eps 1.0000  desc/C 0 0 0  bad m=1 nan m=2 nan (via N 0.00e+00)  B90 0 B99 0 of 0
L4 L4_86216     C 4.272e-09 sat 0 eps 0.0393  desc/C 0.194 0.0272 0  bad m=1 0.00e+00 m=2 nan (via N 0.00e+00)  B90 0 B99 0 of 0
L4 L4_28245     C 4.225e-09 sat 0 eps 0.0404  desc/C 7.78 0.259 0  bad m=1 7.66e-01 m=2 nan (via N 0.00e+00)  B90 1 B99 3 of 3
L4 L4_224228    C 4.224e-09 sat 0 eps 0.0097  desc/C 0.212 0.0606 0  bad m=1 0.00e+00 m=2 nan (via N 0.00e+00)  B90 0 B99 0 of 0
L2 L2_1072      C 4.131e-09 sat 0 eps 0.2710  desc/C 0.0584 0.0049 0  bad m=1 0.00e+00 m=2 nan (via N 0.00e+00)  B90 0 B99 0 of 0
L4 L4_16397     C 4.106e-09 sat 0 eps 0.0106  desc/C 0.437 0.376 0  bad m=1 0.00e+00 m=2 nan (via N 0.00e+00)  B90 0 B99 0 of 0
L4 L4_853859    C 4.089e-09 sat 0 eps 0.0354  desc/C 0.105 0.00987 0  bad m=1 0.00e+00 m=2 nan (via N 0.00e+00)  B90 0 B99 0 of 0
L1 L1_129       C 4.065e-09 sat 0 eps 1.0000  desc/C 0 0 0  bad m=1 nan m=2 nan (via N 0.00e+00)  B90 0 B99 0 of 0
L1 L1_128       C 4.065e-09 sat 0 eps 1.0000  desc/C 0.00687 0 0  bad m=1 nan m=2 nan (via N 0.00e+00)  B90 0 B99 0 of 0
L3 L3_27131     C 4.061e-09 sat 0 eps 0.0095  desc/C 0.938 0.407 0.307  bad m=1 0.00e+00 m=2 0.00e+00 (via N 0.00e+00)  B90 0 B99 0 of 0
L4 L4_309629    C 4.057e-09 sat 0 eps 0.0114  desc/C 0.0212 0.00325 0  bad m=1 0.00e+00 m=2 nan (via N 0.00e+00)  B90 0 B99 0 of 0
L4 L4_28427     C 3.980e-09 sat 0 eps 0.0678  desc/C 0.262 1.24 0  bad m=1 0.00e+00 m=2 nan (via N 0.00e+00)  B90 0 B99 0 of 0
L3 L3_149645    C 3.966e-09 sat 0 eps 0.0107  desc/C 0.000646 0 0  bad m=1 nan m=2 nan (via N 0.00e+00)  B90 0 B99 0 of 0
L2 L2_140       C 3.957e-09 sat 0 eps 0.0392  desc/C 0.114 0.00413 0  bad m=1 0.00e+00 m=2 nan (via N 0.00e+00)  B90 0 B99 0 of 0
L2 L2_31        C 3.910e-09 sat 0 eps 0.0106  desc/C 0.0264 0.00277 0  bad m=1 0.00e+00 m=2 nan (via N 0.00e+00)  B90 0 B99 0 of 0
L4 L4_172584    C 3.900e-09 sat 0 eps 0.0113  desc/C 0.0803 0.0164 0  bad m=1 0.00e+00 m=2 nan (via N 0.00e+00)  B90 0 B99 0 of 0
L4 L4_50113     C 3.895e-09 sat 0 eps 0.0106  desc/C 0.00396 0.000414 0  bad m=1 0.00e+00 m=2 nan (via N 0.00e+00)  B90 0 B99 0 of 0
L3 L3_141055    C 3.843e-09 sat 0 eps 0.0108  desc/C 0.1 0.00813 0  bad m=1 0.00e+00 m=2 nan (via N 0.00e+00)  B90 0 B99 0 of 0
L4 L4_238250    C 3.840e-09 sat 0 eps 0.0107  desc/C 0.33 0.0887 0  bad m=1 0.00e+00 m=2 nan (via N 0.00e+00)  B90 0 B99 0 of 0
L1 L1_131       C 3.823e-09 sat 0 eps 1.0000  desc/C 0.0397 0.00451 0  bad m=1 0.00e+00 m=2 nan (via N 0.00e+00)  B90 0 B99 0 of 0
L1 L1_130       C 3.823e-09 sat 0 eps 1.0000  desc/C 0 0 0  bad m=1 nan m=2 nan (via N 0.00e+00)  B90 0 B99 0 of 0
L4 L4_137336    C 3.800e-09 sat 0 eps 0.0093  desc/C 0.43 0.328 0  bad m=1 0.00e+00 m=2 nan (via N 0.00e+00)  B90 0 B99 0 of 0
L4 L4_287134    C 3.784e-09 sat 0 eps 0.0104  desc/C 0.00407 0.000717 0  bad m=1 0.00e+00 m=2 nan (via N 0.00e+00)  B90 0 B99 0 of 0
L4 L4_200740    C 3.781e-09 sat 0 eps 0.0092  desc/C 0.0715 0.0545 0  bad m=1 0.00e+00 m=2 nan (via N 0.00e+00)  B90 0 B99 0 of 0
L4 L4_172574    C 3.771e-09 sat 0 eps 0.0106  desc/C 0.13 0.0156 0  bad m=1 0.00e+00 m=2 nan (via N 0.00e+00)  B90 0 B99 0 of 0
L4 L4_68506     C 3.755e-09 sat 0 eps 0.0092  desc/C 0.635 0.175 0  bad m=1 0.00e+00 m=2 nan (via N 0.00e+00)  B90 0 B99 0 of 0
L4 L4_197243    C 3.693e-09 sat 0 eps 0.0093  desc/C 0.42 0.077 0  bad m=1 0.00e+00 m=2 nan (via N 0.00e+00)  B90 0 B99 0 of 0
L2 L2_131379    C 3.689e-09 sat 0 eps 0.0104  desc/C 0.603 0.0755 0.0148  bad m=1 0.00e+00 m=2 0.00e+00 (via N 0.00e+00)  B90 0 B99 0 of 0
L1 L1_133       C 3.652e-09 sat 0 eps 1.0000  desc/C 0.171 0.0194 0  bad m=1 0.00e+00 m=2 nan (via N 0.00e+00)  B90 0 B99 0 of 0
L1 L1_132       C 3.652e-09 sat 0 eps 1.0000  desc/C 0 0 0  bad m=1 nan m=2 nan (via N 0.00e+00)  B90 0 B99 0 of 0
L2 L2_125       C 3.626e-09 sat 0 eps 0.0395  desc/C 0.0266 0.00336 0  bad m=1 0.00e+00 m=2 nan (via N 0.00e+00)  B90 0 B99 0 of 0
L2 L2_1133      C 3.621e-09 sat 0 eps 0.2785  desc/C 0.211 0.0462 0.0489  bad m=1 0.00e+00 m=2 0.00e+00 (via N 0.00e+00)  B90 0 B99 0 of 0
L3 L3_27347     C 3.602e-09 sat 0 eps 0.0894  desc/C 0.935 0.36 0.105  bad m=1 0.00e+00 m=2 0.00e+00 (via N 0.00e+00)  B90 0 B99 0 of 0
L4 L4_224230    C 3.571e-09 sat 0 eps 0.0093  desc/C 2.85 0.445 0  bad m=1 0.00e+00 m=2 nan (via N 0.00e+00)  B90 0 B99 0 of 0
L3 L3_529583    C 3.569e-09 sat 0 eps 0.0104  desc/C 0.746 0.551 0.403  bad m=1 0.00e+00 m=2 0.00e+00 (via N 0.00e+00)  B90 0 B99 0 of 0
L2 L2_655       C 3.535e-09 sat 0 eps 0.1709  desc/C 0.0268 0.00273 0  bad m=1 0.00e+00 m=2 nan (via N 0.00e+00)  B90 0 B99 0 of 0
L3 L3_141201    C 3.485e-09 sat 0 eps 0.0394  desc/C 0.846 0.0316 0.00398  bad m=1 0.00e+00 m=2 0.00e+00 (via N 0.00e+00)  B90 0 B99 0 of 0
L2 L2_130       C 3.476e-09 sat 0 eps 0.0377  desc/C 0.106 0.0094 0.00135  bad m=1 0.00e+00 m=2 0.00e+00 (via N 0.00e+00)  B90 0 B99 0 of 0
L2 L2_19692     C 3.414e-09 sat 0 eps 0.0103  desc/C 0.11 0 0  bad m=1 nan m=2 nan (via N 0.00e+00)  B90 0 B99 0 of 0
L3 L3_380682    C 3.410e-09 sat 0 eps 0.0100  desc/C 0.0509 0.0113 0  bad m=1 0.00e+00 m=2 nan (via N 0.00e+00)  B90 0 B99 0 of 0
L2 L2_467       C 3.399e-09 sat 0 eps 0.1307  desc/C 0.124 0.0261 0.00724  bad m=1 0.00e+00 m=2 0.00e+00 (via N 0.00e+00)  B90 0 B99 0 of 0
L2 L2_19691     C 3.378e-09 sat 0 eps 0.0102  desc/C 0.0561 0 0  bad m=1 nan m=2 nan (via N 0.00e+00)  B90 0 B99 0 of 0
L3 L3_149676    C 3.355e-09 sat 0 eps 0.0102  desc/C 0.00228 0 0  bad m=1 nan m=2 nan (via N 0.00e+00)  B90 0 B99 0 of 0
L1 L1_135       C 3.335e-09 sat 0 eps 1.0000  desc/C 0 0 0  bad m=1 nan m=2 nan (via N 0.00e+00)  B90 0 B99 0 of 0
L1 L1_134       C 3.335e-09 sat 0 eps 1.0000  desc/C 0.016 0 0  bad m=1 nan m=2 nan (via N 0.00e+00)  B90 0 B99 0 of 0
L2 L2_779       C 3.322e-09 sat 0 eps 0.1834  desc/C 0.299 0.455 0.104  bad m=1 0.00e+00 m=2 0.00e+00 (via N 0.00e+00)  B90 0 B99 0 of 0
L3 L3_149710    C 3.311e-09 sat 0 eps 0.0380  desc/C 0.018 0.0105 0  bad m=1 0.00e+00 m=2 nan (via N 0.00e+00)  B90 0 B99 0 of 0
L4 L4_218445    C 3.302e-09 sat 0 eps 0.0094  desc/C 0.376 0.115 0  bad m=1 0.00e+00 m=2 nan (via N 0.00e+00)  B90 0 B99 0 of 0
L3 L3_149616    C 3.287e-09 sat 0 eps 0.0094  desc/C 0.076 0.0336 0.0111  bad m=1 0.00e+00 m=2 0.00e+00 (via N 0.00e+00)  B90 0 B99 0 of 0
L4 L4_77213     C 3.258e-09 sat 0 eps 0.0090  desc/C 0.123 0.0228 0  bad m=1 0.00e+00 m=2 nan (via N 0.00e+00)  B90 0 B99 0 of 0
L1 L1_137       C 3.255e-09 sat 0 eps 1.0000  desc/C 0 0 0  bad m=1 nan m=2 nan (via N 0.00e+00)  B90 0 B99 0 of 0
L1 L1_136       C 3.255e-09 sat 0 eps 1.0000  desc/C 0.0286 0.00218 0  bad m=1 0.00e+00 m=2 nan (via N 0.00e+00)  B90 0 B99 0 of 0
L3 L3_654491    C 3.225e-09 sat 0 eps 0.0099  desc/C 0.0568 0.0228 0.00387  bad m=1 0.00e+00 m=2 0.00e+00 (via N 0.00e+00)  B90 0 B99 0 of 0
L2 L2_14466     C 3.221e-09 sat 0 eps 0.0101  desc/C 0.0374 0 0  bad m=1 nan m=2 nan (via N 0.00e+00)  B90 0 B99 0 of 0
L3 L3_384382    C 3.218e-09 sat 0 eps 0.0092  desc/C 0.857 0.245 0.0756  bad m=1 0.00e+00 m=2 0.00e+00 (via N 0.00e+00)  B90 0 B99 0 of 0
L2 L2_952       C 3.214e-09 sat 0 eps 0.2127  desc/C 0.619 0.224 0.193  bad m=1 0.00e+00 m=2 0.00e+00 (via N 0.00e+00)  B90 0 B99 0 of 0
L3 L3_27272     C 3.211e-09 sat 0 eps 0.0771  desc/C 0.164 0.118 0.0189  bad m=1 0.00e+00 m=2 0.00e+00 (via N 0.00e+00)  B90 0 B99 0 of 0
L1 L1_138       C 3.197e-09 sat 0 eps 1.0000  desc/C 0.0644 0.00228 0  bad m=1 0.00e+00 m=2 nan (via N 0.00e+00)  B90 0 B99 0 of 0
L1 L1_139       C 3.197e-09 sat 0 eps 1.0000  desc/C 0 0 0  bad m=1 nan m=2 nan (via N 0.00e+00)  B90 0 B99 0 of 0
L2 L2_14468     C 3.146e-09 sat 0 eps 0.0101  desc/C 0.0479 0.00495 0  bad m=1 0.00e+00 m=2 nan (via N 0.00e+00)  B90 0 B99 0 of 0
L1 L1_141       C 3.136e-09 sat 0 eps 1.0000  desc/C 0 0.00331 0  bad m=1 0.00e+00 m=2 nan (via N 0.00e+00)  B90 0 B99 0 of 0
L1 L1_140       C 3.136e-09 sat 0 eps 1.0000  desc/C 0 0 0  bad m=1 nan m=2 nan (via N 0.00e+00)  B90 0 B99 0 of 0
L3 L3_115444    C 3.119e-09 sat 0 eps 0.0100  desc/C 0.325 0.116 0.0461  bad m=1 0.00e+00 m=2 0.00e+00 (via N 0.00e+00)  B90 0 B99 0 of 0
L2 L2_953       C 3.084e-09 sat 0 eps 0.2337  desc/C 0.367 0.321 0.133  bad m=1 0.00e+00 m=2 0.00e+00 (via N 0.00e+00)  B90 0 B99 0 of 0
L3 L3_370510    C 3.084e-09 sat 0 eps 0.0088  desc/C 0.0359 0.0195 0.00222  bad m=1 0.00e+00 m=2 0.00e+00 (via N 0.00e+00)  B90 0 B99 0 of 0
L3 L3_384360    C 3.023e-09 sat 0 eps 0.0098  desc/C 0.059 0.0225 0  bad m=1 0.00e+00 m=2 nan (via N 0.00e+00)  B90 0 B99 0 of 0
L4 L4_398832    C 3.001e-09 sat 0 eps 0.0099  desc/C 0.288 0.0959 0  bad m=1 0.00e+00 m=2 nan (via N 0.00e+00)  B90 0 B99 0 of 0
L4 L4_145732    C 2.889e-09 sat 0 eps 0.0100  desc/C 0.0318 0.00396 0  bad m=1 0.00e+00 m=2 nan (via N 0.00e+00)  B90 0 B99 0 of 0
L3 L3_27435     C 2.866e-09 sat 0 eps 0.0790  desc/C 0.0822 0.108 0.0501  bad m=1 0.00e+00 m=2 0.00e+00 (via N 0.00e+00)  B90 0 B99 0 of 0
L1 L1_142       C 2.834e-09 sat 0 eps 1.0000  desc/C 0 0 0  bad m=1 nan m=2 nan (via N 0.00e+00)  B90 0 B99 0 of 0
L1 L1_143       C 2.834e-09 sat 0 eps 1.0000  desc/C 1 0.507 0.00222  bad m=1 0.00e+00 m=2 0.00e+00 (via N 0.00e+00)  B90 0 B99 0 of 0
L2 L2_4         C 2.830e-09 sat 0 eps 0.0098  desc/C 0.507 0.00222 0  bad m=1 0.00e+00 m=2 nan (via N 0.00e+00)  B90 0 B99 0 of 0
L4 L4_224248    C 2.819e-09 sat 0 eps 0.0099  desc/C 0.423 0.167 0  bad m=1 0.00e+00 m=2 nan (via N 0.00e+00)  B90 0 B99 0 of 0
L4 L4_145702    C 2.796e-09 sat 0 eps 0.0088  desc/C 0.51 0.228 0  bad m=1 0.00e+00 m=2 nan (via N 0.00e+00)  B90 0 B99 0 of 0
L3 L3_141062    C 2.767e-09 sat 0 eps 0.0096  desc/C 0.662 0.241 0.101  bad m=1 0.00e+00 m=2 0.00e+00 (via N 0.00e+00)  B90 0 B99 0 of 0
L3 L3_141056    C 2.753e-09 sat 0 eps 0.0095  desc/C 0.0583 0.00651 0  bad m=1 0.00e+00 m=2 nan (via N 0.00e+00)  B90 0 B99 0 of 0
L3 L3_27395     C 2.753e-09 sat 0 eps 0.0728  desc/C 1.48 0.271 0.436  bad m=1 3.76e-01 m=2 2.11e-02 (via N 0.00e+00)  B90 1 B99 2 of 2
L2 L2_165       C 2.737e-09 sat 0 eps 0.0360  desc/C 0.111 0.00509 0  bad m=1 0.00e+00 m=2 nan (via N 0.00e+00)  B90 0 B99 0 of 0
L3 L3_149611    C 2.725e-09 sat 0 eps 0.0097  desc/C 0.03 0 0  bad m=1 nan m=2 nan (via N 0.00e+00)  B90 0 B99 0 of 0
L4 L4_128855    C 2.719e-09 sat 0 eps 0.0088  desc/C 0.287 0.0894 0  bad m=1 0.00e+00 m=2 nan (via N 0.00e+00)  B90 0 B99 0 of 0
L1 L1_145       C 2.692e-09 sat 0 eps 1.0000  desc/C 0 0 0  bad m=1 nan m=2 nan (via N 0.00e+00)  B90 0 B99 0 of 0
L1 L1_144       C 2.692e-09 sat 0 eps 1.0000  desc/C 0.0113 0 0  bad m=1 nan m=2 nan (via N 0.00e+00)  B90 0 B99 0 of 0
L3 L3_43019     C 2.686e-09 sat 0 eps 0.0097  desc/C 0.189 0.0399 0.00871  bad m=1 0.00e+00 m=2 0.00e+00 (via N 0.00e+00)  B90 0 B99 0 of 0
L2 L2_146       C 2.679e-09 sat 0 eps 0.0360  desc/C 0.0295 0 0  bad m=1 nan m=2 nan (via N 0.00e+00)  B90 0 B99 0 of 0
L3 L3_27157     C 2.670e-09 sat 0 eps 0.0085  desc/C 0.0935 0.192 0.047  bad m=1 0.00e+00 m=2 0.00e+00 (via N 0.00e+00)  B90 0 B99 0 of 0
L2 L2_80        C 2.658e-09 sat 0 eps 0.0096  desc/C 0.0364 0 0  bad m=1 nan m=2 nan (via N 0.00e+00)  B90 0 B99 0 of 0
L2 L2_428       C 2.657e-09 sat 0 eps 0.0951  desc/C 0.014 0.00245 0  bad m=1 0.00e+00 m=2 nan (via N 0.00e+00)  B90 0 B99 0 of 0
L4 L4_322227    C 2.657e-09 sat 0 eps 0.0097  desc/C 0.74 0.541 0  bad m=1 0.00e+00 m=2 nan (via N 0.00e+00)  B90 0 B99 0 of 0
L1 L1_147       C 2.637e-09 sat 0 eps 1.0000  desc/C 0.578 0.236 0  bad m=1 0.00e+00 m=2 nan (via N 0.00e+00)  B90 0 B99 0 of 0
L1 L1_146       C 2.637e-09 sat 0 eps 1.0000  desc/C 0 0 0  bad m=1 nan m=2 nan (via N 0.00e+00)  B90 0 B99 0 of 0
L3 L3_14709     C 2.635e-09 sat 0 eps 0.0096  desc/C 0.00442 0.000498 0  bad m=1 0.00e+00 m=2 nan (via N 0.00e+00)  B90 0 B99 0 of 0
L4 L4_68468     C 2.635e-09 sat 0 eps 0.0074  desc/C 0.0273 0.0368 0  bad m=1 0.00e+00 m=2 nan (via N 0.00e+00)  B90 0 B99 0 of 0
L1 L1_148       C 2.624e-09 sat 0 eps 1.0000  desc/C 0 0.00106 0  bad m=1 0.00e+00 m=2 nan (via N 0.00e+00)  B90 0 B99 0 of 0
L1 L1_149       C 2.624e-09 sat 0 eps 1.0000  desc/C 0 0 0  bad m=1 nan m=2 nan (via N 0.00e+00)  B90 0 B99 0 of 0
L3 L3_27358     C 2.616e-09 sat 0 eps 0.0947  desc/C 1.56 0.0364 0.00554  bad m=1 0.00e+00 m=2 0.00e+00 (via N 0.00e+00)  B90 0 B99 0 of 0
L3 L3_141173    C 2.616e-09 sat 0 eps 0.0348  desc/C 0.0825 0.0053 0.000495  bad m=1 0.00e+00 m=2 0.00e+00 (via N 0.00e+00)  B90 0 B99 0 of 0
L3 L3_149649    C 2.610e-09 sat 0 eps 0.0095  desc/C 0.0418 0 0  bad m=1 nan m=2 nan (via N 0.00e+00)  B90 0 B99 0 of 0
L4 L4_86095     C 2.562e-09 sat 0 eps 0.0093  desc/C 0.415 0.128 0  bad m=1 0.00e+00 m=2 nan (via N 0.00e+00)  B90 0 B99 0 of 0
L3 L3_141407    C 2.550e-09 sat 0 eps 0.0922  desc/C 0.217 0.0415 0.0276  bad m=1 0.00e+00 m=2 0.00e+00 (via N 0.00e+00)  B90 0 B99 0 of 0
L3 L3_27526     C 2.538e-09 sat 0 eps 0.0894  desc/C 0.237 0.144 0.101  bad m=1 0.00e+00 m=2 0.00e+00 (via N 0.00e+00)  B90 0 B99 0 of 0
L2 L2_131394    C 2.525e-09 sat 0 eps 0.0095  desc/C 0.161 0.000719 0  bad m=1 0.00e+00 m=2 nan (via N 0.00e+00)  B90 0 B99 0 of 0
L3 L3_27451     C 2.525e-09 sat 0 eps 0.0778  desc/C 0.151 0.115 0.0441  bad m=1 0.00e+00 m=2 0.00e+00 (via N 0.00e+00)  B90 0 B99 0 of 0
L1 L1_150       C 2.507e-09 sat 0 eps 1.0000  desc/C 0.0146 0 0  bad m=1 nan m=2 nan (via N 0.00e+00)  B90 0 B99 0 of 0
L1 L1_151       C 2.507e-09 sat 0 eps 1.0000  desc/C 0 0 0  bad m=1 nan m=2 nan (via N 0.00e+00)  B90 0 B99 0 of 0
L2 L2_557       C 2.499e-09 sat 0 eps 0.1428  desc/C 0.0314 0.00437 0  bad m=1 0.00e+00 m=2 nan (via N 0.00e+00)  B90 0 B99 0 of 0
L3 L3_27452     C 2.456e-09 sat 0 eps 0.1012  desc/C 0.165 0.0416 0.0104  bad m=1 0.00e+00 m=2 0.00e+00 (via N 0.00e+00)  B90 0 B99 0 of 0
L3 L3_141101    C 2.439e-09 sat 0 eps 0.0095  desc/C 0.0826 0.0228 0  bad m=1 0.00e+00 m=2 nan (via N 0.00e+00)  B90 0 B99 0 of 0
L3 L3_27686     C 2.434e-09 sat 0 eps 0.1111  desc/C 1.33 0.0889 0.0435  bad m=1 2.94e-02 m=2 0.00e+00 (via N 0.00e+00)  B90 2 B99 2 of 2
L2 L2_50        C 2.427e-09 sat 0 eps 0.0094  desc/C 0.195 0.043 0.0116  bad m=1 0.00e+00 m=2 0.00e+00 (via N 0.00e+00)  B90 0 B99 0 of 0
L2 L2_143       C 2.419e-09 sat 0 eps 0.0346  desc/C 0.0211 0.0017 0  bad m=1 0.00e+00 m=2 nan (via N 0.00e+00)  B90 0 B99 0 of 0
L4 L4_145661    C 2.409e-09 sat 0 eps 0.0088  desc/C 1.24 1.42 0  bad m=1 0.00e+00 m=2 nan (via N 0.00e+00)  B90 0 B99 0 of 0
L4 L4_218440    C 2.400e-09 sat 0 eps 0.0087  desc/C 0.311 0.0791 0  bad m=1 2.09e-02 m=2 nan (via N 0.00e+00)  B90 2 B99 2 of 2
L1 L1_152       C 2.388e-09 sat 0 eps 1.0000  desc/C 0 0 0  bad m=1 nan m=2 nan (via N 0.00e+00)  B90 0 B99 0 of 0
L1 L1_153       C 2.388e-09 sat 0 eps 1.0000  desc/C 0.2 0.205 0.0399  bad m=1 0.00e+00 m=2 0.00e+00 (via N 0.00e+00)  B90 0 B99 0 of 0
L2 L2_878       C 2.377e-09 sat 0 eps 0.1913  desc/C 0.297 0.0265 0  bad m=1 0.00e+00 m=2 nan (via N 0.00e+00)  B90 0 B99 0 of 0
L4 L4_123267    C 2.376e-09 sat 0 eps 0.0080  desc/C 1.76 0.222 0  bad m=1 0.00e+00 m=2 nan (via N 0.00e+00)  B90 0 B99 0 of 0
L3 L3_384396    C 2.373e-09 sat 0 eps 0.0083  desc/C 2.72 1.24 0.684  bad m=1 0.00e+00 m=2 0.00e+00 (via N 0.00e+00)  B90 0 B99 0 of 0
L4 L4_123226    C 2.360e-09 sat 0 eps 0.0080  desc/C 1.74 1.46 0  bad m=1 4.83e-01 m=2 nan (via N 0.00e+00)  B90 1 B99 2 of 2
L2 L2_45344     C 2.354e-09 sat 0 eps 0.0959  desc/C 0.0734 0.0468 0.0119  bad m=1 0.00e+00 m=2 0.00e+00 (via N 0.00e+00)  B90 0 B99 0 of 0
L1 L1_155       C 2.307e-09 sat 0 eps 1.0000  desc/C 0.268 0.0353 0.0116  bad m=1 0.00e+00 m=2 0.00e+00 (via N 0.00e+00)  B90 0 B99 0 of 0
L1 L1_154       C 2.307e-09 sat 0 eps 1.0000  desc/C 0 0 0  bad m=1 nan m=2 nan (via N 0.00e+00)  B90 0 B99 0 of 0
L3 L3_141182    C 2.290e-09 sat 0 eps 0.0337  desc/C 0.415 0.0715 0.01  bad m=1 0.00e+00 m=2 0.00e+00 (via N 0.00e+00)  B90 0 B99 0 of 0
L2 L2_19643     C 2.265e-09 sat 0 eps 0.0092  desc/C 0.967 0.892 0.426  bad m=1 0.00e+00 m=2 0.00e+00 (via N 0.00e+00)  B90 0 B99 0 of 0
L4 L4_28396     C 2.263e-09 sat 0 eps 0.0548  desc/C 0.178 0.387 0  bad m=1 0.00e+00 m=2 nan (via N 0.00e+00)  B90 0 B99 0 of 0
L4 L4_37841     C 2.225e-09 sat 0 eps 0.0092  desc/C 0.00409 0.000454 0  bad m=1 0.00e+00 m=2 nan (via N 0.00e+00)  B90 0 B99 0 of 0
L3 L3_149617    C 2.216e-09 sat 0 eps 0.0090  desc/C 0.052 0.0215 0.00344  bad m=1 0.00e+00 m=2 0.00e+00 (via N 0.00e+00)  B90 0 B99 0 of 0
L4 L4_172608    C 2.214e-09 sat 0 eps 0.0096  desc/C 0.342 0.104 0  bad m=1 0.00e+00 m=2 nan (via N 0.00e+00)  B90 0 B99 0 of 0
L3 L3_141043    C 2.205e-09 sat 0 eps 0.0089  desc/C 0.0904 0.0117 0  bad m=1 0.00e+00 m=2 nan (via N 0.00e+00)  B90 0 B99 0 of 0
L4 L4_197224    C 2.200e-09 sat 0 eps 0.0078  desc/C 0.0334 0.0253 0  bad m=1 0.00e+00 m=2 nan (via N 0.00e+00)  B90 0 B99 0 of 0
L3 L3_141       C 2.184e-09 sat 0 eps 0.0091  desc/C 0.924 0.442 0.393  bad m=1 0.00e+00 m=2 0.00e+00 (via N 0.00e+00)  B90 0 B99 0 of 0
L4 L4_197219    C 2.178e-09 sat 0 eps 0.0090  desc/C 0.358 0.149 0  bad m=1 0.00e+00 m=2 nan (via N 0.00e+00)  B90 0 B99 0 of 0
L3 L3_27184     C 2.167e-09 sat 0 eps 0.0302  desc/C 0.106 0.122 0.0184  bad m=1 0.00e+00 m=2 0.00e+00 (via N 0.00e+00)  B90 0 B99 0 of 0
L1 L1_157       C 2.167e-09 sat 0 eps 1.0000  desc/C 1.05 1.01 0.932  bad m=1 0.00e+00 m=2 0.00e+00 (via N 0.00e+00)  B90 0 B99 0 of 0
L1 L1_156       C 2.167e-09 sat 0 eps 1.0000  desc/C 0 0 0  bad m=1 nan m=2 nan (via N 0.00e+00)  B90 0 B99 0 of 0
L4 L4_86535     C 2.165e-09 sat 0 eps 0.0912  desc/C 0.927 0.488 0  bad m=1 0.00e+00 m=2 nan (via N 0.00e+00)  B90 0 B99 0 of 0
L3 L3_221381    C 2.165e-09 sat 0 eps 0.0092  desc/C 0.129 0.0252 0.0111  bad m=1 0.00e+00 m=2 0.00e+00 (via N 0.00e+00)  B90 0 B99 0 of 0
L2 L2_626       C 2.157e-09 sat 0 eps 0.1427  desc/C 0.327 0.0221 0.00369  bad m=1 0.00e+00 m=2 0.00e+00 (via N 0.00e+00)  B90 0 B99 0 of 0
L3 L3_27450     C 2.155e-09 sat 0 eps 0.0798  desc/C 0.307 0.0295 0.0215  bad m=1 0.00e+00 m=2 0.00e+00 (via N 0.00e+00)  B90 0 B99 0 of 0
L3 L3_149596    C 2.128e-09 sat 0 eps 0.0092  desc/C 0 0 0  bad m=1 nan m=2 nan (via N 0.00e+00)  B90 0 B99 0 of 0
L1 L1_159       C 2.107e-09 sat 0 eps 1.0000  desc/C 0.0957 0.00843 0  bad m=1 0.00e+00 m=2 nan (via N 0.00e+00)  B90 0 B99 0 of 0
L1 L1_158       C 2.107e-09 sat 0 eps 1.0000  desc/C 0 0 0  bad m=1 nan m=2 nan (via N 0.00e+00)  B90 0 B99 0 of 0
L1 L1_161       C 2.095e-09 sat 0 eps 1.0000  desc/C 0 0 0  bad m=1 nan m=2 nan (via N 0.00e+00)  B90 0 B99 0 of 0
L1 L1_160       C 2.095e-09 sat 0 eps 1.0000  desc/C 0.0253 0 0  bad m=1 nan m=2 nan (via N 0.00e+00)  B90 0 B99 0 of 0
L2 L2_1742      C 2.092e-09 sat 0 eps 0.2855  desc/C 0.146 0.0438 0  bad m=1 0.00e+00 m=2 nan (via N 0.00e+00)  B90 0 B99 0 of 0
L2 L2_37        C 2.076e-09 sat 0 eps 0.0090  desc/C 1.91 0.488 0.174  bad m=1 0.00e+00 m=2 0.00e+00 (via N 0.00e+00)  B90 0 B99 0 of 0
L2 L2_67        C 2.055e-09 sat 0 eps 0.0090  desc/C 0.239 0.054 0.0145  bad m=1 0.00e+00 m=2 0.00e+00 (via N 0.00e+00)  B90 0 B99 0 of 0
L1 L1_162       C 2.048e-09 sat 0 eps 1.0000  desc/C 0 0 0  bad m=1 nan m=2 nan (via N 0.00e+00)  B90 0 B99 0 of 0
L1 L1_163       C 2.048e-09 sat 0 eps 1.0000  desc/C 0.344 0.0205 0  bad m=1 0.00e+00 m=2 nan (via N 0.00e+00)  B90 0 B99 0 of 0
L3 L3_80954     C 2.038e-09 sat 0 eps 0.0327  desc/C 0.134 0.0138 0  bad m=1 0.00e+00 m=2 nan (via N 0.00e+00)  B90 0 B99 0 of 0
L3 L3_303591    C 2.038e-09 sat 0 eps 0.0092  desc/C 0.0427 0.00872 0  bad m=1 0.00e+00 m=2 nan (via N 0.00e+00)  B90 0 B99 0 of 0
L2 L2_89        C 2.029e-09 sat 0 eps 0.0334  desc/C 0.0163 0.0018 0  bad m=1 0.00e+00 m=2 nan (via N 0.00e+00)  B90 0 B99 0 of 0
L4 L4_157       C 2.012e-09 sat 0 eps 0.0089  desc/C 0.48 0.427 0  bad m=1 0.00e+00 m=2 nan (via N 0.00e+00)  B90 0 B99 0 of 0
L2 L2_1562      C 2.012e-09 sat 0 eps 0.2542  desc/C 0.304 0.379 0.193  bad m=1 0.00e+00 m=2 0.00e+00 (via N 0.00e+00)  B90 0 B99 0 of 0
L1 L1_164       C 2.011e-09 sat 0 eps 1.0000  desc/C 0.0133 0.00203 0  bad m=1 0.00e+00 m=2 nan (via N 0.00e+00)  B90 0 B99 0 of 0
L1 L1_165       C 2.011e-09 sat 0 eps 1.0000  desc/C 0 0 0  bad m=1 nan m=2 nan (via N 0.00e+00)  B90 0 B99 0 of 0
L2 L2_322       C 2.001e-09 sat 0 eps 0.0803  desc/C 0.303 0.0513 0.00924  bad m=1 0.00e+00 m=2 0.00e+00 (via N 0.00e+00)  B90 0 B99 0 of 0
L3 L3_149597    C 1.978e-09 sat 0 eps 0.0081  desc/C 0.358 0.313 0.245  bad m=1 0.00e+00 m=2 0.00e+00 (via N 0.00e+00)  B90 0 B99 0 of 0
L3 L3_141175    C 1.966e-09 sat 0 eps 0.0302  desc/C 0.0392 0 0  bad m=1 nan m=2 nan (via N 0.00e+00)  B90 0 B99 0 of 0
L3 L3_27140     C 1.950e-09 sat 0 eps 0.0083  desc/C 0.284 0.354 0.423  bad m=1 0.00e+00 m=2 0.00e+00 (via N 0.00e+00)  B90 0 B99 0 of 0
L3 L3_27215     C 1.936e-09 sat 0 eps 0.0338  desc/C 0.0393 0.00216 0  bad m=1 0.00e+00 m=2 nan (via N 0.00e+00)  B90 0 B99 0 of 0
L3 L3_503097    C 1.893e-09 sat 0 eps 0.0088  desc/C 0.0577 0.0209 0  bad m=1 0.00e+00 m=2 nan (via N 0.00e+00)  B90 0 B99 0 of 0
L3 L3_141066    C 1.882e-09 sat 0 eps 0.0089  desc/C 0.127 0.0249 0  bad m=1 0.00e+00 m=2 nan (via N 0.00e+00)  B90 0 B99 0 of 0
L4 L4_86126     C 1.860e-09 sat 0 eps 0.0096  desc/C 1.05 2.03 0  bad m=1 6.50e-01 m=2 nan (via N 0.00e+00)  B90 1 B99 1 of 3
L3 L3_409569    C 1.849e-09 sat 0 eps 0.0095  desc/C 0.485 0.0292 0.0115  bad m=1 0.00e+00 m=2 0.00e+00 (via N 0.00e+00)  B90 0 B99 0 of 0
L3 L3_141061    C 1.842e-09 sat 0 eps 0.0088  desc/C 0.0375 0.00426 0  bad m=1 0.00e+00 m=2 nan (via N 0.00e+00)  B90 0 B99 0 of 0
L1 L1_169       C 1.833e-09 sat 0 eps 1.0000  desc/C 0 0 0  bad m=1 nan m=2 nan (via N 0.00e+00)  B90 0 B99 0 of 0
L1 L1_168       C 1.833e-09 sat 0 eps 1.0000  desc/C 0.00956 0 0  bad m=1 nan m=2 nan (via N 0.00e+00)  B90 0 B99 0 of 0
L4 L4_341077    C 1.827e-09 sat 0 eps 0.0065  desc/C 0.0217 0.0483 0  bad m=1 0.00e+00 m=2 nan (via N 0.00e+00)  B90 0 B99 0 of 0
L4 L4_68617     C 1.826e-09 sat 0 eps 0.0359  desc/C 0.463 0.123 0  bad m=1 0.00e+00 m=2 nan (via N 0.00e+00)  B90 0 B99 0 of 0
L1 L1_166       C 1.824e-09 sat 0 eps 1.0000  desc/C 0 0 0  bad m=1 nan m=2 nan (via N 0.00e+00)  B90 0 B99 0 of 0
L1 L1_167       C 1.824e-09 sat 0 eps 1.0000  desc/C 0.278 0.084 0  bad m=1 0.00e+00 m=2 nan (via N 0.00e+00)  B90 0 B99 0 of 0
L4 L4_68509     C 1.806e-09 sat 0 eps 0.0086  desc/C 0.37 0.155 0  bad m=1 0.00e+00 m=2 nan (via N 0.00e+00)  B90 0 B99 0 of 0
L2 L2_14461     C 1.803e-09 sat 0 eps 0.0087  desc/C 0.0747 0.00956 0  bad m=1 0.00e+00 m=2 nan (via N 0.00e+00)  B90 0 B99 0 of 0
L2 L2_19706     C 1.798e-09 sat 0 eps 0.0087  desc/C 0.102 0.0198 0  bad m=1 0.00e+00 m=2 nan (via N 0.00e+00)  B90 0 B99 0 of 0
L4 L4_108647    C 1.777e-09 sat 0 eps 0.0077  desc/C 0.467 0.444 0  bad m=1 0.00e+00 m=2 nan (via N 0.00e+00)  B90 0 B99 0 of 0
L3 L3_380651    C 1.762e-09 sat 0 eps 0.0077  desc/C 2.05 0.269 0.0459  bad m=1 0.00e+00 m=2 0.00e+00 (via N 0.00e+00)  B90 0 B99 0 of 0
L4 L4_205189    C 1.753e-09 sat 0 eps 0.0088  desc/C 0.0904 0.0139 0  bad m=1 0.00e+00 m=2 nan (via N 0.00e+00)  B90 0 B99 0 of 0
L3 L3_352976    C 1.752e-09 sat 0 eps 0.0087  desc/C 0 0 0  bad m=1 nan m=2 nan (via N 0.00e+00)  B90 0 B99 0 of 0
L1 L1_170       C 1.738e-09 sat 0 eps 1.0000  desc/C 0.00563 0 0  bad m=1 nan m=2 nan (via N 0.00e+00)  B90 0 B99 0 of 0
L1 L1_171       C 1.738e-09 sat 0 eps 1.0000  desc/C 0 0 0  bad m=1 nan m=2 nan (via N 0.00e+00)  B90 0 B99 0 of 0
L2 L2_1496      C 1.730e-09 sat 0 eps 0.2407  desc/C 0.189 0.0466 0.00306  bad m=1 2.13e-01 m=2 0.00e+00 (via N 0.00e+00)  B90 1 B99 2 of 2
L4 L4_86051     C 1.709e-09 sat 0 eps 0.0084  desc/C 0.0657 0.00921 0  bad m=1 0.00e+00 m=2 nan (via N 0.00e+00)  B90 0 B99 0 of 0
L4 L4_172705    C 1.693e-09 sat 0 eps 0.0338  desc/C 0.083 0.00473 0  bad m=1 0.00e+00 m=2 nan (via N 0.00e+00)  B90 0 B99 0 of 0
L4 L4_118572    C 1.678e-09 sat 0 eps 0.0065  desc/C 2.47 0.386 0  bad m=1 0.00e+00 m=2 nan (via N 0.00e+00)  B90 0 B99 0 of 0
L2 L2_1390      C 1.677e-09 sat 0 eps 0.2171  desc/C 0.0789 0.0619 0.00889  bad m=1 0.00e+00 m=2 0.00e+00 (via N 0.00e+00)  B90 0 B99 0 of 0
L4 L4_154846    C 1.675e-09 sat 0 eps 0.0082  desc/C 0.127 0.0218 0  bad m=1 0.00e+00 m=2 nan (via N 0.00e+00)  B90 0 B99 0 of 0
L4 L4_218552    C 1.660e-09 sat 0 eps 0.0302  desc/C 1.04 0.0327 0  bad m=1 0.00e+00 m=2 nan (via N 0.00e+00)  B90 0 B99 0 of 0
L4 L4_200764    C 1.658e-09 sat 0 eps 0.0071  desc/C 3.13 1.53 0  bad m=1 4.39e-01 m=2 nan (via N 0.00e+00)  B90 1 B99 2 of 2
L4 L4_86269     C 1.657e-09 sat 0 eps 0.0334  desc/C 0.719 0.201 0  bad m=1 0.00e+00 m=2 nan (via N 0.00e+00)  B90 0 B99 0 of 0
L3 L3_380726    C 1.641e-09 sat 0 eps 0.0287  desc/C 0.111 0.467 0.0544  bad m=1 0.00e+00 m=2 0.00e+00 (via N 0.00e+00)  B90 0 B99 0 of 0
L4 L4_28341     C 1.624e-09 sat 0 eps 0.0797  desc/C 0.118 0.0152 0  bad m=1 0.00e+00 m=2 nan (via N 0.00e+00)  B90 0 B99 0 of 0
L1 L1_172       C 1.620e-09 sat 0 eps 1.0000  desc/C 0.0162 0 0  bad m=1 nan m=2 nan (via N 0.00e+00)  B90 0 B99 0 of 0
L1 L1_173       C 1.620e-09 sat 0 eps 1.0000  desc/C 0 0 0  bad m=1 nan m=2 nan (via N 0.00e+00)  B90 0 B99 0 of 0
L3 L3_27802     C 1.619e-09 sat 0 eps 0.1180  desc/C 0.324 1.08 0.523  bad m=1 0.00e+00 m=2 0.00e+00 (via N 0.00e+00)  B90 0 B99 0 of 0
L4 L4_287156    C 1.584e-09 sat 0 eps 0.0084  desc/C 0.00448 0 0  bad m=1 nan m=2 nan (via N 0.00e+00)  B90 0 B99 0 of 0
L2 L2_1310      C 1.583e-09 sat 0 eps 0.2148  desc/C 1.24 0.353 0.436  bad m=1 0.00e+00 m=2 0.00e+00 (via N 0.00e+00)  B90 0 B99 0 of 0
L4 L4_123263    C 1.562e-09 sat 0 eps 0.0076  desc/C 0.714 0.448 0  bad m=1 0.00e+00 m=2 nan (via N 0.00e+00)  B90 0 B99 0 of 0
L3 L3_498649    C 1.543e-09 sat 0 eps 0.0074  desc/C 1.15 0.542 0.512  bad m=1 0.00e+00 m=2 0.00e+00 (via N 0.00e+00)  B90 0 B99 0 of 0
L2 L2_845       C 1.531e-09 sat 0 eps 0.1327  desc/C 0.557 0.236 0.0917  bad m=1 0.00e+00 m=2 0.00e+00 (via N 0.00e+00)  B90 0 B99 0 of 0
L3 L3_27283     C 1.529e-09 sat 0 eps 0.0617  desc/C 1.46 0.0763 0.0395  bad m=1 0.00e+00 m=2 0.00e+00 (via N 0.00e+00)  B90 0 B99 0 of 0
L2 L2_417       C 1.524e-09 sat 0 eps 0.0836  desc/C 0.0705 0.00912 0.00275  bad m=1 0.00e+00 m=2 0.00e+00 (via N 0.00e+00)  B90 0 B99 0 of 0
L3 L3_175798    C 1.511e-09 sat 0 eps 0.0084  desc/C 0.145 0.0297 0  bad m=1 0.00e+00 m=2 nan (via N 0.00e+00)  B90 0 B99 0 of 0
L2 L2_19674     C 1.510e-09 sat 0 eps 0.0083  desc/C 0.413 0 0  bad m=1 nan m=2 nan (via N 0.00e+00)  B90 0 B99 0 of 0
L3 L3_27815     C 1.504e-09 sat 0 eps 0.1048  desc/C 0.18 0.423 0.29  bad m=1 0.00e+00 m=2 0.00e+00 (via N 0.00e+00)  B90 0 B99 0 of 0
L4 L4_438115    C 1.502e-09 sat 0 eps 0.0090  desc/C 0.231 0.0642 0  bad m=1 0.00e+00 m=2 nan (via N 0.00e+00)  B90 0 B99 0 of 0
L2 L2_336       C 1.497e-09 sat 0 eps 0.0799  desc/C 0.0438 0.0277 0.0037  bad m=1 0.00e+00 m=2 0.00e+00 (via N 0.00e+00)  B90 0 B99 0 of 0
L4 L4_205205    C 1.492e-09 sat 0 eps 0.0073  desc/C 0.048 0.0428 0  bad m=1 0.00e+00 m=2 nan (via N 0.00e+00)  B90 0 B99 0 of 0
L2 L2_527       C 1.483e-09 sat 0 eps 0.1011  desc/C 0.277 0.0751 0.0288  bad m=1 0.00e+00 m=2 0.00e+00 (via N 0.00e+00)  B90 0 B99 0 of 0
L2 L2_351       C 1.475e-09 sat 0 eps 0.0771  desc/C 1 0.671 0.0903  bad m=1 0.00e+00 m=2 0.00e+00 (via N 0.00e+00)  B90 0 B99 0 of 0
L2 L2_12        C 1.470e-09 sat 0 eps 0.0083  desc/C 0.548 0.00237 0  bad m=1 0.00e+00 m=2 nan (via N 0.00e+00)  B90 0 B99 0 of 0
L3 L3_149622    C 1.468e-09 sat 0 eps 0.0083  desc/C 0.672 0.0908 0.0574  bad m=1 0.00e+00 m=2 0.00e+00 (via N 0.00e+00)  B90 0 B99 0 of 0
L2 L2_151       C 1.466e-09 sat 0 eps 0.0308  desc/C 0.154 0.00538 0  bad m=1 0.00e+00 m=2 nan (via N 0.00e+00)  B90 0 B99 0 of 0
L2 L2_518       C 1.454e-09 sat 0 eps 0.0966  desc/C 0.0631 0 0  bad m=1 nan m=2 nan (via N 0.00e+00)  B90 0 B99 0 of 0
L4 L4_200743    C 1.451e-09 sat 0 eps 0.0069  desc/C 0.0213 0.0251 0  bad m=1 0.00e+00 m=2 nan (via N 0.00e+00)  B90 0 B99 0 of 0
L1 L1_175       C 1.441e-09 sat 0 eps 1.0000  desc/C 1.02 0.559 0.00242  bad m=1 0.00e+00 m=2 0.00e+00 (via N 0.00e+00)  B90 0 B99 0 of 0
L1 L1_174       C 1.441e-09 sat 0 eps 1.0000  desc/C 0 0 0  bad m=1 nan m=2 nan (via N 0.00e+00)  B90 0 B99 0 of 0
L4 L4_417503    C 1.437e-09 sat 0 eps 0.0070  desc/C 22.3 8.19 0  bad m=1 5.31e-02 m=2 nan (via N 0.00e+00)  B90 2 B99 2 of 3
L4 L4_86035     C 1.430e-09 sat 0 eps 0.0080  desc/C 0.112 0.0157 0  bad m=1 0.00e+00 m=2 nan (via N 0.00e+00)  B90 0 B99 0 of 0
L4 L4_380703    C 1.429e-09 sat 0 eps 0.0066  desc/C 0.0429 0.0215 0  bad m=1 0.00e+00 m=2 nan (via N 0.00e+00)  B90 0 B99 0 of 0
L3 L3_14698     C 1.429e-09 sat 0 eps 0.0083  desc/C 0.0044 0 0  bad m=1 nan m=2 nan (via N 0.00e+00)  B90 0 B99 0 of 0
L3 L3_27825     C 1.393e-09 sat 0 eps 0.1044  desc/C 0.839 0.358 0.525  bad m=1 6.48e-01 m=2 4.20e-01 (via N 0.00e+00)  B90 1 B99 1 of 1
L4 L4_218437    C 1.380e-09 sat 0 eps 0.0086  desc/C 0.126 0.0202 0  bad m=1 0.00e+00 m=2 nan (via N 0.00e+00)  B90 0 B99 0 of 0
L3 L3_131250    C 1.376e-09 sat 0 eps 0.0685  desc/C 0.0635 0.0052 0  bad m=1 0.00e+00 m=2 nan (via N 0.00e+00)  B90 0 B99 0 of 0
L4 L4_68503     C 1.372e-09 sat 0 eps 0.0068  desc/C 0.0219 0.0279 0  bad m=1 0.00e+00 m=2 nan (via N 0.00e+00)  B90 0 B99 0 of 0
L4 L4_28451     C 1.362e-09 sat 0 eps 0.0558  desc/C 0.00177 0.213 0  bad m=1 0.00e+00 m=2 nan (via N 0.00e+00)  B90 0 B99 0 of 0
L2 L2_19697     C 1.335e-09 sat 0 eps 0.0081  desc/C 0.104 0.0259 0  bad m=1 0.00e+00 m=2 nan (via N 0.00e+00)  B90 0 B99 0 of 0
L3 L3_149646    C 1.327e-09 sat 0 eps 0.0081  desc/C 0.175 0.0182 0  bad m=1 0.00e+00 m=2 nan (via N 0.00e+00)  B90 0 B99 0 of 0
L1 L1_177       C 1.320e-09 sat 0 eps 1.0000  desc/C 0 0 0  bad m=1 nan m=2 nan (via N 0.00e+00)  B90 0 B99 0 of 0
L1 L1_176       C 1.320e-09 sat 0 eps 1.0000  desc/C 0 0 0  bad m=1 nan m=2 nan (via N 0.00e+00)  B90 0 B99 0 of 0
L4 L4_513216    C 1.320e-09 sat 0 eps 0.0078  desc/C 0.131 0.0244 0  bad m=1 0.00e+00 m=2 nan (via N 0.00e+00)  B90 0 B99 0 of 0
L3 L3_27602     C 1.306e-09 sat 0 eps 0.0885  desc/C 0.337 0.126 0.0409  bad m=1 3.52e-02 m=2 0.00e+00 (via N 0.00e+00)  B90 1 B99 1 of 1
L1 L1_179       C 1.304e-09 sat 0 eps 1.0000  desc/C 0.0542 0.0278 0.00321  bad m=1 0.00e+00 m=2 0.00e+00 (via N 0.00e+00)  B90 0 B99 0 of 0
L1 L1_178       C 1.304e-09 sat 0 eps 1.0000  desc/C 0 0 0  bad m=1 nan m=2 nan (via N 0.00e+00)  B90 0 B99 0 of 0
L2 L2_1218      C 1.301e-09 sat 0 eps 0.2266  desc/C 0.0513 0.00819 0  bad m=1 0.00e+00 m=2 nan (via N 0.00e+00)  B90 0 B99 0 of 0
L1 L1_180       C 1.292e-09 sat 0 eps 1.0000  desc/C 0 0 0  bad m=1 nan m=2 nan (via N 0.00e+00)  B90 0 B99 0 of 0
L1 L1_181       C 1.292e-09 sat 0 eps 1.0000  desc/C 0.397 0.103 0  bad m=1 0.00e+00 m=2 nan (via N 0.00e+00)  B90 0 B99 0 of 0
L4 L4_137270    C 1.291e-09 sat 0 eps 0.0077  desc/C 0.809 0.729 0  bad m=1 5.08e-01 m=2 nan (via N 0.00e+00)  B90 1 B99 1 of 1
L1 L1_183       C 1.287e-09 sat 0 eps 1.0000  desc/C 0 0 0  bad m=1 nan m=2 nan (via N 0.00e+00)  B90 0 B99 0 of 0
L1 L1_182       C 1.287e-09 sat 0 eps 1.0000  desc/C 0.024 0.00154 0  bad m=1 0.00e+00 m=2 nan (via N 0.00e+00)  B90 0 B99 0 of 0
L4 L4_37831     C 1.282e-09 sat 0 eps 0.0080  desc/C 0.00415 0 0  bad m=1 nan m=2 nan (via N 0.00e+00)  B90 0 B99 0 of 0
L4 L4_1187812   C 1.278e-09 sat 0 eps 0.0081  desc/C 0.769 0.585 0  bad m=1 0.00e+00 m=2 nan (via N 0.00e+00)  B90 0 B99 0 of 0
L2 L2_14474     C 1.274e-09 sat 0 eps 0.0080  desc/C 0.041 0 0  bad m=1 nan m=2 nan (via N 0.00e+00)  B90 0 B99 0 of 0
L1 L1_185       C 1.273e-09 sat 0 eps 1.0000  desc/C 0.0884 0.0113 0  bad m=1 0.00e+00 m=2 nan (via N 0.00e+00)  B90 0 B99 0 of 0
L1 L1_184       C 1.273e-09 sat 0 eps 1.0000  desc/C 0 0 0  bad m=1 nan m=2 nan (via N 0.00e+00)  B90 0 B99 0 of 0
L4 L4_28319     C 1.270e-09 sat 0 eps 0.0451  desc/C 0.272 0.465 0  bad m=1 0.00e+00 m=2 nan (via N 0.00e+00)  B90 0 B99 0 of 0
L3 L3_131369    C 1.269e-09 sat 0 eps 0.0706  desc/C 0.0125 0.237 0.0251  bad m=1 0.00e+00 m=2 0.00e+00 (via N 0.00e+00)  B90 0 B99 0 of 0
L4 L4_885066    C 1.267e-09 sat 0 eps 0.0090  desc/C 0.433 0.0362 0  bad m=1 5.08e-01 m=2 nan (via N 0.00e+00)  B90 4 B99 4 of 4
L1 L1_186       C 1.265e-09 sat 0 eps 1.0000  desc/C 0 0 0  bad m=1 nan m=2 nan (via N 0.00e+00)  B90 0 B99 0 of 0
L1 L1_187       C 1.265e-09 sat 0 eps 1.0000  desc/C 0.00241 0.0124 0  bad m=1 0.00e+00 m=2 nan (via N 0.00e+00)  B90 0 B99 0 of 0
L2 L2_14465     C 1.251e-09 sat 0 eps 0.0079  desc/C 0.226 0.00114 0  bad m=1 0.00e+00 m=2 nan (via N 0.00e+00)  B90 0 B99 0 of 0
L3 L3_27687     C 1.247e-09 sat 0 eps 0.1312  desc/C 0.0852 0.0089 0  bad m=1 0.00e+00 m=2 nan (via N 0.00e+00)  B90 0 B99 0 of 0
L3 L3_822907    C 1.232e-09 sat 0 eps 0.0079  desc/C 0.00217 0 0  bad m=1 nan m=2 nan (via N 0.00e+00)  B90 0 B99 0 of 0
L3 L3_27521     C 1.228e-09 sat 0 eps 0.0768  desc/C 0.425 0.109 0.1  bad m=1 0.00e+00 m=2 0.00e+00 (via N 0.00e+00)  B90 0 B99 0 of 0
L4 L4_118641    C 1.225e-09 sat 0 eps 0.0270  desc/C 2.85 2.76 0  bad m=1 0.00e+00 m=2 nan (via N 0.00e+00)  B90 0 B99 0 of 0
L2 L2_1723      C 1.214e-09 sat 0 eps 0.2511  desc/C 0.48 0.0386 0  bad m=1 0.00e+00 m=2 nan (via N 0.00e+00)  B90 0 B99 0 of 0
L3 L3_537664    C 1.211e-09 sat 0 eps 0.0071  desc/C 0.123 0.0344 0  bad m=1 0.00e+00 m=2 nan (via N 0.00e+00)  B90 0 B99 0 of 0
L1 L1_189       C 1.204e-09 sat 0 eps 1.0000  desc/C 0.539 0.0559 0  bad m=1 0.00e+00 m=2 nan (via N 0.00e+00)  B90 0 B99 0 of 0
L1 L1_188       C 1.204e-09 sat 0 eps 1.0000  desc/C 0 0 0  bad m=1 nan m=2 nan (via N 0.00e+00)  B90 0 B99 0 of 0
L3 L3_141295    C 1.198e-09 sat 0 eps 0.0725  desc/C 0.0853 0.00801 0  bad m=1 0.00e+00 m=2 nan (via N 0.00e+00)  B90 0 B99 0 of 0
L4 L4_28118     C 1.196e-09 sat 0 eps 0.0067  desc/C 0.0598 0.0309 0  bad m=1 0.00e+00 m=2 nan (via N 0.00e+00)  B90 0 B99 0 of 0
L1 L1_190       C 1.184e-09 sat 0 eps 1.0000  desc/C 0 0 0  bad m=1 nan m=2 nan (via N 0.00e+00)  B90 0 B99 0 of 0
L1 L1_191       C 1.184e-09 sat 0 eps 1.0000  desc/C 0 0 0  bad m=1 nan m=2 nan (via N 0.00e+00)  B90 0 B99 0 of 0
L4 L4_172572    C 1.181e-09 sat 0 eps 0.0083  desc/C 0.375 0.0696 0  bad m=1 0.00e+00 m=2 nan (via N 0.00e+00)  B90 0 B99 0 of 0
L3 L3_149653    C 1.181e-09 sat 0 eps 0.0080  desc/C 0.314 0.532 0.144  bad m=1 0.00e+00 m=2 0.00e+00 (via N 0.00e+00)  B90 0 B99 0 of 0
L3 L3_380650    C 1.177e-09 sat 0 eps 0.0070  desc/C 3.6 0.788 0.221  bad m=1 0.00e+00 m=2 0.00e+00 (via N 0.00e+00)  B90 0 B99 0 of 0
L4 L4_28092     C 1.162e-09 sat 0 eps 0.0058  desc/C 0.418 0.625 0  bad m=1 4.23e-01 m=2 nan (via N 0.00e+00)  B90 1 B99 2 of 2
L4 L4_68454     C 1.160e-09 sat 0 eps 0.0059  desc/C 0.921 0.182 0  bad m=1 0.00e+00 m=2 nan (via N 0.00e+00)  B90 0 B99 0 of 0
L4 L4_172610    C 1.155e-09 sat 0 eps 0.0077  desc/C 0.569 0.23 0  bad m=1 0.00e+00 m=2 nan (via N 0.00e+00)  B90 0 B99 0 of 0
L3 L3_27483     C 1.134e-09 sat 0 eps 0.0821  desc/C 0.11 0.0161 0  bad m=1 0.00e+00 m=2 nan (via N 0.00e+00)  B90 0 B99 0 of 0
L4 L4_108689    C 1.132e-09 sat 0 eps 0.0069  desc/C 0.163 0.0971 0  bad m=1 0.00e+00 m=2 nan (via N 0.00e+00)  B90 0 B99 0 of 0
L3 L3_288787    C 1.124e-09 sat 0 eps 0.0076  desc/C 0.337 0.0615 0  bad m=1 0.00e+00 m=2 nan (via N 0.00e+00)  B90 0 B99 0 of 0
L1 L1_192       C 1.119e-09 sat 0 eps 1.0000  desc/C 0.0132 0 0  bad m=1 nan m=2 nan (via N 0.00e+00)  B90 0 B99 0 of 0
L1 L1_193       C 1.119e-09 sat 0 eps 1.0000  desc/C 0 0 0  bad m=1 nan m=2 nan (via N 0.00e+00)  B90 0 B99 0 of 0
L3 L3_569171    C 1.117e-09 sat 0 eps 0.0069  desc/C 1.05 0.188 0.0984  bad m=1 0.00e+00 m=2 0.00e+00 (via N 0.00e+00)  B90 0 B99 0 of 0
L3 L3_27499     C 1.113e-09 sat 0 eps 0.0746  desc/C 0.346 0.108 0.123  bad m=1 0.00e+00 m=2 0.00e+00 (via N 0.00e+00)  B90 0 B99 0 of 0
L4 L4_68629     C 1.112e-09 sat 0 eps 0.0280  desc/C 0.164 0.0188 0  bad m=1 0.00e+00 m=2 nan (via N 0.00e+00)  B90 0 B99 0 of 0
L2 L2_210       C 1.112e-09 sat 0 eps 0.0690  desc/C 0.00229 0 0  bad m=1 nan m=2 nan (via N 0.00e+00)  B90 0 B99 0 of 0
L2 L2_2         C 1.112e-09 sat 0 eps 0.0077  desc/C 0.991 1.46 0.486  bad m=1 0.00e+00 m=2 0.00e+00 (via N 0.00e+00)  B90 0 B99 0 of 0
L4 L4_885055    C 1.110e-09 sat 0 eps 0.0082  desc/C 0.128 0.00569 0  bad m=1 0.00e+00 m=2 nan (via N 0.00e+00)  B90 0 B99 0 of 0
L3 L3_141198    C 1.107e-09 sat 0 eps 0.0280  desc/C 0.0677 0 0  bad m=1 nan m=2 nan (via N 0.00e+00)  B90 0 B99 0 of 0
L3 L3_370522    C 1.101e-09 sat 0 eps 0.0077  desc/C 0.899 0.372 0.171  bad m=1 0.00e+00 m=2 0.00e+00 (via N 0.00e+00)  B90 0 B99 0 of 0
L3 L3_134       C 1.099e-09 sat 0 eps 0.0077  desc/C 1.47 0.492 0.451  bad m=1 0.00e+00 m=2 0.00e+00 (via N 0.00e+00)  B90 0 B99 0 of 0
L4 L4_716457    C 1.097e-09 sat 0 eps 0.0314  desc/C 0.0577 0 0  bad m=1 nan m=2 nan (via N 0.00e+00)  B90 0 B99 0 of 0
L2 L2_14471     C 1.087e-09 sat 0 eps 0.0077  desc/C 0.00948 0 0  bad m=1 nan m=2 nan (via N 0.00e+00)  B90 0 B99 0 of 0
L2 L2_1577      C 1.087e-09 sat 0 eps 0.2208  desc/C 0.696 0.277 0.269  bad m=1 0.00e+00 m=2 0.00e+00 (via N 0.00e+00)  B90 0 B99 0 of 0
L4 L4_123254    C 1.078e-09 sat 0 eps 0.0065  desc/C 0.0194 0.022 0  bad m=1 0.00e+00 m=2 nan (via N 0.00e+00)  B90 0 B99 0 of 0
L2 L2_20089     C 1.074e-09 sat 0 eps 0.0988  desc/C 0.14 0.00889 0  bad m=1 0.00e+00 m=2 nan (via N 0.00e+00)  B90 0 B99 0 of 0
L3 L3_27514     C 1.067e-09 sat 0 eps 0.0976  desc/C 0.316 0.0946 0.0333  bad m=1 0.00e+00 m=2 0.00e+00 (via N 0.00e+00)  B90 0 B99 0 of 0
L1 L1_194       C 1.058e-09 sat 0 eps 1.0000  desc/C 0 0 0  bad m=1 nan m=2 nan (via N 0.00e+00)  B90 0 B99 0 of 0
L1 L1_195       C 1.058e-09 sat 0 eps 1.0000  desc/C 0.00175 0.0129 0  bad m=1 0.00e+00 m=2 nan (via N 0.00e+00)  B90 0 B99 0 of 0
L3 L3_149636    C 1.056e-09 sat 0 eps 0.0075  desc/C 0.0475 0.0194 0  bad m=1 0.00e+00 m=2 nan (via N 0.00e+00)  B90 0 B99 0 of 0
L1 L1_198       C 1.052e-09 sat 0 eps 1.0000  desc/C 0 0 0  bad m=1 nan m=2 nan (via N 0.00e+00)  B90 0 B99 0 of 0
L1 L1_199       C 1.052e-09 sat 0 eps 1.0000  desc/C 0 0.00186 0  bad m=1 0.00e+00 m=2 nan (via N 0.00e+00)  B90 0 B99 0 of 0
L1 L1_197       C 1.049e-09 sat 0 eps 1.0000  desc/C 1.06 1.05 1.54  bad m=1 0.00e+00 m=2 0.00e+00 (via N 0.00e+00)  B90 0 B99 0 of 0
L1 L1_196       C 1.049e-09 sat 0 eps 1.0000  desc/C 0 0 0  bad m=1 nan m=2 nan (via N 0.00e+00)  B90 0 B99 0 of 0
L3 L3_370503    C 1.046e-09 sat 0 eps 0.0065  desc/C 8.17 3.98 3.29  bad m=1 7.59e-01 m=2 4.83e-01 (via N 0.00e+00)  B90 1 B99 2 of 2
L4 L4_148       C 1.044e-09 sat 0 eps 0.0075  desc/C 0.517 0.475 0  bad m=1 0.00e+00 m=2 nan (via N 0.00e+00)  B90 0 B99 0 of 0
L4 L4_145767    C 1.040e-09 sat 0 eps 0.0068  desc/C 0.544 0.349 0  bad m=1 0.00e+00 m=2 nan (via N 0.00e+00)  B90 0 B99 0 of 0
L3 L3_149657    C 1.039e-09 sat 0 eps 0.0075  desc/C 0.0383 0 0  bad m=1 nan m=2 nan (via N 0.00e+00)  B90 0 B99 0 of 0
L1 L1_201       C 1.036e-09 sat 0 eps 1.0000  desc/C 0 0 0  bad m=1 nan m=2 nan (via N 0.00e+00)  B90 0 B99 0 of 0
L1 L1_200       C 1.036e-09 sat 0 eps 1.0000  desc/C 0.00155 0.00141 0  bad m=1 0.00e+00 m=2 nan (via N 0.00e+00)  B90 0 B99 0 of 0
L4 L4_172716    C 1.032e-09 sat 0 eps 0.0299  desc/C 0.0487 0 0  bad m=1 nan m=2 nan (via N 0.00e+00)  B90 0 B99 0 of 0
L3 L3_27260     C 1.029e-09 sat 0 eps 0.0249  desc/C 1.99 0.931 0.0813  bad m=1 0.00e+00 m=2 0.00e+00 (via N 0.00e+00)  B90 0 B99 0 of 0
L4 L4_77463     C 1.022e-09 sat 0 eps 0.0635  desc/C 0.137 0.192 0  bad m=1 0.00e+00 m=2 nan (via N 0.00e+00)  B90 0 B99 0 of 0
L3 L3_27804     C 1.012e-09 sat 0 eps 0.1320  desc/C 1.46 0.73 0.525  bad m=1 1.14e-01 m=2 2.14e-01 (via N 0.00e+00)  B90 1 B99 2 of 2
L3 L3_380640    C 1.011e-09 sat 0 eps 0.0066  desc/C 0.0161 0 0  bad m=1 nan m=2 nan (via N 0.00e+00)  B90 0 B99 0 of 0
L4 L4_145723    C 1.009e-09 sat 0 eps 0.0075  desc/C 0.249 0.0555 0  bad m=1 8.19e-01 m=2 nan (via N 0.00e+00)  B90 3 B99 3 of 3
L2 L2_1398      C 1.009e-09 sat 0 eps 0.2102  desc/C 0.0759 0.0277 0  bad m=1 0.00e+00 m=2 nan (via N 0.00e+00)  B90 0 B99 0 of 0
L2 L2_1578      C 1.006e-09 sat 0 eps 0.2418  desc/C 0.444 0.465 0.218  bad m=1 0.00e+00 m=2 0.00e+00 (via N 0.00e+00)  B90 0 B99 0 of 0
L4 L4_123281    C 1.004e-09 sat 0 eps 0.0065  desc/C 0.0609 0.0287 0  bad m=1 0.00e+00 m=2 nan (via N 0.00e+00)  B90 0 B99 0 of 0
L1 L1_203       C 1.002e-09 sat 0 eps 1.0000  desc/C 0 0 0  bad m=1 nan m=2 nan (via N 0.00e+00)  B90 0 B99 0 of 0
L1 L1_202       C 1.002e-09 sat 0 eps 1.0000  desc/C 0.0134 0.00258 0  bad m=1 0.00e+00 m=2 nan (via N 0.00e+00)  B90 0 B99 0 of 0
L2 L2_20        C 9.992e-10 sat 0 eps 0.0076  desc/C 0.0283 0 0  bad m=1 nan m=2 nan (via N 0.00e+00)  B90 0 B99 0 of 0
L4 L4_205188    C 9.957e-10 sat 0 eps 0.0064  desc/C 0.0566 0.0307 0  bad m=1 0.00e+00 m=2 nan (via N 0.00e+00)  B90 0 B99 0 of 0
L2 L2_164       C 9.936e-10 sat 0 eps 0.0284  desc/C 0.0353 0 0  bad m=1 nan m=2 nan (via N 0.00e+00)  B90 0 B99 0 of 0
L4 L4_172706    C 9.931e-10 sat 0 eps 0.0303  desc/C 0.0816 0 0  bad m=1 nan m=2 nan (via N 0.00e+00)  B90 0 B99 0 of 0
L4 L4_28421     C 9.899e-10 sat 0 eps 0.0769  desc/C 2.93 0.801 0  bad m=1 1.46e-02 m=2 nan (via N 0.00e+00)  B90 2 B99 2 of 2
L4 L4_180660    C 9.894e-10 sat 0 eps 0.0075  desc/C 0.366 0.145 0  bad m=1 0.00e+00 m=2 nan (via N 0.00e+00)  B90 0 B99 0 of 0
L1 L1_204       C 9.878e-10 sat 0 eps 1.0000  desc/C 0 0 0  bad m=1 nan m=2 nan (via N 0.00e+00)  B90 0 B99 0 of 0
L1 L1_205       C 9.878e-10 sat 0 eps 1.0000  desc/C 0.523 0.26 0.35  bad m=1 0.00e+00 m=2 0.00e+00 (via N 0.00e+00)  B90 0 B99 0 of 0
L4 L4_261348    C 9.793e-10 sat 0 eps 0.0074  desc/C 0.418 0.192 0  bad m=1 0.00e+00 m=2 nan (via N 0.00e+00)  B90 0 B99 0 of 0
L4 L4_309643    C 9.792e-10 sat 0 eps 0.0075  desc/C 0.136 0.0861 0  bad m=1 0.00e+00 m=2 nan (via N 0.00e+00)  B90 0 B99 0 of 0
L2 L2_1910      C 9.761e-10 sat 0 eps 0.2830  desc/C 0.88 1.92 1.08  bad m=1 3.10e-01 m=2 2.72e-01 (via N 0.00e+00)  B90 1 B99 1 of 2
L1 L1_206       C 9.749e-10 sat 0 eps 1.0000  desc/C 0.0137 0.00223 0  bad m=1 0.00e+00 m=2 nan (via N 0.00e+00)  B90 0 B99 0 of 0
L1 L1_207       C 9.749e-10 sat 0 eps 1.0000  desc/C 0 0 0  bad m=1 nan m=2 nan (via N 0.00e+00)  B90 0 B99 0 of 0
L1 L1_208       C 9.683e-10 sat 0 eps 1.0000  desc/C 0.0664 0.00442 0  bad m=1 0.00e+00 m=2 nan (via N 0.00e+00)  B90 0 B99 0 of 0
L1 L1_209       C 9.683e-10 sat 0 eps 1.0000  desc/C 0 0 0  bad m=1 nan m=2 nan (via N 0.00e+00)  B90 0 B99 0 of 0
L1 L1_210       C 9.661e-10 sat 0 eps 1.0000  desc/C 0.0141 0 0  bad m=1 nan m=2 nan (via N 0.00e+00)  B90 0 B99 0 of 0
L1 L1_211       C 9.661e-10 sat 0 eps 1.0000  desc/C 0 0 0  bad m=1 nan m=2 nan (via N 0.00e+00)  B90 0 B99 0 of 0
L3 L3_370524    C 9.653e-10 sat 0 eps 0.0065  desc/C 4.03 0.359 0.219  bad m=1 0.00e+00 m=2 0.00e+00 (via N 0.00e+00)  B90 0 B99 0 of 0
L4 L4_380760    C 9.649e-10 sat 0 eps 0.0309  desc/C 0.0501 0 0  bad m=1 nan m=2 nan (via N 0.00e+00)  B90 0 B99 0 of 0
L3 L3_303581    C 9.604e-10 sat 0 eps 0.0077  desc/C 0.155 0.0219 0  bad m=1 0.00e+00 m=2 nan (via N 0.00e+00)  B90 0 B99 0 of 0
L3 L3_340489    C 9.565e-10 sat 0 eps 0.0080  desc/C 1.58 0.362 0.101  bad m=1 0.00e+00 m=2 0.00e+00 (via N 0.00e+00)  B90 0 B99 0 of 0
L2 L2_1637      C 9.536e-10 sat 0 eps 0.2190  desc/C 0.122 0.178 0.0368  bad m=1 0.00e+00 m=2 0.00e+00 (via N 0.00e+00)  B90 0 B99 0 of 0
L4 L4_137382    C 9.519e-10 sat 0 eps 0.0074  desc/C 1.17 0.707 0  bad m=1 5.30e-01 m=2 nan (via N 0.00e+00)  B90 1 B99 1 of 2
L2 L2_715       C 9.483e-10 sat 0 eps 0.1304  desc/C 0.197 0.0862 0.0242  bad m=1 0.00e+00 m=2 0.00e+00 (via N 0.00e+00)  B90 0 B99 0 of 0
L2 L2_1230      C 9.481e-10 sat 0 eps 0.1884  desc/C 6.31 0.387 0.298  bad m=1 9.05e-01 m=2 9.57e-01 (via N 0.00e+00)  B90 1 B99 2 of 3
L1 L1_213       C 9.427e-10 sat 0 eps 1.0000  desc/C 0 0 0  bad m=1 nan m=2 nan (via N 0.00e+00)  B90 0 B99 0 of 0
L1 L1_212       C 9.427e-10 sat 0 eps 1.0000  desc/C 0.0128 0.00107 0  bad m=1 0.00e+00 m=2 nan (via N 0.00e+00)  B90 0 B99 0 of 0
L4 L4_464599    C 9.308e-10 sat 0 eps 0.0073  desc/C 0.167 0.0246 0  bad m=1 0.00e+00 m=2 nan (via N 0.00e+00)  B90 0 B99 0 of 0
L2 L2_1731      C 9.260e-10 sat 0 eps 0.2691  desc/C 0.0593 0.00185 0  bad m=1 0.00e+00 m=2 nan (via N 0.00e+00)  B90 0 B99 0 of 0
L4 L4_77263     C 9.212e-10 sat 0 eps 0.0061  desc/C 0.0219 0.0295 0  bad m=1 0.00e+00 m=2 nan (via N 0.00e+00)  B90 0 B99 0 of 0
L3 L3_855377    C 9.201e-10 sat 0 eps 0.0074  desc/C 0.223 0.161 0.108  bad m=1 0.00e+00 m=2 0.00e+00 (via N 0.00e+00)  B90 0 B99 0 of 0
L3 L3_149692    C 9.187e-10 sat 0 eps 0.0269  desc/C 0.0677 0 0  bad m=1 nan m=2 nan (via N 0.00e+00)  B90 0 B99 0 of 0
L2 L2_19700     C 9.157e-10 sat 0 eps 0.0074  desc/C 0.108 0 0  bad m=1 nan m=2 nan (via N 0.00e+00)  B90 0 B99 0 of 0
L3 L3_175801    C 9.146e-10 sat 0 eps 0.0076  desc/C 0.107 0 0  bad m=1 nan m=2 nan (via N 0.00e+00)  B90 0 B99 0 of 0
L2 L2_61        C 9.142e-10 sat 0 eps 0.0074  desc/C 0.0263 0 0  bad m=1 nan m=2 nan (via N 0.00e+00)  B90 0 B99 0 of 0
L3 L3_191301    C 9.108e-10 sat 0 eps 0.0277  desc/C 0.0424 0 0  bad m=1 nan m=2 nan (via N 0.00e+00)  B90 0 B99 0 of 0
L4 L4_137318    C 9.034e-10 sat 0 eps 0.0069  desc/C 0.0144 0 0  bad m=1 nan m=2 nan (via N 0.00e+00)  B90 0 B99 0 of 0
L3 L3_141024    C 8.940e-10 sat 0 eps 0.0073  desc/C 0.0543 0.0187 0  bad m=1 0.00e+00 m=2 nan (via N 0.00e+00)  B90 0 B99 0 of 0
L4 L4_145707    C 8.935e-10 sat 0 eps 0.0070  desc/C 1.27 0.123 0  bad m=1 8.63e-01 m=2 nan (via N 0.00e+00)  B90 2 B99 2 of 2
L3 L3_27745     C 8.904e-10 sat 0 eps 0.0943  desc/C 0.255 0.216 0.153  bad m=1 0.00e+00 m=2 0.00e+00 (via N 0.00e+00)  B90 0 B99 0 of 0
L2 L2_14456     C 8.850e-10 sat 0 eps 0.0073  desc/C 0.0365 0 0  bad m=1 nan m=2 nan (via N 0.00e+00)  B90 0 B99 0 of 0
L4 L4_68496     C 8.805e-10 sat 0 eps 0.0055  desc/C 0.0405 0.0586 0  bad m=1 0.00e+00 m=2 nan (via N 0.00e+00)  B90 0 B99 0 of 0
L1 L1_219       C 8.717e-10 sat 0 eps 1.0000  desc/C 0.148 0.0172 0  bad m=1 0.00e+00 m=2 nan (via N 0.00e+00)  B90 0 B99 0 of 0
L1 L1_218       C 8.717e-10 sat 0 eps 1.0000  desc/C 0 0 0  bad m=1 nan m=2 nan (via N 0.00e+00)  B90 0 B99 0 of 0
L4 L4_118590    C 8.717e-10 sat 0 eps 0.0051  desc/C 0.17 0.143 0  bad m=1 3.88e-01 m=2 nan (via N 0.00e+00)  B90 1 B99 1 of 1
L4 L4_86287     C 8.716e-10 sat 0 eps 0.0186  desc/C 0.194 0.512 0  bad m=1 2.19e-02 m=2 nan (via N 0.00e+00)  B90 2 B99 2 of 2
L1 L1_214       C 8.716e-10 sat 0 eps 1.0000  desc/C 0 0 0  bad m=1 nan m=2 nan (via N 0.00e+00)  B90 0 B99 0 of 0
L1 L1_215       C 8.716e-10 sat 0 eps 1.0000  desc/C 0.396 0.133 0.0441  bad m=1 0.00e+00 m=2 0.00e+00 (via N 0.00e+00)  B90 0 B99 0 of 0
L1 L1_220       C 8.709e-10 sat 0 eps 1.0000  desc/C 0 0 0  bad m=1 nan m=2 nan (via N 0.00e+00)  B90 0 B99 0 of 0
L1 L1_221       C 8.709e-10 sat 0 eps 1.0000  desc/C 0.0518 0.0056 0  bad m=1 0.00e+00 m=2 nan (via N 0.00e+00)  B90 0 B99 0 of 0
L1 L1_216       C 8.691e-10 sat 0 eps 1.0000  desc/C 0.0774 0.00273 0  bad m=1 0.00e+00 m=2 nan (via N 0.00e+00)  B90 0 B99 0 of 0
L1 L1_217       C 8.691e-10 sat 0 eps 1.0000  desc/C 0 0 0  bad m=1 nan m=2 nan (via N 0.00e+00)  B90 0 B99 0 of 0
L3 L3_27703     C 8.629e-10 sat 0 eps 0.0897  desc/C 1.07 0.0777 0.0744  bad m=1 4.66e-02 m=2 0.00e+00 (via N 0.00e+00)  B90 1 B99 1 of 1
L3 L3_141158    C 8.605e-10 sat 0 eps 0.0246  desc/C 0.0941 0.00391 0  bad m=1 0.00e+00 m=2 nan (via N 0.00e+00)  B90 0 B99 0 of 0
L2 L2_154       C 8.542e-10 sat 0 eps 0.0271  desc/C 0.0289 0.00131 0  bad m=1 0.00e+00 m=2 nan (via N 0.00e+00)  B90 0 B99 0 of 0
L1 L1_222       C 8.441e-10 sat 0 eps 1.0000  desc/C 0.0143 0 0  bad m=1 nan m=2 nan (via N 0.00e+00)  B90 0 B99 0 of 0
L1 L1_223       C 8.441e-10 sat 0 eps 1.0000  desc/C 0 0 0  bad m=1 nan m=2 nan (via N 0.00e+00)  B90 0 B99 0 of 0
L4 L4_349127    C 8.437e-10 sat 0 eps 0.0065  desc/C 0 0.0623 0  bad m=1 0.00e+00 m=2 nan (via N 0.00e+00)  B90 0 B99 0 of 0
L4 L4_172593    C 8.423e-10 sat 0 eps 0.0077  desc/C 0.0618 0.0253 0  bad m=1 0.00e+00 m=2 nan (via N 0.00e+00)  B90 0 B99 0 of 0
L4 L4_438276    C 8.418e-10 sat 0 eps 0.0277  desc/C 0.0197 0 0  bad m=1 nan m=2 nan (via N 0.00e+00)  B90 0 B99 0 of 0
L2 L2_264       C 8.391e-10 sat 0 eps 0.0626  desc/C 0.256 0.00625 0.00214  bad m=1 0.00e+00 m=2 0.00e+00 (via N 0.00e+00)  B90 0 B99 0 of 0
L3 L3_512193    C 8.388e-10 sat 0 eps 0.0070  desc/C 0.208 0.0673 0  bad m=1 1.00e+00 m=2 nan (via N 0.00e+00)  B90 1 B99 1 of 1
L3 L3_749992    C 8.336e-10 sat 0 eps 0.0071  desc/C 0.636 0.054 0.0227  bad m=1 0.00e+00 m=2 0.00e+00 (via N 0.00e+00)  B90 0 B99 0 of 0
L1 L1_224       C 8.289e-10 sat 0 eps 1.0000  desc/C 0 0 0  bad m=1 nan m=2 nan (via N 0.00e+00)  B90 0 B99 0 of 0
L1 L1_225       C 8.289e-10 sat 0 eps 1.0000  desc/C 0.253 0.0512 0.0116  bad m=1 0.00e+00 m=2 0.00e+00 (via N 0.00e+00)  B90 0 B99 0 of 0
L4 L4_328176    C 8.262e-10 sat 0 eps 0.0072  desc/C 1.37 1.95 0  bad m=1 9.68e-01 m=2 nan (via N 0.00e+00)  B90 1 B99 2 of 3
L3 L3_115755    C 8.236e-10 sat 0 eps 0.0636  desc/C 0.00708 0 0  bad m=1 nan m=2 nan (via N 0.00e+00)  B90 0 B99 0 of 0
L3 L3_141045    C 8.213e-10 sat 0 eps 0.0075  desc/C 0.0954 0 0  bad m=1 nan m=2 nan (via N 0.00e+00)  B90 0 B99 0 of 0
L1 L1_226       C 8.204e-10 sat 0 eps 1.0000  desc/C 0 0 0  bad m=1 nan m=2 nan (via N 0.00e+00)  B90 0 B99 0 of 0
L1 L1_227       C 8.204e-10 sat 0 eps 1.0000  desc/C 0.187 0.0218 0  bad m=1 0.00e+00 m=2 nan (via N 0.00e+00)  B90 0 B99 0 of 0
L2 L2_7990      C 8.171e-10 sat 0 eps 0.0072  desc/C 0.136 0.0117 0  bad m=1 0.00e+00 m=2 nan (via N 0.00e+00)  B90 0 B99 0 of 0
L3 L3_27701     C 8.081e-10 sat 0 eps 0.0853  desc/C 0.207 0.228 0.0464  bad m=1 0.00e+00 m=2 0.00e+00 (via N 0.00e+00)  B90 0 B99 0 of 0
L3 L3_27152     C 8.043e-10 sat 0 eps 0.0070  desc/C 0.129 0.128 0.107  bad m=1 0.00e+00 m=2 0.00e+00 (via N 0.00e+00)  B90 0 B99 0 of 0
L2 L2_6         C 8.028e-10 sat 0 eps 0.0071  desc/C 0.585 0.00248 0  bad m=1 0.00e+00 m=2 nan (via N 0.00e+00)  B90 0 B99 0 of 0
L3 L3_14679     C 8.027e-10 sat 0 eps 0.0072  desc/C 0.00434 0 0  bad m=1 nan m=2 nan (via N 0.00e+00)  B90 0 B99 0 of 0
L3 L3_141042    C 8.023e-10 sat 0 eps 0.0073  desc/C 0.0993 0.0258 0  bad m=1 0.00e+00 m=2 nan (via N 0.00e+00)  B90 0 B99 0 of 0
L3 L3_27575     C 7.958e-10 sat 0 eps 0.0799  desc/C 0.425 0.0702 0.0473  bad m=1 0.00e+00 m=2 0.00e+00 (via N 0.00e+00)  B90 0 B99 0 of 0
L4 L4_438134    C 7.949e-10 sat 0 eps 0.0074  desc/C 0.0846 0 0  bad m=1 nan m=2 nan (via N 0.00e+00)  B90 0 B99 0 of 0
L3 L3_346462    C 7.933e-10 sat 0 eps 0.0066  desc/C 0.452 0.177 0.0716  bad m=1 0.00e+00 m=2 0.00e+00 (via N 0.00e+00)  B90 0 B99 0 of 0
L1 L1_228       C 7.769e-10 sat 0 eps 1.0000  desc/C 0 0 0  bad m=1 nan m=2 nan (via N 0.00e+00)  B90 0 B99 0 of 0
L1 L1_229       C 7.769e-10 sat 0 eps 1.0000  desc/C 1.04 0.604 0.00257  bad m=1 0.00e+00 m=2 0.00e+00 (via N 0.00e+00)  B90 0 B99 0 of 0
L3 L3_27830     C 7.762e-10 sat 0 eps 0.1248  desc/C 0.614 0.286 0.12  bad m=1 0.00e+00 m=2 0.00e+00 (via N 0.00e+00)  B90 0 B99 0 of 0
L4 L4_123241    C 7.758e-10 sat 0 eps 0.0061  desc/C 1.79 0.298 0  bad m=1 0.00e+00 m=2 nan (via N 0.00e+00)  B90 0 B99 0 of 0
L4 L4_68928     C 7.755e-10 sat 0 eps 0.0479  desc/C 0.238 0.0208 0  bad m=1 0.00e+00 m=2 nan (via N 0.00e+00)  B90 0 B99 0 of 0
L4 L4_28432     C 7.725e-10 sat 0 eps 0.0458  desc/C 2.29 2.22 0  bad m=1 5.55e-01 m=2 nan (via N 0.00e+00)  B90 1 B99 2 of 2
L3 L3_149614    C 7.709e-10 sat 0 eps 0.0070  desc/C 0.584 0.0465 0.02  bad m=1 0.00e+00 m=2 0.00e+00 (via N 0.00e+00)  B90 0 B99 0 of 0
L2 L2_1396      C 7.698e-10 sat 0 eps 0.1828  desc/C 0.565 0.0407 0  bad m=1 0.00e+00 m=2 nan (via N 0.00e+00)  B90 0 B99 0 of 0
L2 L2_19712     C 7.652e-10 sat 0 eps 0.0070  desc/C 0.203 0.0361 0  bad m=1 0.00e+00 m=2 nan (via N 0.00e+00)  B90 0 B99 0 of 0
L3 L3_27516     C 7.613e-10 sat 0 eps 0.0735  desc/C 0.274 0.17 0.0817  bad m=1 0.00e+00 m=2 0.00e+00 (via N 0.00e+00)  B90 0 B99 0 of 0
L4 L4_180681    C 7.572e-10 sat 0 eps 0.0062  desc/C 0.51 0.559 0  bad m=1 0.00e+00 m=2 nan (via N 0.00e+00)  B90 0 B99 0 of 0
L3 L3_288790    C 7.544e-10 sat 0 eps 0.0068  desc/C 0.292 0.0731 0.0212  bad m=1 0.00e+00 m=2 0.00e+00 (via N 0.00e+00)  B90 0 B99 0 of 0
L1 L1_230       C 7.529e-10 sat 0 eps 1.0000  desc/C 0.00508 0 0  bad m=1 nan m=2 nan (via N 0.00e+00)  B90 0 B99 0 of 0
L1 L1_231       C 7.529e-10 sat 0 eps 1.0000  desc/C 0 0 0  bad m=1 nan m=2 nan (via N 0.00e+00)  B90 0 B99 0 of 0
L4 L4_37817     C 7.526e-10 sat 0 eps 0.0070  desc/C 0.00416 0 0  bad m=1 nan m=2 nan (via N 0.00e+00)  B90 0 B99 0 of 0
L3 L3_149589    C 7.522e-10 sat 0 eps 0.0063  desc/C 0.394 0.389 0.353  bad m=1 0.00e+00 m=2 0.00e+00 (via N 0.00e+00)  B90 0 B99 0 of 0
L4 L4_28851     C 7.519e-10 sat 0 eps 0.0716  desc/C 0.51 0.414 0  bad m=1 0.00e+00 m=2 nan (via N 0.00e+00)  B90 0 B99 0 of 0
L3 L3_149737    C 7.492e-10 sat 0 eps 0.0255  desc/C 0.0766 0.003 0  bad m=1 0.00e+00 m=2 nan (via N 0.00e+00)  B90 0 B99 0 of 0
L3 L3_149708    C 7.488e-10 sat 0 eps 0.0256  desc/C 0.227 0.012 0  bad m=1 0.00e+00 m=2 nan (via N 0.00e+00)  B90 0 B99 0 of 0
L3 L3_572890    C 7.474e-10 sat 0 eps 0.0069  desc/C 1.83 1.5 0.904  bad m=1 7.31e-01 m=2 5.32e-01 (via N 0.00e+00)  B90 1 B99 1 of 2
L4 L4_118576    C 7.447e-10 sat 0 eps 0.0061  desc/C 0.822 0.101 0  bad m=1 0.00e+00 m=2 nan (via N 0.00e+00)  B90 0 B99 0 of 0
L3 L3_42980     C 7.439e-10 sat 0 eps 0.0070  desc/C 0.0343 0 0  bad m=1 nan m=2 nan (via N 0.00e+00)  B90 0 B99 0 of 0
L3 L3_27304     C 7.425e-10 sat 0 eps 0.0635  desc/C 0.0774 0 0  bad m=1 nan m=2 nan (via N 0.00e+00)  B90 0 B99 0 of 0
L4 L4_224246    C 7.349e-10 sat 0 eps 0.0069  desc/C 0.581 0.307 0  bad m=1 0.00e+00 m=2 nan (via N 0.00e+00)  B90 0 B99 0 of 0
L2 L2_586       C 7.328e-10 sat 0 eps 0.1020  desc/C 0.0418 0 0  bad m=1 nan m=2 nan (via N 0.00e+00)  B90 0 B99 0 of 0
L4 L4_86121     C 7.318e-10 sat 0 eps 0.0071  desc/C 2.52 0.974 0  bad m=1 5.67e-01 m=2 nan (via N 0.00e+00)  B90 1 B99 1 of 2
L3 L3_303583    C 7.302e-10 sat 0 eps 0.0074  desc/C 0.0124 0 0  bad m=1 nan m=2 nan (via N 0.00e+00)  B90 0 B99 0 of 0
L1 L1_233       C 7.283e-10 sat 0 eps 1.0000  desc/C 0 0 0  bad m=1 nan m=2 nan (via N 0.00e+00)  B90 0 B99 0 of 0
L1 L1_232       C 7.283e-10 sat 0 eps 1.0000  desc/C 0.0197 0 0  bad m=1 nan m=2 nan (via N 0.00e+00)  B90 0 B99 0 of 0
L4 L4_108704    C 7.256e-10 sat 0 eps 0.0062  desc/C 0.472 0.0788 0  bad m=1 0.00e+00 m=2 nan (via N 0.00e+00)  B90 0 B99 0 of 0
L4 L4_68818     C 7.256e-10 sat 0 eps 0.0639  desc/C 1.71 0.0197 0  bad m=1 0.00e+00 m=2 nan (via N 0.00e+00)  B90 0 B99 0 of 0
L3 L3_27345     C 7.253e-10 sat 0 eps 0.0570  desc/C 0.206 0.753 0.188  bad m=1 0.00e+00 m=2 0.00e+00 (via N 0.00e+00)  B90 0 B99 0 of 0
L2 L2_120       C 7.220e-10 sat 0 eps 0.0256  desc/C 0.113 0.01 0.00155  bad m=1 0.00e+00 m=2 0.00e+00 (via N 0.00e+00)  B90 0 B99 0 of 0
L4 L4_97711     C 7.210e-10 sat 0 eps 0.0068  desc/C 0.153 0.0315 0  bad m=1 0.00e+00 m=2 nan (via N 0.00e+00)  B90 0 B99 0 of 0
L2 L2_1988      C 7.190e-10 sat 0 eps 0.2603  desc/C 0.334 0.443 0.247  bad m=1 0.00e+00 m=2 0.00e+00 (via N 0.00e+00)  B90 0 B99 0 of 0
L2 L2_2043      C 7.174e-10 sat 0 eps 0.2706  desc/C 0.202 0.0157 0.00856  bad m=1 0.00e+00 m=2 0.00e+00 (via N 0.00e+00)  B90 0 B99 0 of 0
L3 L3_340492    C 7.165e-10 sat 0 eps 0.0073  desc/C 0.234 0.247 0.0541  bad m=1 0.00e+00 m=2 0.00e+00 (via N 0.00e+00)  B90 0 B99 0 of 0
L2 L2_1649      C 7.156e-10 sat 0 eps 0.2223  desc/C 0.152 0.196 0.0411  bad m=1 0.00e+00 m=2 0.00e+00 (via N 0.00e+00)  B90 0 B99 0 of 0
L3 L3_294827    C 7.127e-10 sat 0 eps 0.0069  desc/C 0.146 0 0  bad m=1 nan m=2 nan (via N 0.00e+00)  B90 0 B99 0 of 0
L4 L4_218443    C 7.101e-10 sat 0 eps 0.0069  desc/C 0.127 0.013 0  bad m=1 0.00e+00 m=2 nan (via N 0.00e+00)  B90 0 B99 0 of 0
L2 L2_230       C 7.069e-10 sat 0 eps 0.0589  desc/C 0.0521 0 0  bad m=1 nan m=2 nan (via N 0.00e+00)  B90 0 B99 0 of 0
L4 L4_28320     C 7.061e-10 sat 0 eps 0.0425  desc/C 0.248 0.377 0  bad m=1 6.67e-02 m=2 nan (via N 0.00e+00)  B90 2 B99 2 of 2
L4 L4_68493     C 7.057e-10 sat 0 eps 0.0053  desc/C 0.224 0.29 0  bad m=1 0.00e+00 m=2 nan (via N 0.00e+00)  B90 0 B99 0 of 0
L4 L4_118619    C 7.038e-10 sat 0 eps 0.0252  desc/C 0.194 0.0172 0  bad m=1 0.00e+00 m=2 nan (via N 0.00e+00)  B90 0 B99 0 of 0
L2 L2_25678     C 7.038e-10 sat 0 eps 0.0069  desc/C 0.0596 0 0  bad m=1 nan m=2 nan (via N 0.00e+00)  B90 0 B99 0 of 0
L4 L4_205174    C 7.036e-10 sat 0 eps 0.0062  desc/C 0.876 0.688 0  bad m=1 0.00e+00 m=2 nan (via N 0.00e+00)  B90 0 B99 0 of 0
L2 L2_69        C 7.035e-10 sat 0 eps 0.0069  desc/C 0.0355 0 0  bad m=1 nan m=2 nan (via N 0.00e+00)  B90 0 B99 0 of 0
L4 L4_287170    C 7.033e-10 sat 0 eps 0.0069  desc/C 0.00466 0 0  bad m=1 nan m=2 nan (via N 0.00e+00)  B90 0 B99 0 of 0
L4 L4_394682    C 6.962e-10 sat 0 eps 0.0075  desc/C 0.299 0.0437 0  bad m=1 0.00e+00 m=2 nan (via N 0.00e+00)  B90 0 B99 0 of 0
L3 L3_507756    C 6.926e-10 sat 0 eps 0.0064  desc/C 0.052 0 0  bad m=1 nan m=2 nan (via N 0.00e+00)  B90 0 B99 0 of 0
L3 L3_27195     C 6.918e-10 sat 0 eps 0.0250  desc/C 0.248 0.0141 0  bad m=1 0.00e+00 m=2 nan (via N 0.00e+00)  B90 0 B99 0 of 0
L4 L4_269474    C 6.887e-10 sat 0 eps 0.0059  desc/C 0.298 0.814 0  bad m=1 3.18e-02 m=2 nan (via N 0.00e+00)  B90 1 B99 1 of 1
L4 L4_398897    C 6.872e-10 sat 0 eps 0.0069  desc/C 0.619 0.333 0  bad m=1 0.00e+00 m=2 nan (via N 0.00e+00)  B90 0 B99 0 of 0
L3 L3_340501    C 6.755e-10 sat 0 eps 0.0066  desc/C 0.136 0.0321 0  bad m=1 0.00e+00 m=2 nan (via N 0.00e+00)  B90 0 B99 0 of 0
L3 L3_149601    C 6.734e-10 sat 0 eps 0.0068  desc/C 0.047 0.00846 0  bad m=1 0.00e+00 m=2 nan (via N 0.00e+00)  B90 0 B99 0 of 0
L4 L4_1195660   C 6.654e-10 sat 0 eps 0.0068  desc/C 0.79 0.62 0  bad m=1 0.00e+00 m=2 nan (via N 0.00e+00)  B90 0 B99 0 of 0
L3 L3_81160     C 6.650e-10 sat 0 eps 0.0609  desc/C 0.729 0.169 0.0299  bad m=1 0.00e+00 m=2 0.00e+00 (via N 0.00e+00)  B90 0 B99 0 of 0
L2 L2_404       C 6.633e-10 sat 0 eps 0.0725  desc/C 0.0628 0 0  bad m=1 nan m=2 nan (via N 0.00e+00)  B90 0 B99 0 of 0
L2 L2_836       C 6.614e-10 sat 0 eps 0.1090  desc/C 0.165 0.0293 0  bad m=1 0.00e+00 m=2 nan (via N 0.00e+00)  B90 0 B99 0 of 0
L3 L3_264177    C 6.612e-10 sat 0 eps 0.0066  desc/C 0.0396 0 0  bad m=1 nan m=2 nan (via N 0.00e+00)  B90 0 B99 0 of 0
L2 L2_7999      C 6.606e-10 sat 0 eps 0.0068  desc/C 0.0591 0 0  bad m=1 nan m=2 nan (via N 0.00e+00)  B90 0 B99 0 of 0
L3 L3_340498    C 6.594e-10 sat 0 eps 0.0066  desc/C 0.0568 0 0  bad m=1 nan m=2 nan (via N 0.00e+00)  B90 0 B99 0 of 0
L3 L3_512254    C 6.555e-10 sat 0 eps 0.0263  desc/C 0.0495 0.00195 0  bad m=1 0.00e+00 m=2 nan (via N 0.00e+00)  B90 0 B99 0 of 0
L4 L4_438130    C 6.552e-10 sat 0 eps 0.0070  desc/C 0.0258 0 0  bad m=1 nan m=2 nan (via N 0.00e+00)  B90 0 B99 0 of 0
L3 L3_294826    C 6.516e-10 sat 0 eps 0.0066  desc/C 0.0456 0 0  bad m=1 nan m=2 nan (via N 0.00e+00)  B90 0 B99 0 of 0
L3 L3_28048     C 6.499e-10 sat 0 eps 0.1265  desc/C 0.345 0.196 0.0403  bad m=1 0.00e+00 m=2 0.00e+00 (via N 0.00e+00)  B90 0 B99 0 of 0
L4 L4_97694     C 6.479e-10 sat 0 eps 0.0066  desc/C 0.143 0.0307 0  bad m=1 0.00e+00 m=2 nan (via N 0.00e+00)  B90 0 B99 0 of 0
L2 L2_19649     C 6.478e-10 sat 0 eps 0.0067  desc/C 0.104 0 0  bad m=1 nan m=2 nan (via N 0.00e+00)  B90 0 B99 0 of 0
L2 L2_229       C 6.463e-10 sat 0 eps 0.0575  desc/C 0.0269 0 0  bad m=1 nan m=2 nan (via N 0.00e+00)  B90 0 B99 0 of 0
L2 L2_20017     C 6.299e-10 sat 0 eps 0.0695  desc/C 0.0123 0 0  bad m=1 nan m=2 nan (via N 0.00e+00)  B90 0 B99 0 of 0
L3 L3_352964    C 6.211e-10 sat 0 eps 0.0067  desc/C 0 0 0  bad m=1 nan m=2 nan (via N 0.00e+00)  B90 0 B99 0 of 0
L2 L2_1485      C 6.197e-10 sat 0 eps 0.1977  desc/C 0.295 0.0281 0  bad m=1 0.00e+00 m=2 nan (via N 0.00e+00)  B90 0 B99 0 of 0
L3 L3_537678    C 6.177e-10 sat 0 eps 0.0066  desc/C 0.653 0.0573 0  bad m=1 0.00e+00 m=2 nan (via N 0.00e+00)  B90 0 B99 0 of 0
L4 L4_118571    C 6.155e-10 sat 0 eps 0.0050  desc/C 13.7 6.75 0  bad m=1 0.00e+00 m=2 nan (via N 0.00e+00)  B90 0 B99 0 of 0
L3 L3_27482     C 6.147e-10 sat 0 eps 0.0541  desc/C 0.241 0.0594 0.0703  bad m=1 0.00e+00 m=2 0.00e+00 (via N 0.00e+00)  B90 0 B99 0 of 0
L4 L4_28103     C 6.145e-10 sat 0 eps 0.0057  desc/C 0.0527 0 0  bad m=1 nan m=2 nan (via N 0.00e+00)  B90 0 B99 0 of 0
L4 L4_77225     C 6.123e-10 sat 0 eps 0.0059  desc/C 0.787 0.265 0  bad m=1 0.00e+00 m=2 nan (via N 0.00e+00)  B90 0 B99 0 of 0
L2 L2_571061    C 6.113e-10 sat 0 eps 0.0067  desc/C 0.0669 0 0  bad m=1 nan m=2 nan (via N 0.00e+00)  B90 0 B99 0 of 0
L2 L2_19685     C 6.107e-10 sat 0 eps 0.0066  desc/C 0.133 0.0438 0  bad m=1 0.00e+00 m=2 nan (via N 0.00e+00)  B90 0 B99 0 of 0
L4 L4_224235    C 6.070e-10 sat 0 eps 0.0057  desc/C 0.0185 0 0  bad m=1 nan m=2 nan (via N 0.00e+00)  B90 0 B99 0 of 0
L2 L2_19677     C 6.050e-10 sat 0 eps 0.0067  desc/C 0.117 0 0  bad m=1 nan m=2 nan (via N 0.00e+00)  B90 0 B99 0 of 0
L4 L4_118584    C 6.023e-10 sat 0 eps 0.0057  desc/C 0.0715 0.0251 0  bad m=1 0.00e+00 m=2 nan (via N 0.00e+00)  B90 0 B99 0 of 0
L2 L2_2390      C 6.010e-10 sat 0 eps 0.2841  desc/C 0.157 0.0406 0  bad m=1 0.00e+00 m=2 nan (via N 0.00e+00)  B90 0 B99 0 of 0
L3 L3_384367    C 6.009e-10 sat 0 eps 0.0064  desc/C 0.549 0.47 0.0727  bad m=1 9.57e-01 m=2 8.98e-01 (via N 0.00e+00)  B90 1 B99 2 of 2
L4 L4_123291    C 5.987e-10 sat 0 eps 0.0067  desc/C 0 0 0  bad m=1 nan m=2 nan (via N 0.00e+00)  B90 0 B99 0 of 0
L3 L3_42986     C 5.953e-10 sat 0 eps 0.0067  desc/C 0.0948 0 0  bad m=1 nan m=2 nan (via N 0.00e+00)  B90 0 B99 0 of 0
L4 L4_28289     C 5.907e-10 sat 0 eps 0.0393  desc/C 2.04 0.175 0  bad m=1 5.26e-01 m=2 nan (via N 0.00e+00)  B90 2 B99 2 of 2
L3 L3_141030    C 5.906e-10 sat 0 eps 0.0064  desc/C 0.172 0.0313 0.00741  bad m=1 0.00e+00 m=2 0.00e+00 (via N 0.00e+00)  B90 0 B99 0 of 0
L2 L2_166       C 5.872e-10 sat 0 eps 0.0247  desc/C 0.00854 0 0  bad m=1 nan m=2 nan (via N 0.00e+00)  B90 0 B99 0 of 0
L3 L3_126       C 5.871e-10 sat 0 eps 0.0066  desc/C 0.558 0.537 0.504  bad m=1 0.00e+00 m=2 0.00e+00 (via N 0.00e+00)  B90 0 B99 0 of 0
L3 L3_43203     C 5.863e-10 sat 0 eps 0.0243  desc/C 0.0121 0 0  bad m=1 nan m=2 nan (via N 0.00e+00)  B90 0 B99 0 of 0
L4 L4_513232    C 5.853e-10 sat 0 eps 0.0077  desc/C 2.04 0.307 0  bad m=1 3.59e-01 m=2 nan (via N 0.00e+00)  B90 3 B99 4 of 4
L3 L3_498642    C 5.838e-10 sat 0 eps 0.0058  desc/C 1.3 0.666 0.725  bad m=1 0.00e+00 m=2 0.00e+00 (via N 0.00e+00)  B90 0 B99 0 of 0
L3 L3_384383    C 5.838e-10 sat 0 eps 0.0061  desc/C 0.911 0.138 0.0235  bad m=1 0.00e+00 m=2 0.00e+00 (via N 0.00e+00)  B90 0 B99 0 of 0
L4 L4_154834    C 5.836e-10 sat 0 eps 0.0062  desc/C 0.18 0.0397 0  bad m=1 0.00e+00 m=2 nan (via N 0.00e+00)  B90 0 B99 0 of 0
L2 L2_25637     C 5.835e-10 sat 0 eps 0.0066  desc/C 1.01 0.562 0.54  bad m=1 0.00e+00 m=2 0.00e+00 (via N 0.00e+00)  B90 0 B99 0 of 0
L4 L4_309658    C 5.830e-10 sat 0 eps 0.0068  desc/C 0.501 0.0503 0  bad m=1 0.00e+00 m=2 nan (via N 0.00e+00)  B90 0 B99 0 of 0
L2 L2_228       C 5.828e-10 sat 0 eps 0.0556  desc/C 0.0407 0 0  bad m=1 nan m=2 nan (via N 0.00e+00)  B90 0 B99 0 of 0
L3 L3_370505    C 5.759e-10 sat 0 eps 0.0058  desc/C 0.037 0 0  bad m=1 nan m=2 nan (via N 0.00e+00)  B90 0 B99 0 of 0
L4 L4_86226     C 5.751e-10 sat 0 eps 0.0237  desc/C 0.639 0.236 0  bad m=1 0.00e+00 m=2 nan (via N 0.00e+00)  B90 0 B99 0 of 0
L2 L2_167       C 5.715e-10 sat 0 eps 0.0244  desc/C 0.11 0.0134 0.00512  bad m=1 0.00e+00 m=2 0.00e+00 (via N 0.00e+00)  B90 0 B99 0 of 0
L3 L3_141091    C 5.705e-10 sat 0 eps 0.0063  desc/C 0.781 0.428 0.198  bad m=1 0.00e+00 m=2 0.00e+00 (via N 0.00e+00)  B90 0 B99 0 of 0
L1 L1_237       C 5.649e-10 sat 0 eps 1.0000  desc/C 0 0 0  bad m=1 nan m=2 nan (via N 0.00e+00)  B90 0 B99 0 of 0
L1 L1_236       C 5.649e-10 sat 0 eps 1.0000  desc/C 0.0215 0 0  bad m=1 nan m=2 nan (via N 0.00e+00)  B90 0 B99 0 of 0
L2 L2_251       C 5.641e-10 sat 0 eps 0.0550  desc/C 0.0178 0 0  bad m=1 nan m=2 nan (via N 0.00e+00)  B90 0 B99 0 of 0
L1 L1_235       C 5.620e-10 sat 0 eps 1.0000  desc/C 0.431 0.076 0.0317  bad m=1 0.00e+00 m=2 0.00e+00 (via N 0.00e+00)  B90 0 B99 0 of 0
L1 L1_234       C 5.620e-10 sat 0 eps 1.0000  desc/C 0 0 0  bad m=1 nan m=2 nan (via N 0.00e+00)  B90 0 B99 0 of 0
L3 L3_149713    C 5.618e-10 sat 0 eps 0.0252  desc/C 1.05 0.523 0.0522  bad m=1 0.00e+00 m=2 0.00e+00 (via N 0.00e+00)  B90 0 B99 0 of 0
L2 L2_656       C 5.616e-10 sat 0 eps 0.0995  desc/C 0.0345 0 0  bad m=1 nan m=2 nan (via N 0.00e+00)  B90 0 B99 0 of 0
L3 L3_380629    C 5.586e-10 sat 0 eps 0.0062  desc/C 3.35 1.89 1.69  bad m=1 2.72e-01 m=2 5.08e-01 (via N 0.00e+00)  B90 1 B99 1 of 2
L4 L4_137320    C 5.564e-10 sat 0 eps 0.0061  desc/C 10.7 0.124 0  bad m=1 0.00e+00 m=2 nan (via N 0.00e+00)  B90 0 B99 0 of 0
L3 L3_141145    C 5.562e-10 sat 0 eps 0.0239  desc/C 0.0724 0.00252 0  bad m=1 0.00e+00 m=2 nan (via N 0.00e+00)  B90 0 B99 0 of 0
L4 L4_28423     C 5.542e-10 sat 0 eps 0.0679  desc/C 1.31 1.03 0  bad m=1 0.00e+00 m=2 nan (via N 0.00e+00)  B90 0 B99 0 of 0
L3 L3_149600    C 5.540e-10 sat 0 eps 0.0064  desc/C 0.0793 0.0692 0.0452  bad m=1 0.00e+00 m=2 0.00e+00 (via N 0.00e+00)  B90 0 B99 0 of 0
L4 L4_86277     C 5.517e-10 sat 0 eps 0.0261  desc/C 0.777 0.313 0  bad m=1 0.00e+00 m=2 nan (via N 0.00e+00)  B90 0 B99 0 of 0
L2 L2_769       C 5.516e-10 sat 0 eps 0.1081  desc/C 0.476 0.121 0.0634  bad m=1 0.00e+00 m=2 0.00e+00 (via N 0.00e+00)  B90 0 B99 0 of 0
L2 L2_889       C 5.474e-10 sat 0 eps 0.1488  desc/C 0.0334 0.00289 0  bad m=1 0.00e+00 m=2 nan (via N 0.00e+00)  B90 0 B99 0 of 0
L3 L3_141395    C 5.461e-10 sat 0 eps 0.0593  desc/C 0.0988 0.00759 0  bad m=1 0.00e+00 m=2 nan (via N 0.00e+00)  B90 0 B99 0 of 0
L1 L1_238       C 5.460e-10 sat 0 eps 1.0000  desc/C 0 0 0  bad m=1 nan m=2 nan (via N 0.00e+00)  B90 0 B99 0 of 0
L1 L1_239       C 5.460e-10 sat 0 eps 1.0000  desc/C 1.07 1.08 0.6  bad m=1 0.00e+00 m=2 0.00e+00 (via N 0.00e+00)  B90 0 B99 0 of 0
L4 L4_145644    C 5.456e-10 sat 0 eps 0.0060  desc/C 1.26 1.51 0  bad m=1 0.00e+00 m=2 nan (via N 0.00e+00)  B90 0 B99 0 of 0
L3 L3_273514    C 5.456e-10 sat 0 eps 0.0065  desc/C 0 0 0  bad m=1 nan m=2 nan (via N 0.00e+00)  B90 0 B99 0 of 0
L4 L4_317381    C 5.446e-10 sat 0 eps 0.0053  desc/C 1.35 0.975 0  bad m=1 7.86e-01 m=2 nan (via N 0.00e+00)  B90 1 B99 2 of 2
L4 L4_197227    C 5.443e-10 sat 0 eps 0.0065  desc/C 0 0 0  bad m=1 nan m=2 nan (via N 0.00e+00)  B90 0 B99 0 of 0
L4 L4_477642    C 5.437e-10 sat 0 eps 0.0065  desc/C 0.178 0.0526 0  bad m=1 0.00e+00 m=2 nan (via N 0.00e+00)  B90 0 B99 0 of 0
L3 L3_27169     C 5.435e-10 sat 0 eps 0.0065  desc/C 0 0 0  bad m=1 nan m=2 nan (via N 0.00e+00)  B90 0 B99 0 of 0
L4 L4_309628    C 5.422e-10 sat 0 eps 0.0070  desc/C 0.187 0.0375 0  bad m=1 0.00e+00 m=2 nan (via N 0.00e+00)  B90 0 B99 0 of 0
L2 L2_106       C 5.416e-10 sat 0 eps 0.0244  desc/C 0.0245 0 0  bad m=1 nan m=2 nan (via N 0.00e+00)  B90 0 B99 0 of 0
L4 L4_28167     C 5.408e-10 sat 0 eps 0.0208  desc/C 0.0221 0 0  bad m=1 nan m=2 nan (via N 0.00e+00)  B90 0 B99 0 of 0
L3 L3_27620     C 5.368e-10 sat 0 eps 0.0746  desc/C 0.603 0.0341 0  bad m=1 0.00e+00 m=2 nan (via N 0.00e+00)  B90 0 B99 0 of 0
L2 L2_499       C 5.362e-10 sat 0 eps 0.0762  desc/C 0.048 0.00746 0  bad m=1 0.00e+00 m=2 nan (via N 0.00e+00)  B90 0 B99 0 of 0
L1 L1_240       C 5.326e-10 sat 0 eps 1.0000  desc/C 0.0107 0.00313 0  bad m=1 0.00e+00 m=2 nan (via N 0.00e+00)  B90 0 B99 0 of 0
L1 L1_241       C 5.326e-10 sat 0 eps 1.0000  desc/C 0 0 0  bad m=1 nan m=2 nan (via N 0.00e+00)  B90 0 B99 0 of 0
L3 L3_384401    C 5.296e-10 sat 0 eps 0.0057  desc/C 1.97 1.07 0.685  bad m=1 0.00e+00 m=2 0.00e+00 (via N 0.00e+00)  B90 0 B99 0 of 0
L4 L4_123242    C 5.284e-10 sat 0 eps 0.0056  desc/C 0.746 0.972 0  bad m=1 0.00e+00 m=2 nan (via N 0.00e+00)  B90 0 B99 0 of 0
L3 L3_191425    C 5.235e-10 sat 0 eps 0.0561  desc/C 0.0832 0 0  bad m=1 nan m=2 nan (via N 0.00e+00)  B90 0 B99 0 of 0
L3 L3_537680    C 5.219e-10 sat 0 eps 0.0064  desc/C 0 0 0  bad m=1 nan m=2 nan (via N 0.00e+00)  B90 0 B99 0 of 0
L4 L4_118610    C 5.216e-10 sat 0 eps 0.0177  desc/C 0.135 0.368 0  bad m=1 0.00e+00 m=2 nan (via N 0.00e+00)  B90 0 B99 0 of 0
L2 L2_19785     C 5.215e-10 sat 0 eps 0.0240  desc/C 0.0884 0 0  bad m=1 nan m=2 nan (via N 0.00e+00)  B90 0 B99 0 of 0
L4 L4_317400    C 5.213e-10 sat 0 eps 0.0059  desc/C 0.15 0.0263 0  bad m=1 0.00e+00 m=2 nan (via N 0.00e+00)  B90 0 B99 0 of 0
L1 L1_242       C 5.203e-10 sat 0 eps 1.0000  desc/C 0 0 0  bad m=1 nan m=2 nan (via N 0.00e+00)  B90 0 B99 0 of 0
L1 L1_243       C 5.203e-10 sat 0 eps 1.0000  desc/C 0.745 0.416 0  bad m=1 0.00e+00 m=2 nan (via N 0.00e+00)  B90 0 B99 0 of 0
L2 L2_2049      C 5.201e-10 sat 0 eps 0.2385  desc/C 0.0506 0.0615 0.00802  bad m=1 8.86e-02 m=2 0.00e+00 (via N 0.00e+00)  B90 1 B99 1 of 1
L2 L2_25677     C 5.195e-10 sat 0 eps 0.0064  desc/C 0.0706 0 0  bad m=1 nan m=2 nan (via N 0.00e+00)  B90 0 B99 0 of 0
L4 L4_97726     C 5.185e-10 sat 0 eps 0.0063  desc/C 0.0832 0.0365 0  bad m=1 0.00e+00 m=2 nan (via N 0.00e+00)  B90 0 B99 0 of 0
L3 L3_27192     C 5.170e-10 sat 0 eps 0.0233  desc/C 0.132 0.0129 0  bad m=1 0.00e+00 m=2 nan (via N 0.00e+00)  B90 0 B99 0 of 0
L4 L4_118625    C 5.153e-10 sat 0 eps 0.0223  desc/C 0.134 0.0493 0  bad m=1 0.00e+00 m=2 nan (via N 0.00e+00)  B90 0 B99 0 of 0
L2 L2_114       C 5.150e-10 sat 0 eps 0.0238  desc/C 0.191 0.00649 0  bad m=1 0.00e+00 m=2 nan (via N 0.00e+00)  B90 0 B99 0 of 0
L1 L1_246       C 5.100e-10 sat 0 eps 1.0000  desc/C 0 0 0  bad m=1 nan m=2 nan (via N 0.00e+00)  B90 0 B99 0 of 0
L1 L1_247       C 5.100e-10 sat 0 eps 1.0000  desc/C 0 0 0  bad m=1 nan m=2 nan (via N 0.00e+00)  B90 0 B99 0 of 0
L1 L1_245       C 5.099e-10 sat 0 eps 1.0000  desc/C 0 0 0  bad m=1 nan m=2 nan (via N 0.00e+00)  B90 0 B99 0 of 0
L1 L1_244       C 5.099e-10 sat 0 eps 1.0000  desc/C 0.0111 0 0  bad m=1 nan m=2 nan (via N 0.00e+00)  B90 0 B99 0 of 0
L2 L2_28        C 5.094e-10 sat 0 eps 0.0063  desc/C 0.504 0.678 0.296  bad m=1 0.00e+00 m=2 0.00e+00 (via N 0.00e+00)  B90 0 B99 0 of 0
L2 L2_2454      C 5.090e-10 sat 0 eps 0.2845  desc/C 0.145 0.425 0.0872  bad m=1 0.00e+00 m=2 0.00e+00 (via N 0.00e+00)  B90 0 B99 0 of 0
L1 L1_248       C 5.066e-10 sat 0 eps 1.0000  desc/C 0 0 0  bad m=1 nan m=2 nan (via N 0.00e+00)  B90 0 B99 0 of 0
L1 L1_249       C 5.066e-10 sat 0 eps 1.0000  desc/C 0.384 0.149 0  bad m=1 0.00e+00 m=2 nan (via N 0.00e+00)  B90 0 B99 0 of 0
L2 L2_19678     C 5.054e-10 sat 0 eps 0.0064  desc/C 0.265 0 0  bad m=1 nan m=2 nan (via N 0.00e+00)  B90 0 B99 0 of 0
L4 L4_28119     C 5.040e-10 sat 0 eps 0.0050  desc/C 0.265 0.233 0  bad m=1 0.00e+00 m=2 nan (via N 0.00e+00)  B90 0 B99 0 of 0
L3 L3_591747    C 5.036e-10 sat 0 eps 0.0063  desc/C 0.514 0.0379 0  bad m=1 0.00e+00 m=2 nan (via N 0.00e+00)  B90 0 B99 0 of 0
L4 L4_1078368   C 5.007e-10 sat 0 eps 0.0062  desc/C 0.16 0.0306 0  bad m=1 0.00e+00 m=2 nan (via N 0.00e+00)  B90 0 B99 0 of 0
L3 L3_149688    C 5.000e-10 sat 0 eps 0.0205  desc/C 1.06 0.796 1.03  bad m=1 0.00e+00 m=2 0.00e+00 (via N 0.00e+00)  B90 0 B99 0 of 0
L2 L2_46        C 4.969e-10 sat 0 eps 0.0063  desc/C 0.308 0 0  bad m=1 nan m=2 nan (via N 0.00e+00)  B90 0 B99 0 of 0
L1 L1_251       C 4.960e-10 sat 0 eps 1.0000  desc/C 0 0 0  bad m=1 nan m=2 nan (via N 0.00e+00)  B90 0 B99 0 of 0
L1 L1_250       C 4.960e-10 sat 0 eps 1.0000  desc/C 0.00786 0 0  bad m=1 nan m=2 nan (via N 0.00e+00)  B90 0 B99 0 of 0
L3 L3_131370    C 4.940e-10 sat 0 eps 0.0478  desc/C 0.409 0.0796 0.012  bad m=1 0.00e+00 m=2 0.00e+00 (via N 0.00e+00)  B90 0 B99 0 of 0
L1 L1_252       C 4.915e-10 sat 0 eps 1.0000  desc/C 0 0 0  bad m=1 nan m=2 nan (via N 0.00e+00)  B90 0 B99 0 of 0
L1 L1_253       C 4.915e-10 sat 0 eps 1.0000  desc/C 0 0 0  bad m=1 nan m=2 nan (via N 0.00e+00)  B90 0 B99 0 of 0
L3 L3_28093     C 4.904e-10 sat 0 eps 0.1250  desc/C 0.204 0.818 0.263  bad m=1 0.00e+00 m=2 0.00e+00 (via N 0.00e+00)  B90 0 B99 0 of 0
L4 L4_601918    C 4.885e-10 sat 0 eps 0.0064  desc/C 0.219 0.0479 0  bad m=1 0.00e+00 m=2 nan (via N 0.00e+00)  B90 0 B99 0 of 0
L1 L1_259       C 4.866e-10 sat 0 eps 1.0000  desc/C 0 0 0  bad m=1 nan m=2 nan (via N 0.00e+00)  B90 0 B99 0 of 0
L1 L1_258       C 4.866e-10 sat 0 eps 1.0000  desc/C 0.0227 0.00329 0  bad m=1 0.00e+00 m=2 nan (via N 0.00e+00)  B90 0 B99 0 of 0
L1 L1_257       C 4.865e-10 sat 0 eps 1.0000  desc/C 0 0 0  bad m=1 nan m=2 nan (via N 0.00e+00)  B90 0 B99 0 of 0
L1 L1_256       C 4.865e-10 sat 0 eps 1.0000  desc/C 0.00874 0 0  bad m=1 nan m=2 nan (via N 0.00e+00)  B90 0 B99 0 of 0
L3 L3_27400     C 4.861e-10 sat 0 eps 0.0463  desc/C 0.234 0.538 0.183  bad m=1 8.04e-02 m=2 1.10e-01 (via N 0.00e+00)  B90 1 B99 1 of 1
L1 L1_254       C 4.860e-10 sat 0 eps 1.0000  desc/C 0 0 0  bad m=1 nan m=2 nan (via N 0.00e+00)  B90 0 B99 0 of 0
L1 L1_255       C 4.860e-10 sat 0 eps 1.0000  desc/C 0.0284 0 0  bad m=1 nan m=2 nan (via N 0.00e+00)  B90 0 B99 0 of 0
L3 L3_242579    C 4.824e-10 sat 0 eps 0.0063  desc/C 0.198 0.0509 0.0311  bad m=1 0.00e+00 m=2 0.00e+00 (via N 0.00e+00)  B90 0 B99 0 of 0
L4 L4_123280    C 4.815e-10 sat 0 eps 0.0052  desc/C 0.0204 0 0  bad m=1 nan m=2 nan (via N 0.00e+00)  B90 0 B99 0 of 0
L4 L4_86008     C 4.803e-10 sat 0 eps 0.0060  desc/C 0.234 0.0414 0  bad m=1 0.00e+00 m=2 nan (via N 0.00e+00)  B90 0 B99 0 of 0
L3 L3_255399    C 4.801e-10 sat 0 eps 0.0063  desc/C 0.231 0.062 0  bad m=1 0.00e+00 m=2 nan (via N 0.00e+00)  B90 0 B99 0 of 0
L3 L3_231178    C 4.798e-10 sat 0 eps 0.0064  desc/C 0.105 0 0  bad m=1 nan m=2 nan (via N 0.00e+00)  B90 0 B99 0 of 0
L4 L4_28129     C 4.784e-10 sat 0 eps 0.0049  desc/C 0.0756 0.203 0  bad m=1 0.00e+00 m=2 nan (via N 0.00e+00)  B90 0 B99 0 of 0
L1 L1_260       C 4.781e-10 sat 0 eps 1.0000  desc/C 0 0 0  bad m=1 nan m=2 nan (via N 0.00e+00)  B90 0 B99 0 of 0
L1 L1_261       C 4.781e-10 sat 0 eps 1.0000  desc/C 0 0.00644 0  bad m=1 0.00e+00 m=2 nan (via N 0.00e+00)  B90 0 B99 0 of 0
L3 L3_27206     C 4.757e-10 sat 0 eps 0.0228  desc/C 0.268 0.0154 0.00502  bad m=1 0.00e+00 m=2 0.00e+00 (via N 0.00e+00)  B90 0 B99 0 of 0
L1 L1_263       C 4.754e-10 sat 0 eps 1.0000  desc/C 0.196 0.00791 0  bad m=1 0.00e+00 m=2 nan (via N 0.00e+00)  B90 0 B99 0 of 0
L1 L1_262       C 4.754e-10 sat 0 eps 1.0000  desc/C 0 0 0  bad m=1 nan m=2 nan (via N 0.00e+00)  B90 0 B99 0 of 0
L4 L4_137321    C 4.753e-10 sat 0 eps 0.0058  desc/C 0.139 0 0  bad m=1 nan m=2 nan (via N 0.00e+00)  B90 0 B99 0 of 0
L2 L2_1148      C 4.733e-10 sat 0 eps 0.1581  desc/C 1.18 0.0953 0.081  bad m=1 0.00e+00 m=2 0.00e+00 (via N 0.00e+00)  B90 0 B99 0 of 0
L4 L4_341095    C 4.690e-10 sat 0 eps 0.0050  desc/C 12.2 2.41 0  bad m=1 4.90e-02 m=2 nan (via N 0.00e+00)  B90 2 B99 2 of 2
L2 L2_35106     C 4.680e-10 sat 0 eps 0.0062  desc/C 1.05 0.204 0.0525  bad m=1 0.00e+00 m=2 0.00e+00 (via N 0.00e+00)  B90 0 B99 0 of 0
L3 L3_14661     C 4.673e-10 sat 0 eps 0.0063  desc/C 0.00427 0 0  bad m=1 nan m=2 nan (via N 0.00e+00)  B90 0 B99 0 of 0
L1 L1_267       C 4.664e-10 sat 0 eps 1.0000  desc/C 0 0 0  bad m=1 nan m=2 nan (via N 0.00e+00)  B90 0 B99 0 of 0
L1 L1_266       C 4.664e-10 sat 0 eps 1.0000  desc/C 0.014 0 0  bad m=1 nan m=2 nan (via N 0.00e+00)  B90 0 B99 0 of 0
L4 L4_218428    C 4.661e-10 sat 0 eps 0.0065  desc/C 0.471 0.199 0  bad m=1 0.00e+00 m=2 nan (via N 0.00e+00)  B90 0 B99 0 of 0
L2 L2_609       C 4.659e-10 sat 0 eps 0.0897  desc/C 0.19 0.013 0  bad m=1 0.00e+00 m=2 nan (via N 0.00e+00)  B90 0 B99 0 of 0
L1 L1_264       C 4.652e-10 sat 0 eps 1.0000  desc/C 0 0 0  bad m=1 nan m=2 nan (via N 0.00e+00)  B90 0 B99 0 of 0
L1 L1_265       C 4.652e-10 sat 0 eps 1.0000  desc/C 0.156 0.023 0  bad m=1 0.00e+00 m=2 nan (via N 0.00e+00)  B90 0 B99 0 of 0
L4 L4_145682    C 4.646e-10 sat 0 eps 0.0062  desc/C 0.473 0.239 0  bad m=1 0.00e+00 m=2 nan (via N 0.00e+00)  B90 0 B99 0 of 0
L3 L3_27507     C 4.640e-10 sat 0 eps 0.0778  desc/C 0.00877 0 0  bad m=1 nan m=2 nan (via N 0.00e+00)  B90 0 B99 0 of 0
L4 L4_68485     C 4.638e-10 sat 0 eps 0.0047  desc/C 0.0197 0 0  bad m=1 nan m=2 nan (via N 0.00e+00)  B90 0 B99 0 of 0
L1 L1_269       C 4.635e-10 sat 0 eps 1.0000  desc/C 0 0 0  bad m=1 nan m=2 nan (via N 0.00e+00)  B90 0 B99 0 of 0
L1 L1_268       C 4.635e-10 sat 0 eps 1.0000  desc/C 0 0 0  bad m=1 nan m=2 nan (via N 0.00e+00)  B90 0 B99 0 of 0
L3 L3_141047    C 4.612e-10 sat 0 eps 0.0067  desc/C 0.0904 0 0  bad m=1 nan m=2 nan (via N 0.00e+00)  B90 0 B99 0 of 0
L3 L3_149587    C 4.592e-10 sat 0 eps 0.0065  desc/C 0.0809 0.0331 0  bad m=1 0.00e+00 m=2 nan (via N 0.00e+00)  B90 0 B99 0 of 0
L2 L2_7951      C 4.584e-10 sat 0 eps 0.0062  desc/C 0.616 0.00257 0  bad m=1 0.00e+00 m=2 nan (via N 0.00e+00)  B90 0 B99 0 of 0
L4 L4_280215    C 4.579e-10 sat 0 eps 0.0051  desc/C 3.81 1.85 0  bad m=1 0.00e+00 m=2 nan (via N 0.00e+00)  B90 0 B99 0 of 0
L4 L4_172550    C 4.579e-10 sat 0 eps 0.0065  desc/C 0.216 0.153 0  bad m=1 0.00e+00 m=2 nan (via N 0.00e+00)  B90 0 B99 0 of 0
L3 L3_27765     C 4.562e-10 sat 0 eps 0.0815  desc/C 0.56 0.154 0.149  bad m=1 9.99e-02 m=2 4.55e-02 (via N 0.00e+00)  B90 1 B99 1 of 1
L3 L3_175787    C 4.547e-10 sat 0 eps 0.0062  desc/C 0.229 0.0621 0  bad m=1 0.00e+00 m=2 nan (via N 0.00e+00)  B90 0 B99 0 of 0
L4 L4_28452     C 4.537e-10 sat 0 eps 0.0433  desc/C 0.0993 0.635 0  bad m=1 0.00e+00 m=2 nan (via N 0.00e+00)  B90 0 B99 0 of 0
L4 L4_37804     C 4.520e-10 sat 0 eps 0.0062  desc/C 0.00414 0 0  bad m=1 nan m=2 nan (via N 0.00e+00)  B90 0 B99 0 of 0
L3 L3_202456    C 4.508e-10 sat 0 eps 0.0060  desc/C 0.0363 0 0  bad m=1 nan m=2 nan (via N 0.00e+00)  B90 0 B99 0 of 0
L3 L3_141213    C 4.507e-10 sat 0 eps 0.0233  desc/C 0.682 0.00755 0.00904  bad m=1 0.00e+00 m=2 0.00e+00 (via N 0.00e+00)  B90 0 B99 0 of 0
L3 L3_370511    C 4.501e-10 sat 0 eps 0.0054  desc/C 0.083 0.133 0.0196  bad m=1 0.00e+00 m=2 0.00e+00 (via N 0.00e+00)  B90 0 B99 0 of 0
L3 L3_591748    C 4.495e-10 sat 0 eps 0.0062  desc/C 0 0 0  bad m=1 nan m=2 nan (via N 0.00e+00)  B90 0 B99 0 of 0
L3 L3_131033    C 4.490e-10 sat 0 eps 0.0061  desc/C 0.0563 0 0  bad m=1 nan m=2 nan (via N 0.00e+00)  B90 0 B99 0 of 0
L3 L3_384346    C 4.443e-10 sat 0 eps 0.0057  desc/C 0.355 0.443 0.538  bad m=1 0.00e+00 m=2 0.00e+00 (via N 0.00e+00)  B90 0 B99 0 of 0
L2 L2_239       C 4.439e-10 sat 0 eps 0.0518  desc/C 0.0166 0 0  bad m=1 nan m=2 nan (via N 0.00e+00)  B90 0 B99 0 of 0
L3 L3_380644    C 4.437e-10 sat 0 eps 0.0062  desc/C 0.105 0 0  bad m=1 nan m=2 nan (via N 0.00e+00)  B90 0 B99 0 of 0
L2 L2_113032    C 4.403e-10 sat 0 eps 0.0062  desc/C 0.0425 0 0  bad m=1 nan m=2 nan (via N 0.00e+00)  B90 0 B99 0 of 0
L4 L4_238233    C 4.403e-10 sat 0 eps 0.0060  desc/C 0.104 0 0  bad m=1 nan m=2 nan (via N 0.00e+00)  B90 0 B99 0 of 0
L1 L1_270       C 4.402e-10 sat 0 eps 1.0000  desc/C 0 0 0  bad m=1 nan m=2 nan (via N 0.00e+00)  B90 0 B99 0 of 0
L1 L1_271       C 4.402e-10 sat 0 eps 1.0000  desc/C 1.04 0.642 0.00268  bad m=1 0.00e+00 m=2 0.00e+00 (via N 0.00e+00)  B90 0 B99 0 of 0
L4 L4_205181    C 4.402e-10 sat 0 eps 0.0049  desc/C 11.1 1.17 0  bad m=1 1.50e-01 m=2 nan (via N 0.00e+00)  B90 2 B99 3 of 3
L4 L4_145750    C 4.393e-10 sat 0 eps 0.0059  desc/C 0.553 0.257 0  bad m=1 0.00e+00 m=2 nan (via N 0.00e+00)  B90 0 B99 0 of 0
L4 L4_97708     C 4.391e-10 sat 0 eps 0.0060  desc/C 0.078 0.0352 0  bad m=1 0.00e+00 m=2 nan (via N 0.00e+00)  B90 0 B99 0 of 0
L4 L4_172718    C 4.387e-10 sat 0 eps 0.0240  desc/C 0.0646 0 0  bad m=1 nan m=2 nan (via N 0.00e+00)  B90 0 B99 0 of 0
L3 L3_221359    C 4.372e-10 sat 0 eps 0.0061  desc/C 1.07 0.502 0.254  bad m=1 0.00e+00 m=2 0.00e+00 (via N 0.00e+00)  B90 0 B99 0 of 0
L2 L2_340       C 4.337e-10 sat 0 eps 0.0550  desc/C 0.35 0.0246 0  bad m=1 0.00e+00 m=2 nan (via N 0.00e+00)  B90 0 B99 0 of 0
L3 L3_380666    C 4.324e-10 sat 0 eps 0.0056  desc/C 0.0583 0 0  bad m=1 nan m=2 nan (via N 0.00e+00)  B90 0 B99 0 of 0
L2 L2_2613      C 4.288e-10 sat 0 eps 0.2854  desc/C 0.275 0.771 0.268  bad m=1 0.00e+00 m=2 0.00e+00 (via N 0.00e+00)  B90 0 B99 0 of 0
L2 L2_2149      C 4.284e-10 sat 0 eps 0.2577  desc/C 0.253 0.0549 0  bad m=1 8.05e-01 m=2 nan (via N 0.00e+00)  B90 2 B99 2 of 2
L2 L2_599       C 4.259e-10 sat 0 eps 0.0847  desc/C 0.0458 0.00242 0  bad m=1 0.00e+00 m=2 nan (via N 0.00e+00)  B90 0 B99 0 of 0
L1 L1_272       C 4.241e-10 sat 0 eps 1.0000  desc/C 0.00479 0 0  bad m=1 nan m=2 nan (via N 0.00e+00)  B90 0 B99 0 of 0
L1 L1_273       C 4.241e-10 sat 0 eps 1.0000  desc/C 0 0 0  bad m=1 nan m=2 nan (via N 0.00e+00)  B90 0 B99 0 of 0
L3 L3_149612    C 4.214e-10 sat 0 eps 0.0058  desc/C 3.37 0.315 0.184  bad m=1 8.36e-01 m=2 1.00e+00 (via N 0.00e+00)  B90 3 B99 5 of 5
L4 L4_128967    C 4.184e-10 sat 0 eps 0.0233  desc/C 0.0143 0 0  bad m=1 nan m=2 nan (via N 0.00e+00)  B90 0 B99 0 of 0
L2 L2_14460     C 4.182e-10 sat 0 eps 0.0061  desc/C 0.0467 0 0  bad m=1 nan m=2 nan (via N 0.00e+00)  B90 0 B99 0 of 0
L4 L4_1032015   C 4.173e-10 sat 0 eps 0.0061  desc/C 0 0 0  bad m=1 nan m=2 nan (via N 0.00e+00)  B90 0 B99 0 of 0
L3 L3_27168     C 4.170e-10 sat 0 eps 0.0060  desc/C 0.0361 0 0  bad m=1 nan m=2 nan (via N 0.00e+00)  B90 0 B99 0 of 0
L4 L4_172546    C 4.156e-10 sat 0 eps 0.0061  desc/C 0.138 0.0422 0  bad m=1 0.00e+00 m=2 nan (via N 0.00e+00)  B90 0 B99 0 of 0
L3 L3_141168    C 4.147e-10 sat 0 eps 0.0244  desc/C 0.0275 0 0  bad m=1 nan m=2 nan (via N 0.00e+00)  B90 0 B99 0 of 0
L2 L2_20161     C 4.145e-10 sat 0 eps 0.0870  desc/C 0.0476 0 0  bad m=1 nan m=2 nan (via N 0.00e+00)  B90 0 B99 0 of 0
L3 L3_576276    C 4.134e-10 sat 0 eps 0.0060  desc/C 0.0557 0 0  bad m=1 nan m=2 nan (via N 0.00e+00)  B90 0 B99 0 of 0
L4 L4_218455    C 4.110e-10 sat 0 eps 0.0059  desc/C 0.128 0.0254 0  bad m=1 0.00e+00 m=2 nan (via N 0.00e+00)  B90 0 B99 0 of 0
L3 L3_27284     C 4.095e-10 sat 0 eps 0.0442  desc/C 1.71 0.161 0.0412  bad m=1 6.86e-01 m=2 1.45e-01 (via N 0.00e+00)  B90 1 B99 1 of 1
L2 L2_752       C 4.082e-10 sat 0 eps 0.0973  desc/C 0.233 0.0152 0  bad m=1 0.00e+00 m=2 nan (via N 0.00e+00)  B90 0 B99 0 of 0
L3 L3_149641    C 4.075e-10 sat 0 eps 0.0060  desc/C 0.0418 0.0176 0  bad m=1 0.00e+00 m=2 nan (via N 0.00e+00)  B90 0 B99 0 of 0
L3 L3_27702     C 4.051e-10 sat 0 eps 0.0944  desc/C 0.0832 0.00265 0  bad m=1 0.00e+00 m=2 nan (via N 0.00e+00)  B90 0 B99 0 of 0
L3 L3_591729    C 4.046e-10 sat 0 eps 0.0060  desc/C 0 0 0  bad m=1 nan m=2 nan (via N 0.00e+00)  B90 0 B99 0 of 0
L2 L2_396       C 4.032e-10 sat 0 eps 0.0603  desc/C 0.012 0.00476 0  bad m=1 0.00e+00 m=2 nan (via N 0.00e+00)  B90 0 B99 0 of 0
L3 L3_149633    C 4.003e-10 sat 0 eps 0.0059  desc/C 0.278 0.107 0.0424  bad m=1 0.00e+00 m=2 0.00e+00 (via N 0.00e+00)  B90 0 B99 0 of 0
L2 L2_1192      C 3.983e-10 sat 0 eps 0.1657  desc/C 0.0791 0.0453 0  bad m=1 0.00e+00 m=2 nan (via N 0.00e+00)  B90 0 B99 0 of 0
L4 L4_86534     C 3.975e-10 sat 0 eps 0.0535  desc/C 1.43 1.24 0  bad m=1 0.00e+00 m=2 nan (via N 0.00e+00)  B90 0 B99 0 of 0
L2 L2_7989      C 3.962e-10 sat 0 eps 0.0060  desc/C 0.547 0.0638 0  bad m=1 0.00e+00 m=2 nan (via N 0.00e+00)  B90 0 B99 0 of 0
L4 L4_188601    C 3.946e-10 sat 0 eps 0.0058  desc/C 0.0861 0 0  bad m=1 nan m=2 nan (via N 0.00e+00)  B90 0 B99 0 of 0
L3 L3_213257    C 3.944e-10 sat 0 eps 0.0059  desc/C 0.00461 0 0  bad m=1 nan m=2 nan (via N 0.00e+00)  B90 0 B99 0 of 0
L3 L3_370534    C 3.929e-10 sat 0 eps 0.0053  desc/C 0.0505 0.118 0.0173  bad m=1 0.00e+00 m=2 0.00e+00 (via N 0.00e+00)  B90 0 B99 0 of 0
L3 L3_294835    C 3.924e-10 sat 0 eps 0.0062  desc/C 0.227 0.0627 0  bad m=1 0.00e+00 m=2 nan (via N 0.00e+00)  B90 0 B99 0 of 0
L4 L4_28545     C 3.916e-10 sat 0 eps 0.0420  desc/C 0.262 0.0755 0  bad m=1 7.27e-02 m=2 nan (via N 0.00e+00)  B90 1 B99 1 of 1
L2 L2_1966      C 3.909e-10 sat 0 eps 0.2268  desc/C 0.739 0.318 0.339  bad m=1 0.00e+00 m=2 0.00e+00 (via N 0.00e+00)  B90 0 B99 0 of 0
L4 L4_137477    C 3.876e-10 sat 0 eps 0.0204  desc/C 0.0408 0 0  bad m=1 nan m=2 nan (via N 0.00e+00)  B90 0 B99 0 of 0
L2 L2_1325      C 3.853e-10 sat 0 eps 0.1700  desc/C 0.421 0.753 0.254  bad m=1 0.00e+00 m=2 0.00e+00 (via N 0.00e+00)  B90 0 B99 0 of 0
L2 L2_19666     C 3.844e-10 sat 0 eps 0.0059  desc/C 0.563 0 0  bad m=1 nan m=2 nan (via N 0.00e+00)  B90 0 B99 0 of 0
L4 L4_86388     C 3.842e-10 sat 0 eps 0.0572  desc/C 0.216 0.0244 0  bad m=1 0.00e+00 m=2 nan (via N 0.00e+00)  B90 0 B99 0 of 0
L3 L3_115600    C 3.841e-10 sat 0 eps 0.0219  desc/C 0.112 0.0143 0  bad m=1 0.00e+00 m=2 nan (via N 0.00e+00)  B90 0 B99 0 of 0
L4 L4_77203     C 3.839e-10 sat 0 eps 0.0052  desc/C 0.117 0 0  bad m=1 nan m=2 nan (via N 0.00e+00)  B90 0 B99 0 of 0
L2 L2_1909      C 3.800e-10 sat 0 eps 0.2182  desc/C 1.17 0.415 0.517  bad m=1 0.00e+00 m=2 0.00e+00 (via N 0.00e+00)  B90 0 B99 0 of 0
L4 L4_188558    C 3.797e-10 sat 0 eps 0.0058  desc/C 0.134 0 0  bad m=1 nan m=2 nan (via N 0.00e+00)  B90 0 B99 0 of 0
L3 L3_529556    C 3.780e-10 sat 0 eps 0.0055  desc/C 1.31 0.198 0  bad m=1 0.00e+00 m=2 nan (via N 0.00e+00)  B90 0 B99 0 of 0
L4 L4_28110     C 3.772e-10 sat 0 eps 0.0046  desc/C 0.32 0.352 0  bad m=1 0.00e+00 m=2 nan (via N 0.00e+00)  B90 0 B99 0 of 0
L2 L2_816       C 3.750e-10 sat 0 eps 0.1035  desc/C 0.895 0.276 0.0798  bad m=1 1.63e-02 m=2 0.00e+00 (via N 0.00e+00)  B90 1 B99 1 of 1
L3 L3_27243     C 3.744e-10 sat 0 eps 0.0218  desc/C 0.607 0.15 0  bad m=1 0.00e+00 m=2 nan (via N 0.00e+00)  B90 0 B99 0 of 0
L3 L3_273501    C 3.737e-10 sat 0 eps 0.0059  desc/C 0 0 0  bad m=1 nan m=2 nan (via N 0.00e+00)  B90 0 B99 0 of 0
L4 L4_1212134   C 3.692e-10 sat 0 eps 0.0059  desc/C 0.809 0.651 0  bad m=1 0.00e+00 m=2 nan (via N 0.00e+00)  B90 0 B99 0 of 0
L4 L4_68481     C 3.679e-10 sat 0 eps 0.0050  desc/C 0.138 0.106 0  bad m=1 0.00e+00 m=2 nan (via N 0.00e+00)  B90 0 B99 0 of 0
L3 L3_537652    C 3.676e-10 sat 0 eps 0.0051  desc/C 0.13 0.00988 0.00869  bad m=1 1.00e+00 m=2 0.00e+00 (via N 0.00e+00)  B90 1 B99 1 of 1
L4 L4_280214    C 3.675e-10 sat 0 eps 0.0052  desc/C 0.0118 0 0  bad m=1 nan m=2 nan (via N 0.00e+00)  B90 0 B99 0 of 0
L3 L3_141013    C 3.672e-10 sat 0 eps 0.0059  desc/C 0.0512 0 0  bad m=1 nan m=2 nan (via N 0.00e+00)  B90 0 B99 0 of 0
L2 L2_19715     C 3.658e-10 sat 0 eps 0.0059  desc/C 0.536 0 0  bad m=1 nan m=2 nan (via N 0.00e+00)  B90 0 B99 0 of 0
L1 L1_274       C 3.645e-10 sat 0 eps 1.0000  desc/C 0 0 0  bad m=1 nan m=2 nan (via N 0.00e+00)  B90 0 B99 0 of 0
L1 L1_275       C 3.645e-10 sat 0 eps 1.0000  desc/C 0.448 0.0284 0  bad m=1 0.00e+00 m=2 nan (via N 0.00e+00)  B90 0 B99 0 of 0
L3 L3_141870    C 3.635e-10 sat 0 eps 0.0809  desc/C 0.194 0.0966 0  bad m=1 0.00e+00 m=2 nan (via N 0.00e+00)  B90 0 B99 0 of 0
L3 L3_141038    C 3.632e-10 sat 0 eps 0.0063  desc/C 0.0336 0 0  bad m=1 nan m=2 nan (via N 0.00e+00)  B90 0 B99 0 of 0
L4 L4_197233    C 3.617e-10 sat 0 eps 0.0053  desc/C 0.317 0.133 0  bad m=1 0.00e+00 m=2 nan (via N 0.00e+00)  B90 0 B99 0 of 0
L4 L4_497276    C 3.616e-10 sat 0 eps 0.0057  desc/C 0.191 0 0  bad m=1 nan m=2 nan (via N 0.00e+00)  B90 0 B99 0 of 0
L2 L2_2701      C 3.610e-10 sat 0 eps 0.2840  desc/C 0.099 0.0435 0  bad m=1 0.00e+00 m=2 nan (via N 0.00e+00)  B90 0 B99 0 of 0
L4 L4_269443    C 3.607e-10 sat 0 eps 0.0051  desc/C 0.0785 0.0545 0  bad m=1 0.00e+00 m=2 nan (via N 0.00e+00)  B90 0 B99 0 of 0
L3 L3_27504     C 3.604e-10 sat 0 eps 0.0560  desc/C 0.191 0.157 0.11  bad m=1 0.00e+00 m=2 0.00e+00 (via N 0.00e+00)  B90 0 B99 0 of 0
L4 L4_68490     C 3.602e-10 sat 0 eps 0.0045  desc/C 0.0445 0.0437 0  bad m=1 0.00e+00 m=2 nan (via N 0.00e+00)  B90 0 B99 0 of 0
L3 L3_374350    C 3.591e-10 sat 0 eps 0.0059  desc/C 0.499 0.183 0.0377  bad m=1 0.00e+00 m=2 0.00e+00 (via N 0.00e+00)  B90 0 B99 0 of 0
L3 L3_27737     C 3.579e-10 sat 0 eps 0.1020  desc/C 0.00988 0 0  bad m=1 nan m=2 nan (via N 0.00e+00)  B90 0 B99 0 of 0
L4 L4_145760    C 3.576e-10 sat 0 eps 0.0059  desc/C 1.74 0.477 0  bad m=1 0.00e+00 m=2 nan (via N 0.00e+00)  B90 0 B99 0 of 0
L2 L2_1967      C 3.561e-10 sat 0 eps 0.2481  desc/C 0.512 0.598 0.315  bad m=1 0.00e+00 m=2 0.00e+00 (via N 0.00e+00)  B90 0 B99 0 of 0
L3 L3_141172    C 3.557e-10 sat 0 eps 0.0210  desc/C 0.0363 0 0  bad m=1 nan m=2 nan (via N 0.00e+00)  B90 0 B99 0 of 0
L1 L1_277       C 3.552e-10 sat 0 eps 1.0000  desc/C 0.576 0.0245 0  bad m=1 0.00e+00 m=2 nan (via N 0.00e+00)  B90 0 B99 0 of 0
L1 L1_276       C 3.552e-10 sat 0 eps 1.0000  desc/C 0 0 0  bad m=1 nan m=2 nan (via N 0.00e+00)  B90 0 B99 0 of 0
L3 L3_149588    C 3.550e-10 sat 0 eps 0.0057  desc/C 0.0974 0 0  bad m=1 nan m=2 nan (via N 0.00e+00)  B90 0 B99 0 of 0
L4 L4_366841    C 3.537e-10 sat 0 eps 0.0214  desc/C 0.0643 0 0  bad m=1 nan m=2 nan (via N 0.00e+00)  B90 0 B99 0 of 0
L4 L4_137254    C 3.525e-10 sat 0 eps 0.0056  desc/C 0.929 0.877 0  bad m=1 5.03e-01 m=2 nan (via N 0.00e+00)  B90 1 B99 1 of 1
L3 L3_340556    C 3.524e-10 sat 0 eps 0.0233  desc/C 0.0636 0 0  bad m=1 nan m=2 nan (via N 0.00e+00)  B90 0 B99 0 of 0
L4 L4_28663     C 3.518e-10 sat 0 eps 0.0470  desc/C 0.276 0.101 0  bad m=1 0.00e+00 m=2 nan (via N 0.00e+00)  B90 0 B99 0 of 0
L2 L2_1652      C 3.512e-10 sat 0 eps 0.1783  desc/C 0.898 0.0895 0.0775  bad m=1 0.00e+00 m=2 0.00e+00 (via N 0.00e+00)  B90 0 B99 0 of 0
L3 L3_149580    C 3.508e-10 sat 0 eps 0.0050  desc/C 0.217 0.389 0.0962  bad m=1 0.00e+00 m=2 0.00e+00 (via N 0.00e+00)  B90 0 B99 0 of 0
L2 L2_15245     C 3.489e-10 sat 0 eps 0.1413  desc/C 0.0862 0.00356 0  bad m=1 0.00e+00 m=2 nan (via N 0.00e+00)  B90 0 B99 0 of 0
L4 L4_366853    C 3.476e-10 sat 0 eps 0.0226  desc/C 5.36 0.369 0  bad m=1 0.00e+00 m=2 nan (via N 0.00e+00)  B90 0 B99 0 of 0
L2 L2_1084      C 3.469e-10 sat 0 eps 0.1507  desc/C 0.0171 0 0  bad m=1 nan m=2 nan (via N 0.00e+00)  B90 0 B99 0 of 0
L2 L2_2407      C 3.451e-10 sat 0 eps 0.2502  desc/C 0.43 0.024 0  bad m=1 0.00e+00 m=2 nan (via N 0.00e+00)  B90 0 B99 0 of 0
L3 L3_166238    C 3.448e-10 sat 0 eps 0.0057  desc/C 0.0912 0.0136 0  bad m=1 0.00e+00 m=2 nan (via N 0.00e+00)  B90 0 B99 0 of 0
L2 L2_77        C 3.436e-10 sat 0 eps 0.0058  desc/C 0.025 0 0  bad m=1 nan m=2 nan (via N 0.00e+00)  B90 0 B99 0 of 0
L3 L3_42995     C 3.424e-10 sat 0 eps 0.0058  desc/C 0.167 0 0  bad m=1 nan m=2 nan (via N 0.00e+00)  B90 0 B99 0 of 0
L3 L3_27418     C 3.418e-10 sat 0 eps 0.0495  desc/C 0.0598 0.0978 0.0208  bad m=1 0.00e+00 m=2 0.00e+00 (via N 0.00e+00)  B90 0 B99 0 of 0
L3 L3_27263     C 3.414e-10 sat 0 eps 0.0215  desc/C 0.136 0 0  bad m=1 nan m=2 nan (via N 0.00e+00)  B90 0 B99 0 of 0
L4 L4_28382     C 3.404e-10 sat 0 eps 0.0503  desc/C 0.385 0.147 0  bad m=1 0.00e+00 m=2 nan (via N 0.00e+00)  B90 0 B99 0 of 0
L2 L2_571065    C 3.403e-10 sat 0 eps 0.0058  desc/C 1.54 0 0  bad m=1 nan m=2 nan (via N 0.00e+00)  B90 0 B99 0 of 0
L4 L4_676320    C 3.396e-10 sat 0 eps 0.0057  desc/C 0.444 0.206 0  bad m=1 0.00e+00 m=2 nan (via N 0.00e+00)  B90 0 B99 0 of 0
L4 L4_86362     C 3.393e-10 sat 0 eps 0.0492  desc/C 0.0737 0.00463 0  bad m=1 0.00e+00 m=2 nan (via N 0.00e+00)  B90 0 B99 0 of 0
L2 L2_14450     C 3.390e-10 sat 0 eps 0.0057  desc/C 0.342 0.113 0.0412  bad m=1 0.00e+00 m=2 0.00e+00 (via N 0.00e+00)  B90 0 B99 0 of 0
L4 L4_86036     C 3.382e-10 sat 0 eps 0.0056  desc/C 0.0612 0 0  bad m=1 nan m=2 nan (via N 0.00e+00)  B90 0 B99 0 of 0
L2 L2_1802      C 3.374e-10 sat 0 eps 0.2041  desc/C 0.186 0.027 0.0113  bad m=1 0.00e+00 m=2 0.00e+00 (via N 0.00e+00)  B90 0 B99 0 of 0
L3 L3_340508    C 3.371e-10 sat 0 eps 0.0057  desc/C 0.00445 0 0  bad m=1 nan m=2 nan (via N 0.00e+00)  B90 0 B99 0 of 0
L4 L4_145770    C 3.370e-10 sat 0 eps 0.0057  desc/C 0.0047 0 0  bad m=1 nan m=2 nan (via N 0.00e+00)  B90 0 B99 0 of 0
L3 L3_27758     C 3.359e-10 sat 0 eps 0.0758  desc/C 0.441 0.142 0.19  bad m=1 0.00e+00 m=2 0.00e+00 (via N 0.00e+00)  B90 0 B99 0 of 0
L2 L2_14467     C 3.353e-10 sat 0 eps 0.0057  desc/C 0.0405 0 0  bad m=1 nan m=2 nan (via N 0.00e+00)  B90 0 B99 0 of 0
L4 L4_302795    C 3.346e-10 sat 0 eps 0.0057  desc/C 2.52 0.765 0  bad m=1 8.96e-01 m=2 nan (via N 4.63e-02)  B90 1 B99 2 of 2
L3 L3_27580     C 3.343e-10 sat 0 eps 0.0849  desc/C 0.0821 0 0  bad m=1 nan m=2 nan (via N 0.00e+00)  B90 0 B99 0 of 0
L4 L4_345917    C 3.328e-10 sat 0 eps 0.0044  desc/C 0.0776 0.113 0  bad m=1 0.00e+00 m=2 nan (via N 0.00e+00)  B90 0 B99 0 of 0
L4 L4_322144    C 3.312e-10 sat 0 eps 0.0053  desc/C 0.424 0.172 0  bad m=1 0.00e+00 m=2 nan (via N 0.00e+00)  B90 0 B99 0 of 0
L4 L4_280222    C 3.307e-10 sat 0 eps 0.0051  desc/C 0.342 0.133 0  bad m=1 0.00e+00 m=2 nan (via N 0.00e+00)  B90 0 B99 0 of 0
L3 L3_141031    C 3.305e-10 sat 0 eps 0.0054  desc/C 0.314 0.0906 0.03  bad m=1 0.00e+00 m=2 0.00e+00 (via N 0.00e+00)  B90 0 B99 0 of 0
L3 L3_110       C 3.301e-10 sat 0 eps 0.0057  desc/C 0.588 0.575 0.55  bad m=1 0.00e+00 m=2 0.00e+00 (via N 0.00e+00)  B90 0 B99 0 of 0
L2 L2_2221      C 3.273e-10 sat 0 eps 0.2296  desc/C 0.0804 0.0714 0.0108  bad m=1 0.00e+00 m=2 0.00e+00 (via N 0.00e+00)  B90 0 B99 0 of 0
L4 L4_322159    C 3.273e-10 sat 0 eps 0.0056  desc/C 2.2 3.66 0  bad m=1 9.79e-01 m=2 nan (via N 0.00e+00)  B90 1 B99 1 of 2
L4 L4_119       C 3.264e-10 sat 0 eps 0.0056  desc/C 0.966 0.907 0  bad m=1 0.00e+00 m=2 nan (via N 0.00e+00)  B90 0 B99 0 of 0
L4 L4_77202     C 3.258e-10 sat 0 eps 0.0050  desc/C 0.223 0.0198 0  bad m=1 0.00e+00 m=2 nan (via N 0.00e+00)  B90 0 B99 0 of 0
L1 L1_279       C 3.244e-10 sat 0 eps 1.0000  desc/C 0 0 0  bad m=1 nan m=2 nan (via N 0.00e+00)  B90 0 B99 0 of 0
L1 L1_278       C 3.244e-10 sat 0 eps 1.0000  desc/C 0 0 0  bad m=1 nan m=2 nan (via N 0.00e+00)  B90 0 B99 0 of 0
L2 L2_35069     C 3.240e-10 sat 0 eps 0.0057  desc/C 1.02 0.599 0.586  bad m=1 0.00e+00 m=2 0.00e+00 (via N 0.00e+00)  B90 0 B99 0 of 0
L2 L2_19716     C 3.232e-10 sat 0 eps 0.0057  desc/C 0.187 0 0  bad m=1 nan m=2 nan (via N 0.00e+00)  B90 0 B99 0 of 0
L4 L4_238220    C 3.230e-10 sat 0 eps 0.0057  desc/C 0.185 0.0523 0  bad m=1 8.55e-01 m=2 nan (via N 0.00e+00)  B90 1 B99 1 of 1
L2 L2_20018     C 3.230e-10 sat 0 eps 0.0604  desc/C 0.00815 0 0  bad m=1 nan m=2 nan (via N 0.00e+00)  B90 0 B99 0 of 0
L3 L3_28172     C 3.213e-10 sat 0 eps 0.1196  desc/C 0.206 0.341 0.0663  bad m=1 0.00e+00 m=2 0.00e+00 (via N 0.00e+00)  B90 0 B99 0 of 0
L3 L3_380721    C 3.211e-10 sat 0 eps 0.0197  desc/C 0.0906 0.0871 0  bad m=1 0.00e+00 m=2 nan (via N 0.00e+00)  B90 0 B99 0 of 0
L2 L2_479       C 3.206e-10 sat 0 eps 0.0718  desc/C 0.0982 0.0187 0  bad m=1 0.00e+00 m=2 nan (via N 0.00e+00)  B90 0 B99 0 of 0
L4 L4_932579    C 3.202e-10 sat 0 eps 0.0058  desc/C 0.0962 0 0  bad m=1 nan m=2 nan (via N 0.00e+00)  B90 0 B99 0 of 0
L3 L3_141151    C 3.200e-10 sat 0 eps 0.0216  desc/C 0.0509 0 0  bad m=1 nan m=2 nan (via N 0.00e+00)  B90 0 B99 0 of 0
L2 L2_7979      C 3.191e-10 sat 0 eps 0.0057  desc/C 0.0261 0 0  bad m=1 nan m=2 nan (via N 0.00e+00)  B90 0 B99 0 of 0
L4 L4_180664    C 3.182e-10 sat 0 eps 0.0050  desc/C 0.554 0.66 0  bad m=1 0.00e+00 m=2 nan (via N 0.00e+00)  B90 0 B99 0 of 0
L1 L1_280       C 3.177e-10 sat 0 eps 1.0000  desc/C 0.00438 0 0  bad m=1 nan m=2 nan (via N 0.00e+00)  B90 0 B99 0 of 0
L1 L1_281       C 3.177e-10 sat 0 eps 1.0000  desc/C 0 0 0  bad m=1 nan m=2 nan (via N 0.00e+00)  B90 0 B99 0 of 0
L4 L4_477691    C 3.171e-10 sat 0 eps 0.0042  desc/C 0.132 0.465 0  bad m=1 0.00e+00 m=2 nan (via N 0.00e+00)  B90 0 B99 0 of 0
L3 L3_679880    C 3.150e-10 sat 0 eps 0.0056  desc/C 0.0746 0 0  bad m=1 nan m=2 nan (via N 0.00e+00)  B90 0 B99 0 of 0
L3 L3_572860    C 3.142e-10 sat 0 eps 0.0052  desc/C 0.1 0.0866 0.0609  bad m=1 0.00e+00 m=2 0.00e+00 (via N 0.00e+00)  B90 0 B99 0 of 0
L2 L2_2882      C 3.127e-10 sat 0 eps 0.2624  desc/C 0.854 1.69 1.05  bad m=1 6.67e-01 m=2 7.05e-01 (via N 0.00e+00)  B90 1 B99 1 of 2
L3 L3_141095    C 3.126e-10 sat 0 eps 0.0059  desc/C 0.185 0.151 0.109  bad m=1 0.00e+00 m=2 0.00e+00 (via N 0.00e+00)  B90 0 B99 0 of 0
L4 L4_399007    C 3.124e-10 sat 0 eps 0.0211  desc/C 0.0255 0 0  bad m=1 nan m=2 nan (via N 0.00e+00)  B90 0 B99 0 of 0
L4 L4_123251    C 3.117e-10 sat 0 eps 0.0049  desc/C 0.0493 0 0  bad m=1 nan m=2 nan (via N 0.00e+00)  B90 0 B99 0 of 0
L4 L4_28124     C 3.106e-10 sat 0 eps 0.0044  desc/C 0.659 0.358 0  bad m=1 0.00e+00 m=2 nan (via N 0.00e+00)  B90 0 B99 0 of 0
L3 L3_294814    C 3.086e-10 sat 0 eps 0.0053  desc/C 0.0829 0 0  bad m=1 nan m=2 nan (via N 0.00e+00)  B90 0 B99 0 of 0
L2 L2_2475      C 3.082e-10 sat 0 eps 0.2483  desc/C 1.46 0.125 0.194  bad m=1 0.00e+00 m=2 0.00e+00 (via N 0.00e+00)  B90 0 B99 0 of 0
L3 L3_27950     C 3.082e-10 sat 0 eps 0.1002  desc/C 0.271 0.263 0.196  bad m=1 0.00e+00 m=2 0.00e+00 (via N 0.00e+00)  B90 0 B99 0 of 0
L3 L3_464165    C 3.081e-10 sat 0 eps 0.0056  desc/C 0.0303 0 0  bad m=1 nan m=2 nan (via N 0.00e+00)  B90 0 B99 0 of 0
L4 L4_28089     C 3.080e-10 sat 0 eps 0.0042  desc/C 0.0232 0.0553 0  bad m=1 0.00e+00 m=2 nan (via N 0.00e+00)  B90 0 B99 0 of 0
L3 L3_141075    C 3.063e-10 sat 0 eps 0.0050  desc/C 0.133 0.0048 0  bad m=1 0.00e+00 m=2 nan (via N 0.00e+00)  B90 0 B99 0 of 0
L1 L1_282       C 3.056e-10 sat 0 eps 1.0000  desc/C 0.0299 0 0  bad m=1 nan m=2 nan (via N 0.00e+00)  B90 0 B99 0 of 0
L1 L1_283       C 3.056e-10 sat 0 eps 1.0000  desc/C 0 0 0  bad m=1 nan m=2 nan (via N 0.00e+00)  B90 0 B99 0 of 0
L2 L2_1256      C 3.050e-10 sat 0 eps 0.1467  desc/C 0.0639 0.00352 0  bad m=1 0.00e+00 m=2 nan (via N 0.00e+00)  B90 0 B99 0 of 0
L4 L4_28086     C 3.033e-10 sat 0 eps 0.0056  desc/C 0 0 0  bad m=1 nan m=2 nan (via N 0.00e+00)  B90 0 B99 0 of 0
L4 L4_238224    C 3.030e-10 sat 0 eps 0.0059  desc/C 0.0203 0.0034 0  bad m=1 0.00e+00 m=2 nan (via N 0.00e+00)  B90 0 B99 0 of 0
L1 L1_285       C 3.017e-10 sat 0 eps 1.0000  desc/C 1.08 1.09 0.644  bad m=1 0.00e+00 m=2 0.00e+00 (via N 0.00e+00)  B90 0 B99 0 of 0
L1 L1_284       C 3.017e-10 sat 0 eps 1.0000  desc/C 0 0 0  bad m=1 nan m=2 nan (via N 0.00e+00)  B90 0 B99 0 of 0
L1 L1_286       C 3.003e-10 sat 0 eps 1.0000  desc/C 0 0 0  bad m=1 nan m=2 nan (via N 0.00e+00)  B90 0 B99 0 of 0
L1 L1_287       C 3.003e-10 sat 0 eps 1.0000  desc/C 0.192 0.0418 0  bad m=1 0.00e+00 m=2 nan (via N 0.00e+00)  B90 0 B99 0 of 0
L4 L4_497282    C 3.002e-10 sat 0 eps 0.0056  desc/C 0.00563 0.0136 0  bad m=1 0.00e+00 m=2 nan (via N 0.00e+00)  B90 0 B99 0 of 0
L1 L1_289       C 2.989e-10 sat 0 eps 1.0000  desc/C 0 0 0  bad m=1 nan m=2 nan (via N 0.00e+00)  B90 0 B99 0 of 0
L1 L1_288       C 2.989e-10 sat 0 eps 1.0000  desc/C 0.0107 0.00367 0  bad m=1 0.00e+00 m=2 nan (via N 0.00e+00)  B90 0 B99 0 of 0
L4 L4_172623    C 2.986e-10 sat 0 eps 0.0058  desc/C 0.662 0.332 0  bad m=1 0.00e+00 m=2 nan (via N 0.00e+00)  B90 0 B99 0 of 0
L2 L2_2802      C 2.977e-10 sat 0 eps 0.2541  desc/C 1.34 0.161 0.0122  bad m=1 5.30e-01 m=2 1.00e+00 (via N 0.00e+00)  B90 1 B99 1 of 1
L4 L4_1006889   C 2.973e-10 sat 0 eps 0.0054  desc/C 0.154 0 0  bad m=1 nan m=2 nan (via N 0.00e+00)  B90 0 B99 0 of 0
L4 L4_28346     C 2.970e-10 sat 0 eps 0.0358  desc/C 0.341 0.333 0  bad m=1 0.00e+00 m=2 nan (via N 0.00e+00)  B90 0 B99 0 of 0
L4 L4_317399    C 2.969e-10 sat 0 eps 0.0044  desc/C 0.0578 0 0  bad m=1 nan m=2 nan (via N 0.00e+00)  B90 0 B99 0 of 0
L4 L4_280228    C 2.954e-10 sat 0 eps 0.0049  desc/C 0.0518 0 0  bad m=1 nan m=2 nan (via N 0.00e+00)  B90 0 B99 0 of 0
L4 L4_118568    C 2.950e-10 sat 0 eps 0.0050  desc/C 0.992 0.901 0  bad m=1 0.00e+00 m=2 nan (via N 0.00e+00)  B90 0 B99 0 of 0
L2 L2_642       C 2.945e-10 sat 0 eps 0.0861  desc/C 0.051 0 0  bad m=1 nan m=2 nan (via N 0.00e+00)  B90 0 B99 0 of 0
L4 L4_86082     C 2.938e-10 sat 0 eps 0.0053  desc/C 0.32 0.0897 0  bad m=1 0.00e+00 m=2 nan (via N 0.00e+00)  B90 0 B99 0 of 0
L4 L4_341080    C 2.934e-10 sat 0 eps 0.0047  desc/C 0.0429 0.0254 0  bad m=1 0.00e+00 m=2 nan (via N 0.00e+00)  B90 0 B99 0 of 0
L1 L1_290       C 2.927e-10 sat 0 eps 1.0000  desc/C 0 0 0  bad m=1 nan m=2 nan (via N 0.00e+00)  B90 0 B99 0 of 0
L1 L1_291       C 2.927e-10 sat 0 eps 1.0000  desc/C 0.168 0.159 0.0294  bad m=1 0.00e+00 m=2 0.00e+00 (via N 0.00e+00)  B90 0 B99 0 of 0
L4 L4_77577     C 2.926e-10 sat 0 eps 0.0491  desc/C 0.208 1.04 0  bad m=1 0.00e+00 m=2 nan (via N 0.00e+00)  B90 0 B99 0 of 0
L4 L4_68466     C 2.914e-10 sat 0 eps 0.0047  desc/C 0.0178 0 0  bad m=1 nan m=2 nan (via N 0.00e+00)  B90 0 B99 0 of 0
L3 L3_149665    C 2.913e-10 sat 0 eps 0.0056  desc/C 0.12 0.016 0  bad m=1 0.00e+00 m=2 nan (via N 0.00e+00)  B90 0 B99 0 of 0
L2 L2_14447     C 2.909e-10 sat 0 eps 0.0055  desc/C 0.0339 0 0  bad m=1 nan m=2 nan (via N 0.00e+00)  B90 0 B99 0 of 0
L3 L3_741256    C 2.907e-10 sat 0 eps 0.0051  desc/C 0.307 0.0217 0  bad m=1 0.00e+00 m=2 nan (via N 0.00e+00)  B90 0 B99 0 of 0
L4 L4_766223    C 2.890e-10 sat 0 eps 0.0059  desc/C 0.339 0.123 0  bad m=1 0.00e+00 m=2 nan (via N 0.00e+00)  B90 0 B99 0 of 0
L3 L3_370508    C 2.876e-10 sat 0 eps 0.0049  desc/C 0.432 0.461 0.46  bad m=1 0.00e+00 m=2 0.00e+00 (via N 0.00e+00)  B90 0 B99 0 of 0
L4 L4_224302    C 2.872e-10 sat 0 eps 0.0184  desc/C 0.155 0.0609 0  bad m=1 0.00e+00 m=2 nan (via N 0.00e+00)  B90 0 B99 0 of 0
L1 L1_292       C 2.869e-10 sat 0 eps 1.0000  desc/C 0 0 0  bad m=1 nan m=2 nan (via N 0.00e+00)  B90 0 B99 0 of 0
L1 L1_293       C 2.869e-10 sat 0 eps 1.0000  desc/C 0 0 0  bad m=1 nan m=2 nan (via N 0.00e+00)  B90 0 B99 0 of 0
L4 L4_269501    C 2.868e-10 sat 0 eps 0.0048  desc/C 0.0459 0 0  bad m=1 nan m=2 nan (via N 0.00e+00)  B90 0 B99 0 of 0
L3 L3_28116     C 2.858e-10 sat 0 eps 0.1064  desc/C 1.31 0.11 0.154  bad m=1 3.62e-01 m=2 9.96e-02 (via N 0.00e+00)  B90 1 B99 1 of 1
L2 L2_2635      C 2.824e-10 sat 0 eps 0.2485  desc/C 1.24 0.27 0.484  bad m=1 0.00e+00 m=2 0.00e+00 (via N 0.00e+00)  B90 0 B99 0 of 0
L3 L3_59001     C 2.817e-10 sat 0 eps 0.0203  desc/C 0.08 0 0  bad m=1 nan m=2 nan (via N 0.00e+00)  B90 0 B99 0 of 0
L3 L3_14642     C 2.813e-10 sat 0 eps 0.0055  desc/C 0.00419 0 0  bad m=1 nan m=2 nan (via N 0.00e+00)  B90 0 B99 0 of 0
L2 L2_3031      C 2.798e-10 sat 0 eps 0.2647  desc/C 0.359 0.491 0.293  bad m=1 0.00e+00 m=2 0.00e+00 (via N 0.00e+00)  B90 0 B99 0 of 0
L2 L2_2716      C 2.796e-10 sat 0 eps 0.2501  desc/C 0.804 0.0425 0.0267  bad m=1 0.00e+00 m=2 0.00e+00 (via N 0.00e+00)  B90 0 B99 0 of 0
L1 L1_294       C 2.785e-10 sat 0 eps 1.0000  desc/C 0.088 0 0  bad m=1 nan m=2 nan (via N 0.00e+00)  B90 0 B99 0 of 0
L1 L1_295       C 2.785e-10 sat 0 eps 1.0000  desc/C 0 0 0  bad m=1 nan m=2 nan (via N 0.00e+00)  B90 0 B99 0 of 0
L4 L4_37785     C 2.783e-10 sat 0 eps 0.0055  desc/C 0.00409 0 0  bad m=1 nan m=2 nan (via N 0.00e+00)  B90 0 B99 0 of 0
L3 L3_27454     C 2.777e-10 sat 0 eps 0.0582  desc/C 0.142 0.00761 0.0193  bad m=1 0.00e+00 m=2 0.00e+00 (via N 0.00e+00)  B90 0 B99 0 of 0
L3 L3_288770    C 2.776e-10 sat 0 eps 0.0053  desc/C 0.0807 0 0  bad m=1 nan m=2 nan (via N 0.00e+00)  B90 0 B99 0 of 0
L3 L3_429965    C 2.760e-10 sat 0 eps 0.0054  desc/C 0.00517 0 0  bad m=1 nan m=2 nan (via N 0.00e+00)  B90 0 B99 0 of 0
L3 L3_319522    C 2.758e-10 sat 0 eps 0.0054  desc/C 0.0506 0 0  bad m=1 nan m=2 nan (via N 0.00e+00)  B90 0 B99 0 of 0
L3 L3_141397    C 2.752e-10 sat 0 eps 0.0474  desc/C 0.11 0 0  bad m=1 nan m=2 nan (via N 0.00e+00)  B90 0 B99 0 of 0
L3 L3_141408    C 2.748e-10 sat 0 eps 0.0508  desc/C 0.192 0.0227 0  bad m=1 0.00e+00 m=2 nan (via N 0.00e+00)  B90 0 B99 0 of 0
L2 L2_14453     C 2.728e-10 sat 0 eps 0.0054  desc/C 0.0704 0.00957 0  bad m=1 0.00e+00 m=2 nan (via N 0.00e+00)  B90 0 B99 0 of 0
L2 L2_7946      C 2.725e-10 sat 0 eps 0.0055  desc/C 0.641 0 0  bad m=1 nan m=2 nan (via N 0.00e+00)  B90 0 B99 0 of 0
L4 L4_28300     C 2.718e-10 sat 0 eps 0.0449  desc/C 40.9 2.76 0  bad m=1 9.78e-01 m=2 nan (via N 0.00e+00)  B90 3 B99 3 of 3
L2 L2_969       C 2.716e-10 sat 0 eps 0.1329  desc/C 0.268 0.175 0  bad m=1 0.00e+00 m=2 nan (via N 0.00e+00)  B90 0 B99 0 of 0
L4 L4_1016217   C 2.709e-10 sat 0 eps 0.0194  desc/C 0.0483 0 0  bad m=1 nan m=2 nan (via N 0.00e+00)  B90 0 B99 0 of 0
L1 L1_297       C 2.707e-10 sat 0 eps 1.0000  desc/C 0 0 0  bad m=1 nan m=2 nan (via N 0.00e+00)  B90 0 B99 0 of 0
L1 L1_296       C 2.707e-10 sat 0 eps 1.0000  desc/C 0.0137 0 0  bad m=1 nan m=2 nan (via N 0.00e+00)  B90 0 B99 0 of 0
L2 L2_2408      C 2.700e-10 sat 0 eps 0.2686  desc/C 0.0612 0 0  bad m=1 nan m=2 nan (via N 0.00e+00)  B90 0 B99 0 of 0
L1 L1_300       C 2.690e-10 sat 0 eps 1.0000  desc/C 0.0217 0 0  bad m=1 nan m=2 nan (via N 0.00e+00)  B90 0 B99 0 of 0
L1 L1_301       C 2.690e-10 sat 0 eps 1.0000  desc/C 0 0 0  bad m=1 nan m=2 nan (via N 0.00e+00)  B90 0 B99 0 of 0
L4 L4_601876    C 2.689e-10 sat 0 eps 0.0054  desc/C 0.202 0.0891 0  bad m=1 0.00e+00 m=2 nan (via N 0.00e+00)  B90 0 B99 0 of 0
L3 L3_27237     C 2.688e-10 sat 0 eps 0.0203  desc/C 0.421 0.0771 0  bad m=1 0.00e+00 m=2 nan (via N 0.00e+00)  B90 0 B99 0 of 0
L2 L2_1055      C 2.688e-10 sat 0 eps 0.1346  desc/C 0.249 0.00847 0  bad m=1 0.00e+00 m=2 nan (via N 0.00e+00)  B90 0 B99 0 of 0
L1 L1_298       C 2.680e-10 sat 0 eps 1.0000  desc/C 0 0 0  bad m=1 nan m=2 nan (via N 0.00e+00)  B90 0 B99 0 of 0
L1 L1_299       C 2.680e-10 sat 0 eps 1.0000  desc/C 0.317 0.414 0.115  bad m=1 0.00e+00 m=2 0.00e+00 (via N 0.00e+00)  B90 0 B99 0 of 0
L4 L4_716454    C 2.678e-10 sat 0 eps 0.0193  desc/C 0.0537 0 0  bad m=1 nan m=2 nan (via N 0.00e+00)  B90 0 B99 0 of 0
L4 L4_172578    C 2.677e-10 sat 0 eps 0.0063  desc/C 0.133 0 0  bad m=1 nan m=2 nan (via N 0.00e+00)  B90 0 B99 0 of 0
L4 L4_86285     C 2.674e-10 sat 0 eps 0.0207  desc/C 0.612 0.132 0  bad m=1 0.00e+00 m=2 nan (via N 0.00e+00)  B90 0 B99 0 of 0
L4 L4_28307     C 2.674e-10 sat 0 eps 0.0433  desc/C 0.195 0.0426 0  bad m=1 0.00e+00 m=2 nan (via N 0.00e+00)  B90 0 B99 0 of 0
L2 L2_68        C 2.673e-10 sat 0 eps 0.0054  desc/C 0.0378 0.0182 0  bad m=1 0.00e+00 m=2 nan (via N 0.00e+00)  B90 0 B99 0 of 0
L3 L3_27323     C 2.663e-10 sat 0 eps 0.0446  desc/C 0.0966 0.0117 0  bad m=1 0.00e+00 m=2 nan (via N 0.00e+00)  B90 0 B99 0 of 0
L1 L1_303       C 2.660e-10 sat 0 eps 1.0000  desc/C 0 0 0  bad m=1 nan m=2 nan (via N 0.00e+00)  B90 0 B99 0 of 0
L1 L1_302       C 2.660e-10 sat 0 eps 1.0000  desc/C 0 0 0  bad m=1 nan m=2 nan (via N 0.00e+00)  B90 0 B99 0 of 0
L4 L4_218513    C 2.641e-10 sat 0 eps 0.0053  desc/C 1.25 0.848 0  bad m=1 5.15e-01 m=2 nan (via N 0.00e+00)  B90 1 B99 1 of 1
L4 L4_366812    C 2.635e-10 sat 0 eps 0.0056  desc/C 0.00425 0 0  bad m=1 nan m=2 nan (via N 0.00e+00)  B90 0 B99 0 of 0
L2 L2_252       C 2.614e-10 sat 0 eps 0.0477  desc/C 0.0161 0 0  bad m=1 nan m=2 nan (via N 0.00e+00)  B90 0 B99 0 of 0
L1 L1_304       C 2.604e-10 sat 0 eps 1.0000  desc/C 0 0 0  bad m=1 nan m=2 nan (via N 0.00e+00)  B90 0 B99 0 of 0
L1 L1_305       C 2.604e-10 sat 0 eps 1.0000  desc/C 1.05 0.671 0  bad m=1 0.00e+00 m=2 nan (via N 0.00e+00)  B90 0 B99 0 of 0
L3 L3_27222     C 2.598e-10 sat 0 eps 0.0196  desc/C 0.27 0 0  bad m=1 nan m=2 nan (via N 0.00e+00)  B90 0 B99 0 of 0
L3 L3_503109    C 2.597e-10 sat 0 eps 0.0053  desc/C 0.257 0.135 0.0688  bad m=1 0.00e+00 m=2 0.00e+00 (via N 0.00e+00)  B90 0 B99 0 of 0
L2 L2_8464      C 2.593e-10 sat 0 eps 0.0828  desc/C 0.0259 0 0  bad m=1 nan m=2 nan (via N 0.00e+00)  B90 0 B99 0 of 0
L4 L4_86366     C 2.593e-10 sat 0 eps 0.0491  desc/C 0.0917 0.0134 0  bad m=1 0.00e+00 m=2 nan (via N 0.00e+00)  B90 0 B99 0 of 0
L4 L4_86009     C 2.590e-10 sat 0 eps 0.0052  desc/C 0.105 0 0  bad m=1 nan m=2 nan (via N 0.00e+00)  B90 0 B99 0 of 0
L2 L2_2945      C 2.588e-10 sat 0 eps 0.2696  desc/C 0.123 0.0319 0.0066  bad m=1 0.00e+00 m=2 0.00e+00 (via N 0.00e+00)  B90 0 B99 0 of 0
L4 L4_28156     C 2.579e-10 sat 0 eps 0.0048  desc/C 0.603 0.421 0  bad m=1 0.00e+00 m=2 nan (via N 0.00e+00)  B90 0 B99 0 of 0
L3 L3_273530    C 2.569e-10 sat 0 eps 0.0054  desc/C 0 0 0  bad m=1 nan m=2 nan (via N 0.00e+00)  B90 0 B99 0 of 0
L3 L3_141052    C 2.564e-10 sat 0 eps 0.0054  desc/C 0.445 0.0325 0  bad m=1 0.00e+00 m=2 nan (via N 0.00e+00)  B90 0 B99 0 of 0
L3 L3_380628    C 2.548e-10 sat 0 eps 0.0047  desc/C 0.0147 0 0  bad m=1 nan m=2 nan (via N 0.00e+00)  B90 0 B99 0 of 0
L2 L2_162       C 2.546e-10 sat 0 eps 0.0201  desc/C 0.0385 0 0  bad m=1 nan m=2 nan (via N 0.00e+00)  B90 0 B99 0 of 0
L1 L1_306       C 2.538e-10 sat 0 eps 1.0000  desc/C 0 0 0  bad m=1 nan m=2 nan (via N 0.00e+00)  B90 0 B99 0 of 0
L1 L1_307       C 2.538e-10 sat 0 eps 1.0000  desc/C 0.613 0.355 0.503  bad m=1 0.00e+00 m=2 0.00e+00 (via N 0.00e+00)  B90 0 B99 0 of 0
L3 L3_115411    C 2.530e-10 sat 0 eps 0.0053  desc/C 1.36 0.595 0.276  bad m=1 0.00e+00 m=2 0.00e+00 (via N 0.00e+00)  B90 0 B99 0 of 0
L1 L1_308       C 2.530e-10 sat 0 eps 1.0000  desc/C 0.00433 0.00488 0  bad m=1 0.00e+00 m=2 nan (via N 0.00e+00)  B90 0 B99 0 of 0
L1 L1_309       C 2.530e-10 sat 0 eps 1.0000  desc/C 0 0 0  bad m=1 nan m=2 nan (via N 0.00e+00)  B90 0 B99 0 of 0
L2 L2_3107      C 2.529e-10 sat 0 eps 0.2692  desc/C 0.208 0.0984 0.0368  bad m=1 0.00e+00 m=2 0.00e+00 (via N 0.00e+00)  B90 0 B99 0 of 0
L1 L1_310       C 2.520e-10 sat 0 eps 1.0000  desc/C 0.00959 0 0  bad m=1 nan m=2 nan (via N 0.00e+00)  B90 0 B99 0 of 0
L1 L1_311       C 2.520e-10 sat 0 eps 1.0000  desc/C 0 0 0  bad m=1 nan m=2 nan (via N 0.00e+00)  B90 0 B99 0 of 0
L4 L4_252131    C 2.516e-10 sat 0 eps 0.0053  desc/C 0.0759 0 0  bad m=1 nan m=2 nan (via N 0.00e+00)  B90 0 B99 0 of 0
L2 L2_597       C 2.497e-10 sat 0 eps 0.0745  desc/C 0.0225 0 0  bad m=1 nan m=2 nan (via N 0.00e+00)  B90 0 B99 0 of 0
L1 L1_313       C 2.487e-10 sat 0 eps 1.0000  desc/C 0 0 0  bad m=1 nan m=2 nan (via N 0.00e+00)  B90 0 B99 0 of 0
L1 L1_312       C 2.487e-10 sat 0 eps 1.0000  desc/C 0.00818 0 0  bad m=1 nan m=2 nan (via N 0.00e+00)  B90 0 B99 0 of 0
L4 L4_317413    C 2.484e-10 sat 0 eps 0.0047  desc/C 0.244 0.075 0  bad m=1 0.00e+00 m=2 nan (via N 0.00e+00)  B90 0 B99 0 of 0
L3 L3_27177     C 2.476e-10 sat 0 eps 0.0053  desc/C 0 0 0  bad m=1 nan m=2 nan (via N 0.00e+00)  B90 0 B99 0 of 0
L4 L4_68919     C 2.466e-10 sat 0 eps 0.0394  desc/C 0.188 0.0143 0  bad m=1 0.00e+00 m=2 nan (via N 0.00e+00)  B90 0 B99 0 of 0
L3 L3_503093    C 2.458e-10 sat 0 eps 0.0052  desc/C 0.124 0.0924 0  bad m=1 0.00e+00 m=2 nan (via N 0.00e+00)  B90 0 B99 0 of 0
L3 L3_498656    C 2.456e-10 sat 0 eps 0.0047  desc/C 0.0424 0.0719 0.103  bad m=1 0.00e+00 m=2 0.00e+00 (via N 0.00e+00)  B90 0 B99 0 of 0
L3 L3_533456    C 2.452e-10 sat 0 eps 0.0052  desc/C 0.119 0.0917 0.0184  bad m=1 0.00e+00 m=2 0.00e+00 (via N 0.00e+00)  B90 0 B99 0 of 0
L3 L3_27250     C 2.452e-10 sat 0 eps 0.0198  desc/C 0.0327 0 0  bad m=1 nan m=2 nan (via N 0.00e+00)  B90 0 B99 0 of 0
L3 L3_340499    C 2.442e-10 sat 0 eps 0.0057  desc/C 0.0473 0 0  bad m=1 nan m=2 nan (via N 0.00e+00)  B90 0 B99 0 of 0
L1 L1_315       C 2.424e-10 sat 0 eps 1.0000  desc/C 0 0 0  bad m=1 nan m=2 nan (via N 0.00e+00)  B90 0 B99 0 of 0
L1 L1_314       C 2.424e-10 sat 0 eps 1.0000  desc/C 0 0 0  bad m=1 nan m=2 nan (via N 0.00e+00)  B90 0 B99 0 of 0
L2 L2_2079      C 2.412e-10 sat 0 eps 0.2368  desc/C 0.0921 0.00437 0  bad m=1 0.00e+00 m=2 nan (via N 0.00e+00)  B90 0 B99 0 of 0
L3 L3_28238     C 2.404e-10 sat 0 eps 0.1057  desc/C 0.211 0.391 0.314  bad m=1 0.00e+00 m=2 0.00e+00 (via N 0.00e+00)  B90 0 B99 0 of 0
L2 L2_25675     C 2.396e-10 sat 0 eps 0.0053  desc/C 0.178 0.0743 0  bad m=1 0.00e+00 m=2 nan (via N 0.00e+00)  B90 0 B99 0 of 0
L4 L4_68691     C 2.389e-10 sat 0 eps 0.0389  desc/C 2.69 0.0654 0  bad m=1 0.00e+00 m=2 nan (via N 0.00e+00)  B90 0 B99 0 of 0
L3 L3_242737    C 2.383e-10 sat 0 eps 0.0200  desc/C 0.0211 0 0  bad m=1 nan m=2 nan (via N 0.00e+00)  B90 0 B99 0 of 0
L2 L2_332       C 2.381e-10 sat 0 eps 0.0475  desc/C 0.408 0.0272 0  bad m=1 0.00e+00 m=2 nan (via N 0.00e+00)  B90 0 B99 0 of 0
L1 L1_316       C 2.378e-10 sat 0 eps 1.0000  desc/C 0.0147 0 0  bad m=1 nan m=2 nan (via N 0.00e+00)  B90 0 B99 0 of 0
L1 L1_317       C 2.378e-10 sat 0 eps 1.0000  desc/C 0 0 0  bad m=1 nan m=2 nan (via N 0.00e+00)  B90 0 B99 0 of 0
L4 L4_28315     C 2.378e-10 sat 0 eps 0.0329  desc/C 1.94 0.053 0  bad m=1 0.00e+00 m=2 nan (via N 0.00e+00)  B90 0 B99 0 of 0
L3 L3_141152    C 2.375e-10 sat 0 eps 0.0209  desc/C 0.0496 0 0  bad m=1 nan m=2 nan (via N 0.00e+00)  B90 0 B99 0 of 0
L4 L4_108717    C 2.367e-10 sat 0 eps 0.0046  desc/C 2.17 0.531 0  bad m=1 0.00e+00 m=2 nan (via N 0.00e+00)  B90 0 B99 0 of 0
L1 L1_319       C 2.366e-10 sat 0 eps 1.0000  desc/C 0 0 0  bad m=1 nan m=2 nan (via N 0.00e+00)  B90 0 B99 0 of 0
L1 L1_318       C 2.366e-10 sat 0 eps 1.0000  desc/C 0 0 0  bad m=1 nan m=2 nan (via N 0.00e+00)  B90 0 B99 0 of 0
L2 L2_1808      C 2.359e-10 sat 0 eps 0.2024  desc/C 0.135 0.00666 0  bad m=1 0.00e+00 m=2 nan (via N 0.00e+00)  B90 0 B99 0 of 0
L2 L2_145       C 2.355e-10 sat 0 eps 0.0198  desc/C 0.0251 0 0  bad m=1 nan m=2 nan (via N 0.00e+00)  B90 0 B99 0 of 0
L1 L1_320       C 2.354e-10 sat 0 eps 1.0000  desc/C 0.0177 0 0  bad m=1 nan m=2 nan (via N 0.00e+00)  B90 0 B99 0 of 0
L1 L1_321       C 2.354e-10 sat 0 eps 1.0000  desc/C 0 0 0  bad m=1 nan m=2 nan (via N 0.00e+00)  B90 0 B99 0 of 0
L4 L4_269453    C 2.352e-10 sat 0 eps 0.0052  desc/C 0.161 0 0  bad m=1 nan m=2 nan (via N 0.00e+00)  B90 0 B99 0 of 0
L2 L2_52        C 2.351e-10 sat 0 eps 0.0052  desc/C 0.14 0 0  bad m=1 nan m=2 nan (via N 0.00e+00)  B90 0 B99 0 of 0
L1 L1_322       C 2.342e-10 sat 0 eps 1.0000  desc/C 0 0 0  bad m=1 nan m=2 nan (via N 0.00e+00)  B90 0 B99 0 of 0
L1 L1_323       C 2.342e-10 sat 0 eps 1.0000  desc/C 0.00572 0.0241 0  bad m=1 0.00e+00 m=2 nan (via N 0.00e+00)  B90 0 B99 0 of 0
L4 L4_218495    C 2.332e-10 sat 0 eps 0.0053  desc/C 0.0793 0 0  bad m=1 nan m=2 nan (via N 0.00e+00)  B90 0 B99 0 of 0
L2 L2_348       C 2.329e-10 sat 0 eps 0.0495  desc/C 0.216 0.0315 0  bad m=1 0.00e+00 m=2 nan (via N 0.00e+00)  B90 0 B99 0 of 0
L4 L4_118606    C 2.316e-10 sat 0 eps 0.0181  desc/C 0.129 0.579 0  bad m=1 0.00e+00 m=2 nan (via N 0.00e+00)  B90 0 B99 0 of 0
L1 L1_324       C 2.315e-10 sat 0 eps 1.0000  desc/C 0 0 0  bad m=1 nan m=2 nan (via N 0.00e+00)  B90 0 B99 0 of 0
L1 L1_325       C 2.315e-10 sat 0 eps 1.0000  desc/C 0.114 0.0669 0  bad m=1 0.00e+00 m=2 nan (via N 0.00e+00)  B90 0 B99 0 of 0
L4 L4_477703    C 2.307e-10 sat 0 eps 0.0039  desc/C 0.0246 0.0598 0  bad m=1 0.00e+00 m=2 nan (via N 0.00e+00)  B90 0 B99 0 of 0
L3 L3_380635    C 2.306e-10 sat 0 eps 0.0046  desc/C 1.38 0.769 0.911  bad m=1 0.00e+00 m=2 0.00e+00 (via N 0.00e+00)  B90 0 B99 0 of 0
L3 L3_28193     C 2.296e-10 sat 0 eps 0.1032  desc/C 1.35 0.0657 0.0742  bad m=1 0.00e+00 m=2 0.00e+00 (via N 0.00e+00)  B90 0 B99 0 of 0
L2 L2_2476      C 2.277e-10 sat 0 eps 0.2689  desc/C 0.191 0.0386 0.0421  bad m=1 0.00e+00 m=2 0.00e+00 (via N 0.00e+00)  B90 0 B99 0 of 0
L4 L4_69453     C 2.268e-10 sat 0 eps 0.0616  desc/C 0.303 0.729 0  bad m=1 0.00e+00 m=2 nan (via N 0.00e+00)  B90 0 B99 0 of 0
L4 L4_137356    C 2.268e-10 sat 0 eps 0.0047  desc/C 1.65 1.9 0  bad m=1 0.00e+00 m=2 nan (via N 0.00e+00)  B90 0 B99 0 of 0
L4 L4_322166    C 2.267e-10 sat 0 eps 0.0052  desc/C 0.207 0 0  bad m=1 nan m=2 nan (via N 0.00e+00)  B90 0 B99 0 of 0
L3 L3_303598    C 2.260e-10 sat 0 eps 0.0053  desc/C 0 0.0327 0  bad m=1 0.00e+00 m=2 nan (via N 0.00e+00)  B90 0 B99 0 of 0
L3 L3_202440    C 2.256e-10 sat 0 eps 0.0051  desc/C 0.0349 0 0  bad m=1 nan m=2 nan (via N 0.00e+00)  B90 0 B99 0 of 0
L3 L3_529555    C 2.252e-10 sat 0 eps 0.0048  desc/C 0.0353 0 0  bad m=1 nan m=2 nan (via N 0.00e+00)  B90 0 B99 0 of 0
L4 L4_477683    C 2.250e-10 sat 0 eps 0.0038  desc/C 0.0113 0.0284 0  bad m=1 0.00e+00 m=2 nan (via N 0.00e+00)  B90 0 B99 0 of 0
L2 L2_19694     C 2.248e-10 sat 0 eps 0.0052  desc/C 0.115 0 0  bad m=1 nan m=2 nan (via N 0.00e+00)  B90 0 B99 0 of 0
L4 L4_451687    C 2.236e-10 sat 0 eps 0.0052  desc/C 0.108 0 0  bad m=1 nan m=2 nan (via N 0.00e+00)  B90 0 B99 0 of 0
L3 L3_131017    C 2.234e-10 sat 0 eps 0.0049  desc/C 0.157 0.0379 0  bad m=1 0.00e+00 m=2 nan (via N 0.00e+00)  B90 0 B99 0 of 0
L4 L4_172715    C 2.233e-10 sat 0 eps 0.0198  desc/C 0.0143 0 0  bad m=1 nan m=2 nan (via N 0.00e+00)  B90 0 B99 0 of 0
L4 L4_123269    C 2.224e-10 sat 0 eps 0.0051  desc/C 0.246 0 0  bad m=1 nan m=2 nan (via N 0.00e+00)  B90 0 B99 0 of 0
L1 L1_327       C 2.222e-10 sat 0 eps 1.0000  desc/C 0.149 0.0554 0  bad m=1 0.00e+00 m=2 nan (via N 0.00e+00)  B90 0 B99 0 of 0
L1 L1_326       C 2.222e-10 sat 0 eps 1.0000  desc/C 0 0 0  bad m=1 nan m=2 nan (via N 0.00e+00)  B90 0 B99 0 of 0
L4 L4_128936    C 2.220e-10 sat 0 eps 0.0188  desc/C 0.0784 0 0  bad m=1 nan m=2 nan (via N 0.00e+00)  B90 0 B99 0 of 0
L4 L4_885083    C 2.203e-10 sat 0 eps 0.0052  desc/C 0 0 0  bad m=1 nan m=2 nan (via N 0.00e+00)  B90 0 B99 0 of 0
L3 L3_498634    C 2.203e-10 sat 0 eps 0.0045  desc/C 2 0.233 0  bad m=1 0.00e+00 m=2 nan (via N 0.00e+00)  B90 0 B99 0 of 0
L4 L4_118674    C 2.203e-10 sat 0 eps 0.0355  desc/C 1.31 0.099 0  bad m=1 0.00e+00 m=2 nan (via N 0.00e+00)  B90 0 B99 0 of 0
L4 L4_200761    C 2.201e-10 sat 0 eps 0.0043  desc/C 0.0201 0 0  bad m=1 nan m=2 nan (via N 0.00e+00)  B90 0 B99 0 of 0
L1 L1_329       C 2.198e-10 sat 0 eps 1.0000  desc/C 0 0 0  bad m=1 nan m=2 nan (via N 0.00e+00)  B90 0 B99 0 of 0
L1 L1_328       C 2.198e-10 sat 0 eps 1.0000  desc/C 0 0 0  bad m=1 nan m=2 nan (via N 0.00e+00)  B90 0 B99 0 of 0
L3 L3_141294    C 2.191e-10 sat 0 eps 0.0504  desc/C 0.0809 0 0  bad m=1 nan m=2 nan (via N 0.00e+00)  B90 0 B99 0 of 0
L3 L3_855384    C 2.188e-10 sat 0 eps 0.0052  desc/C 0.307 0.251 0.194  bad m=1 0.00e+00 m=2 0.00e+00 (via N 0.00e+00)  B90 0 B99 0 of 0
L4 L4_211628    C 2.188e-10 sat 0 eps 0.0048  desc/C 0.475 0.167 0  bad m=1 0.00e+00 m=2 nan (via N 0.00e+00)  B90 0 B99 0 of 0
L3 L3_529560    C 2.185e-10 sat 0 eps 0.0050  desc/C 0.154 0.0626 0  bad m=1 1.00e+00 m=2 nan (via N 0.00e+00)  B90 1 B99 1 of 1
L4 L4_200759    C 2.173e-10 sat 0 eps 0.0042  desc/C 1.39 0.658 0  bad m=1 8.42e-01 m=2 nan (via N 0.00e+00)  B90 2 B99 2 of 2
L2 L2_8061      C 2.171e-10 sat 0 eps 0.0190  desc/C 0.0143 0 0  bad m=1 nan m=2 nan (via N 0.00e+00)  B90 0 B99 0 of 0
L4 L4_154859    C 2.165e-10 sat 0 eps 0.0050  desc/C 0.255 0.0737 0  bad m=1 0.00e+00 m=2 nan (via N 0.00e+00)  B90 0 B99 0 of 0
L3 L3_288759    C 2.163e-10 sat 0 eps 0.0051  desc/C 0 0 0  bad m=1 nan m=2 nan (via N 0.00e+00)  B90 0 B99 0 of 0
L4 L4_77206     C 2.161e-10 sat 0 eps 0.0045  desc/C 0.198 0.0525 0  bad m=1 0.00e+00 m=2 nan (via N 0.00e+00)  B90 0 B99 0 of 0
L4 L4_1527937   C 2.159e-10 sat 0 eps 0.0052  desc/C 0.826 0.678 0  bad m=1 0.00e+00 m=2 nan (via N 0.00e+00)  B90 0 B99 0 of 0
L1 L1_330       C 2.153e-10 sat 0 eps 1.0000  desc/C 0 0 0  bad m=1 nan m=2 nan (via N 0.00e+00)  B90 0 B99 0 of 0
L1 L1_331       C 2.153e-10 sat 0 eps 1.0000  desc/C 0 0 0  bad m=1 nan m=2 nan (via N 0.00e+00)  B90 0 B99 0 of 0
L4 L4_86138     C 2.142e-10 sat 0 eps 0.0055  desc/C 3.97 1.87 0  bad m=1 4.96e-01 m=2 nan (via N 0.00e+00)  B90 1 B99 1 of 1
L3 L3_264296    C 2.141e-10 sat 0 eps 0.0189  desc/C 0.0967 0 0  bad m=1 nan m=2 nan (via N 0.00e+00)  B90 0 B99 0 of 0
L3 L3_27338     C 2.136e-10 sat 0 eps 0.0428  desc/C 0.0488 0 0  bad m=1 nan m=2 nan (via N 0.00e+00)  B90 0 B99 0 of 0
L3 L3_737425    C 2.134e-10 sat 0 eps 0.0051  desc/C 1.84 1.55 1.05  bad m=1 6.90e-01 m=2 5.15e-01 (via N 0.00e+00)  B90 1 B99 1 of 1
L4 L4_224203    C 2.129e-10 sat 0 eps 0.0051  desc/C 0.528 0.289 0  bad m=1 0.00e+00 m=2 nan (via N 0.00e+00)  B90 0 B99 0 of 0
L3 L3_42971     C 2.127e-10 sat 0 eps 0.0051  desc/C 0.119 0 0  bad m=1 nan m=2 nan (via N 0.00e+00)  B90 0 B99 0 of 0
L4 L4_309660    C 2.125e-10 sat 0 eps 0.0051  desc/C 0.0987 0 0  bad m=1 nan m=2 nan (via N 0.00e+00)  B90 0 B99 0 of 0
L3 L3_27826     C 2.120e-10 sat 0 eps 0.0815  desc/C 0.847 0.506 0.244  bad m=1 0.00e+00 m=2 0.00e+00 (via N 0.00e+00)  B90 0 B99 0 of 0
L2 L2_144       C 2.112e-10 sat 0 eps 0.0192  desc/C 0.166 0.0231 0  bad m=1 0.00e+00 m=2 nan (via N 0.00e+00)  B90 0 B99 0 of 0
L2 L2_226       C 2.107e-10 sat 0 eps 0.0435  desc/C 0.0178 0 0  bad m=1 nan m=2 nan (via N 0.00e+00)  B90 0 B99 0 of 0
L2 L2_328       C 2.104e-10 sat 0 eps 0.0465  desc/C 0.0537 0 0  bad m=1 nan m=2 nan (via N 0.00e+00)  B90 0 B99 0 of 0
L3 L3_141283    C 2.100e-10 sat 0 eps 0.0444  desc/C 0.0132 0 0  bad m=1 nan m=2 nan (via N 0.00e+00)  B90 0 B99 0 of 0
L2 L2_45131     C 2.099e-10 sat 0 eps 0.0051  desc/C 0.202 0.0458 0  bad m=1 0.00e+00 m=2 nan (via N 0.00e+00)  B90 0 B99 0 of 0
L3 L3_264175    C 2.099e-10 sat 0 eps 0.0050  desc/C 0.0983 0 0  bad m=1 nan m=2 nan (via N 0.00e+00)  B90 0 B99 0 of 0
L3 L3_28264     C 2.096e-10 sat 0 eps 0.1139  desc/C 0.382 0.935 0.554  bad m=1 0.00e+00 m=2 0.00e+00 (via N 0.00e+00)  B90 0 B99 0 of 0
L4 L4_839314    C 2.085e-10 sat 0 eps 0.0051  desc/C 0.215 0 0  bad m=1 nan m=2 nan (via N 0.00e+00)  B90 0 B99 0 of 0
L2 L2_3533      C 2.082e-10 sat 0 eps 0.2832  desc/C 0.162 0.00647 0  bad m=1 0.00e+00 m=2 nan (via N 0.00e+00)  B90 0 B99 0 of 0
L3 L3_27736     C 2.076e-10 sat 0 eps 0.0733  desc/C 0.317 0.314 0.163  bad m=1 0.00e+00 m=2 0.00e+00 (via N 0.00e+00)  B90 0 B99 0 of 0
L4 L4_1078394   C 2.072e-10 sat 0 eps 0.0050  desc/C 0.0838 0.0135 0  bad m=1 0.00e+00 m=2 nan (via N 0.00e+00)  B90 0 B99 0 of 0
L4 L4_28445     C 2.062e-10 sat 0 eps 0.0337  desc/C 0.0985 0.47 0  bad m=1 0.00e+00 m=2 nan (via N 0.00e+00)  B90 0 B99 0 of 0
L2 L2_19669     C 2.059e-10 sat 0 eps 0.0051  desc/C 0.0354 0 0  bad m=1 nan m=2 nan (via N 0.00e+00)  B90 0 B99 0 of 0
L3 L3_149694    C 2.058e-10 sat 0 eps 0.0167  desc/C 0.0978 0.113 0  bad m=1 0.00e+00 m=2 nan (via N 0.00e+00)  B90 0 B99 0 of 0
L3 L3_149623    C 2.056e-10 sat 0 eps 0.0051  desc/C 0.014 0.00875 0  bad m=1 0.00e+00 m=2 nan (via N 0.00e+00)  B90 0 B99 0 of 0
L4 L4_1579913   C 2.050e-10 sat 0 eps 0.0048  desc/C 0.122 0 0  bad m=1 nan m=2 nan (via N 0.00e+00)  B90 0 B99 0 of 0
L4 L4_86427     C 2.047e-10 sat 0 eps 0.0341  desc/C 0.119 0.395 0  bad m=1 0.00e+00 m=2 nan (via N 0.00e+00)  B90 0 B99 0 of 0
L4 L4_29071     C 2.045e-10 sat 0 eps 0.0551  desc/C 0.207 0.281 0  bad m=1 0.00e+00 m=2 nan (via N 0.00e+00)  B90 0 B99 0 of 0
L2 L2_35101     C 2.044e-10 sat 0 eps 0.0051  desc/C 0.0426 0 0  bad m=1 nan m=2 nan (via N 0.00e+00)  B90 0 B99 0 of 0
L3 L3_319531    C 2.042e-10 sat 0 eps 0.0050  desc/C 0.099 0 0  bad m=1 nan m=2 nan (via N 0.00e+00)  B90 0 B99 0 of 0
L4 L4_853757    C 2.031e-10 sat 0 eps 0.0043  desc/C 0.224 0 0  bad m=1 nan m=2 nan (via N 0.00e+00)  B90 0 B99 0 of 0
L4 L4_68724     C 2.020e-10 sat 0 eps 0.0389  desc/C 0.19 0.0105 0  bad m=1 0.00e+00 m=2 nan (via N 0.00e+00)  B90 0 B99 0 of 0
L4 L4_197289    C 2.019e-10 sat 0 eps 0.0198  desc/C 0.348 0.0301 0  bad m=1 0.00e+00 m=2 nan (via N 0.00e+00)  B90 0 B99 0 of 0
L3 L3_27806     C 2.013e-10 sat 0 eps 0.0906  desc/C 1.51 0.0305 0.00511  bad m=1 0.00e+00 m=2 0.00e+00 (via N 0.00e+00)  B90 0 B99 0 of 0
L4 L4_68445     C 1.996e-10 sat 0 eps 0.0038  desc/C 0.637 0.131 0  bad m=1 0.00e+00 m=2 nan (via N 0.00e+00)  B90 0 B99 0 of 0
L4 L4_145731    C 1.995e-10 sat 0 eps 0.0049  desc/C 9.31 3.1 0  bad m=1 5.95e-01 m=2 nan (via N 0.00e+00)  B90 1 B99 2 of 3
L3 L3_28250     C 1.984e-10 sat 0 eps 0.1026  desc/C 0.928 0.399 0.597  bad m=1 6.16e-01 m=2 4.32e-01 (via N 0.00e+00)  B90 1 B99 1 of 1
L4 L4_137347    C 1.982e-10 sat 0 eps 0.0046  desc/C 0.0401 0.0355 0  bad m=1 0.00e+00 m=2 nan (via N 0.00e+00)  B90 0 B99 0 of 0
L1 L1_332       C 1.975e-10 sat 0 eps 1.0000  desc/C 0 0 0  bad m=1 nan m=2 nan (via N 0.00e+00)  B90 0 B99 0 of 0
L1 L1_333       C 1.975e-10 sat 0 eps 1.0000  desc/C 0.32 0.0478 0.0157  bad m=1 0.00e+00 m=2 0.00e+00 (via N 0.00e+00)  B90 0 B99 0 of 0
L4 L4_218537    C 1.969e-10 sat 0 eps 0.0199  desc/C 0.289 0.00516 0  bad m=1 0.00e+00 m=2 nan (via N 0.00e+00)  B90 0 B99 0 of 0
L2 L2_113021    C 1.969e-10 sat 0 eps 0.0050  desc/C 0.0902 0 0  bad m=1 nan m=2 nan (via N 0.00e+00)  B90 0 B99 0 of 0
L4 L4_118621    C 1.962e-10 sat 0 eps 0.0182  desc/C 0.0809 0 0  bad m=1 nan m=2 nan (via N 0.00e+00)  B90 0 B99 0 of 0
L3 L3_191545    C 1.957e-10 sat 0 eps 0.0478  desc/C 0.165 0.0341 0  bad m=1 0.00e+00 m=2 nan (via N 0.00e+00)  B90 0 B99 0 of 0
L4 L4_275730    C 1.949e-10 sat 0 eps 0.0039  desc/C 1.02 0.578 0  bad m=1 0.00e+00 m=2 nan (via N 0.00e+00)  B90 0 B99 0 of 0
L2 L2_2148      C 1.947e-10 sat 0 eps 0.2037  desc/C 0.286 0.0144 0  bad m=1 0.00e+00 m=2 nan (via N 0.00e+00)  B90 0 B99 0 of 0
L2 L2_110       C 1.946e-10 sat 0 eps 0.0185  desc/C 0.12 0.0107 0  bad m=1 0.00e+00 m=2 nan (via N 0.00e+00)  B90 0 B99 0 of 0
L1 L1_334       C 1.944e-10 sat 0 eps 1.0000  desc/C 0 0 0  bad m=1 nan m=2 nan (via N 0.00e+00)  B90 0 B99 0 of 0
L1 L1_335       C 1.944e-10 sat 0 eps 1.0000  desc/C 0.0547 0 0  bad m=1 nan m=2 nan (via N 0.00e+00)  B90 0 B99 0 of 0
L3 L3_591754    C 1.943e-10 sat 0 eps 0.0050  desc/C 0 0 0  bad m=1 nan m=2 nan (via N 0.00e+00)  B90 0 B99 0 of 0
L4 L4_101       C 1.942e-10 sat 0 eps 0.0050  desc/C 0.977 0.934 0  bad m=1 0.00e+00 m=2 nan (via N 0.00e+00)  B90 0 B99 0 of 0
L1 L1_336       C 1.941e-10 sat 0 eps 1.0000  desc/C 0.0156 0 0  bad m=1 nan m=2 nan (via N 0.00e+00)  B90 0 B99 0 of 0
L1 L1_337       C 1.941e-10 sat 0 eps 1.0000  desc/C 0 0 0  bad m=1 nan m=2 nan (via N 0.00e+00)  B90 0 B99 0 of 0
L3 L3_93        C 1.940e-10 sat 0 eps 0.0050  desc/C 0.617 0.611 0.593  bad m=1 0.00e+00 m=2 0.00e+00 (via N 0.00e+00)  B90 0 B99 0 of 0
L1 L1_338       C 1.936e-10 sat 0 eps 1.0000  desc/C 0.00706 0 0  bad m=1 nan m=2 nan (via N 0.00e+00)  B90 0 B99 0 of 0
L1 L1_339       C 1.936e-10 sat 0 eps 1.0000  desc/C 0 0 0  bad m=1 nan m=2 nan (via N 0.00e+00)  B90 0 B99 0 of 0
L2 L2_2636      C 1.934e-10 sat 0 eps 0.2721  desc/C 0.356 0.129 0.211  bad m=1 0.00e+00 m=2 0.00e+00 (via N 0.00e+00)  B90 0 B99 0 of 0
L4 L4_238264    C 1.930e-10 sat 0 eps 0.0050  desc/C 0.767 0.515 0  bad m=1 0.00e+00 m=2 nan (via N 0.00e+00)  B90 0 B99 0 of 0
L4 L4_28469     C 1.915e-10 sat 0 eps 0.0449  desc/C 1.02 0.518 0  bad m=1 0.00e+00 m=2 nan (via N 0.00e+00)  B90 0 B99 0 of 0
L2 L2_34        C 1.915e-10 sat 0 eps 0.0050  desc/C 0.394 0 0  bad m=1 nan m=2 nan (via N 0.00e+00)  B90 0 B99 0 of 0
L4 L4_793571    C 1.909e-10 sat 0 eps 0.0048  desc/C 0.0652 0.00678 0  bad m=1 0.00e+00 m=2 nan (via N 0.00e+00)  B90 0 B99 0 of 0
L2 L2_756       C 1.904e-10 sat 0 eps 0.0813  desc/C 0.278 0 0  bad m=1 nan m=2 nan (via N 0.00e+00)  B90 0 B99 0 of 0
L2 L2_3291      C 1.895e-10 sat 0 eps 0.2504  desc/C 0.208 0.0343 0  bad m=1 0.00e+00 m=2 nan (via N 0.00e+00)  B90 0 B99 0 of 0
L3 L3_27899     C 1.893e-10 sat 0 eps 0.0843  desc/C 0.566 0.0647 0  bad m=1 0.00e+00 m=2 nan (via N 0.00e+00)  B90 0 B99 0 of 0
L2 L2_45083     C 1.888e-10 sat 0 eps 0.0050  desc/C 1.03 0.635 0.628  bad m=1 0.00e+00 m=2 0.00e+00 (via N 0.00e+00)  B90 0 B99 0 of 0
L4 L4_456098    C 1.887e-10 sat 0 eps 0.0037  desc/C 5.46 1.5 0  bad m=1 0.00e+00 m=2 nan (via N 0.00e+00)  B90 0 B99 0 of 0
L4 L4_438264    C 1.887e-10 sat 0 eps 0.0187  desc/C 0.114 0 0  bad m=1 nan m=2 nan (via N 0.00e+00)  B90 0 B99 0 of 0
L3 L3_28039     C 1.878e-10 sat 0 eps 0.1296  desc/C 0.0796 0 0  bad m=1 nan m=2 nan (via N 0.00e+00)  B90 0 B99 0 of 0
L1 L1_341       C 1.877e-10 sat 0 eps 1.0000  desc/C 0 0 0  bad m=1 nan m=2 nan (via N 0.00e+00)  B90 0 B99 0 of 0
L1 L1_340       C 1.877e-10 sat 0 eps 1.0000  desc/C 0 0 0  bad m=1 nan m=2 nan (via N 0.00e+00)  B90 0 B99 0 of 0
L4 L4_68470     C 1.875e-10 sat 0 eps 0.0038  desc/C 0.0071 0 0  bad m=1 nan m=2 nan (via N 0.00e+00)  B90 0 B99 0 of 0
L4 L4_86037     C 1.872e-10 sat 0 eps 0.0048  desc/C 0.138 0 0  bad m=1 nan m=2 nan (via N 0.00e+00)  B90 0 B99 0 of 0
L3 L3_591724    C 1.872e-10 sat 0 eps 0.0049  desc/C 0 0 0  bad m=1 nan m=2 nan (via N 0.00e+00)  B90 0 B99 0 of 0
L3 L3_28209     C 1.867e-10 sat 0 eps 0.0972  desc/C 0.149 0.29 0.0671  bad m=1 0.00e+00 m=2 0.00e+00 (via N 0.00e+00)  B90 0 B99 0 of 0
L2 L2_8056      C 1.863e-10 sat 0 eps 0.0185  desc/C 0.218 0.00728 0  bad m=1 0.00e+00 m=2 nan (via N 0.00e+00)  B90 0 B99 0 of 0
L4 L4_287213    C 1.860e-10 sat 0 eps 0.0181  desc/C 0.0798 0 0  bad m=1 nan m=2 nan (via N 0.00e+00)  B90 0 B99 0 of 0
L3 L3_156026    C 1.857e-10 sat 0 eps 0.0050  desc/C 0 0 0  bad m=1 nan m=2 nan (via N 0.00e+00)  B90 0 B99 0 of 0
L2 L2_573       C 1.854e-10 sat 0 eps 0.0738  desc/C 0.027 0 0  bad m=1 nan m=2 nan (via N 0.00e+00)  B90 0 B99 0 of 0
L2 L2_8065      C 1.845e-10 sat 0 eps 0.0184  desc/C 0.0106 0 0  bad m=1 nan m=2 nan (via N 0.00e+00)  B90 0 B99 0 of 0
L3 L3_384375    C 1.834e-10 sat 0 eps 0.0049  desc/C 0.463 0.0502 0  bad m=1 0.00e+00 m=2 nan (via N 0.00e+00)  B90 0 B99 0 of 0
L4 L4_1369116   C 1.832e-10 sat 0 eps 0.0043  desc/C 1.02 0.145 0  bad m=1 0.00e+00 m=2 nan (via N 0.00e+00)  B90 0 B99 0 of 0
L3 L3_149609    C 1.827e-10 sat 0 eps 0.0049  desc/C 0.904 0.177 0.147  bad m=1 0.00e+00 m=2 0.00e+00 (via N 0.00e+00)  B90 0 B99 0 of 0
L1 L1_343       C 1.813e-10 sat 0 eps 1.0000  desc/C 0.434 0.12 0  bad m=1 0.00e+00 m=2 nan (via N 0.00e+00)  B90 0 B99 0 of 0
L1 L1_342       C 1.813e-10 sat 0 eps 1.0000  desc/C 0 0 0  bad m=1 nan m=2 nan (via N 0.00e+00)  B90 0 B99 0 of 0
L4 L4_68570     C 1.810e-10 sat 0 eps 0.0138  desc/C 0.213 0.448 0  bad m=1 0.00e+00 m=2 nan (via N 0.00e+00)  B90 0 B99 0 of 0
L3 L3_950463    C 1.807e-10 sat 0 eps 0.0049  desc/C 0.197 0 0  bad m=1 nan m=2 nan (via N 0.00e+00)  B90 0 B99 0 of 0
L3 L3_191173    C 1.806e-10 sat 0 eps 0.0051  desc/C 0.452 0.127 0  bad m=1 0.00e+00 m=2 nan (via N 0.00e+00)  B90 0 B99 0 of 0
L3 L3_512168    C 1.800e-10 sat 0 eps 0.0049  desc/C 1.18 0.624 0.342  bad m=1 0.00e+00 m=2 0.00e+00 (via N 0.00e+00)  B90 0 B99 0 of 0
L4 L4_172576    C 1.785e-10 sat 0 eps 0.0050  desc/C 0.106 0 0  bad m=1 nan m=2 nan (via N 0.00e+00)  B90 0 B99 0 of 0
L4 L4_188566    C 1.782e-10 sat 0 eps 0.0048  desc/C 0.413 0.07 0  bad m=1 0.00e+00 m=2 nan (via N 0.00e+00)  B90 0 B99 0 of 0
L3 L3_27854     C 1.778e-10 sat 0 eps 0.0678  desc/C 1.11 0.361 0.511  bad m=1 3.46e-01 m=2 3.53e-02 (via N 0.00e+00)  B90 1 B99 1 of 1
L4 L4_162838    C 1.774e-10 sat 0 eps 0.0049  desc/C 0.37 0.0764 0  bad m=1 0.00e+00 m=2 nan (via N 0.00e+00)  B90 0 B99 0 of 0
L4 L4_172548    C 1.771e-10 sat 0 eps 0.0046  desc/C 0.595 0.292 0  bad m=1 0.00e+00 m=2 nan (via N 0.00e+00)  B90 0 B99 0 of 0
L1 L1_344       C 1.767e-10 sat 0 eps 1.0000  desc/C 0 0 0  bad m=1 nan m=2 nan (via N 0.00e+00)  B90 0 B99 0 of 0
L1 L1_345       C 1.767e-10 sat 0 eps 1.0000  desc/C 0.00725 0 0  bad m=1 nan m=2 nan (via N 0.00e+00)  B90 0 B99 0 of 0
L4 L4_777141    C 1.765e-10 sat 0 eps 0.0050  desc/C 0.07 0 0  bad m=1 nan m=2 nan (via N 0.00e+00)  B90 0 B99 0 of 0
L3 L3_529559    C 1.765e-10 sat 0 eps 0.0043  desc/C 0.0463 0 0  bad m=1 nan m=2 nan (via N 0.00e+00)  B90 0 B99 0 of 0
L3 L3_384361    C 1.763e-10 sat 0 eps 0.0045  desc/C 0.0477 0 0  bad m=1 nan m=2 nan (via N 0.00e+00)  B90 0 B99 0 of 0
L3 L3_149678    C 1.762e-10 sat 0 eps 0.0049  desc/C 0.0344 0 0  bad m=1 nan m=2 nan (via N 0.00e+00)  B90 0 B99 0 of 0
L2 L2_1034      C 1.760e-10 sat 0 eps 0.1131  desc/C 0.642 0.172 0.115  bad m=1 0.00e+00 m=2 0.00e+00 (via N 0.00e+00)  B90 0 B99 0 of 0
L1 L1_346       C 1.757e-10 sat 0 eps 1.0000  desc/C 0.0107 0 0  bad m=1 nan m=2 nan (via N 0.00e+00)  B90 0 B99 0 of 0
L1 L1_347       C 1.757e-10 sat 0 eps 1.0000  desc/C 0 0 0  bad m=1 nan m=2 nan (via N 0.00e+00)  B90 0 B99 0 of 0
L4 L4_37772     C 1.757e-10 sat 0 eps 0.0049  desc/C 0 0 0  bad m=1 nan m=2 nan (via N 0.00e+00)  B90 0 B99 0 of 0
L1 L1_349       C 1.753e-10 sat 0 eps 1.0000  desc/C 1.08 1.11 0.683  bad m=1 0.00e+00 m=2 0.00e+00 (via N 0.00e+00)  B90 0 B99 0 of 0
L1 L1_348       C 1.753e-10 sat 0 eps 1.0000  desc/C 0 0 0  bad m=1 nan m=2 nan (via N 0.00e+00)  B90 0 B99 0 of 0
L4 L4_28766     C 1.753e-10 sat 0 eps 0.0462  desc/C 0.33 0.118 0  bad m=1 0.00e+00 m=2 nan (via N 0.00e+00)  B90 0 B99 0 of 0
L2 L2_1366      C 1.752e-10 sat 0 eps 0.1240  desc/C 0.685 0.386 0.203  bad m=1 0.00e+00 m=2 0.00e+00 (via N 0.00e+00)  B90 0 B99 0 of 0
L3 L3_14624     C 1.748e-10 sat 0 eps 0.0049  desc/C 0 0 0  bad m=1 nan m=2 nan (via N 0.00e+00)  B90 0 B99 0 of 0
L4 L4_97671     C 1.743e-10 sat 0 eps 0.0048  desc/C 0.391 0 0  bad m=1 nan m=2 nan (via N 0.00e+00)  B90 0 B99 0 of 0
L1 L1_350       C 1.738e-10 sat 0 eps 1.0000  desc/C 0 0 0  bad m=1 nan m=2 nan (via N 0.00e+00)  B90 0 B99 0 of 0
L1 L1_351       C 1.738e-10 sat 0 eps 1.0000  desc/C 0.112 0 0  bad m=1 nan m=2 nan (via N 0.00e+00)  B90 0 B99 0 of 0
L4 L4_328206    C 1.738e-10 sat 0 eps 0.0049  desc/C 0 0 0  bad m=1 nan m=2 nan (via N 0.00e+00)  B90 0 B99 0 of 0
L3 L3_28118     C 1.735e-10 sat 0 eps 0.1308  desc/C 0.394 0.113 0.0344  bad m=1 0.00e+00 m=2 0.00e+00 (via N 0.00e+00)  B90 0 B99 0 of 0
L1 L1_353       C 1.728e-10 sat 0 eps 1.0000  desc/C 0.794 0.135 0  bad m=1 0.00e+00 m=2 nan (via N 0.00e+00)  B90 0 B99 0 of 0
L1 L1_352       C 1.728e-10 sat 0 eps 1.0000  desc/C 0 0 0  bad m=1 nan m=2 nan (via N 0.00e+00)  B90 0 B99 0 of 0
L2 L2_2208      C 1.724e-10 sat 0 eps 0.2175  desc/C 0.0739 0.0303 0  bad m=1 0.00e+00 m=2 nan (via N 0.00e+00)  B90 0 B99 0 of 0
L4 L4_200835    C 1.722e-10 sat 0 eps 0.0163  desc/C 0.137 0.186 0  bad m=1 0.00e+00 m=2 nan (via N 0.00e+00)  B90 0 B99 0 of 0
L4 L4_188579    C 1.715e-10 sat 0 eps 0.0047  desc/C 0.0569 0 0  bad m=1 nan m=2 nan (via N 0.00e+00)  B90 0 B99 0 of 0
L2 L2_113039    C 1.715e-10 sat 0 eps 0.0049  desc/C 0.0535 0 0  bad m=1 nan m=2 nan (via N 0.00e+00)  B90 0 B99 0 of 0
L4 L4_269440    C 1.709e-10 sat 0 eps 0.0042  desc/C 0.118 0.229 0  bad m=1 0.00e+00 m=2 nan (via N 0.00e+00)  B90 0 B99 0 of 0
L3 L3_27849     C 1.707e-10 sat 0 eps 0.0821  desc/C 0.732 0.217 0.05  bad m=1 0.00e+00 m=2 0.00e+00 (via N 0.00e+00)  B90 0 B99 0 of 0
L3 L3_27161     C 1.706e-10 sat 0 eps 0.0043  desc/C 0.224 0.43 0.165  bad m=1 0.00e+00 m=2 0.00e+00 (via N 0.00e+00)  B90 0 B99 0 of 0
L3 L3_694277    C 1.706e-10 sat 0 eps 0.0167  desc/C 0.0422 0 0  bad m=1 nan m=2 nan (via N 0.00e+00)  B90 0 B99 0 of 0
L3 L3_28196     C 1.706e-10 sat 0 eps 0.1334  desc/C 0.107 0.00938 0  bad m=1 0.00e+00 m=2 nan (via N 0.00e+00)  B90 0 B99 0 of 0
L2 L2_2207      C 1.693e-10 sat 0 eps 0.1971  desc/C 0.681 0.034 0.0223  bad m=1 0.00e+00 m=2 0.00e+00 (via N 0.00e+00)  B90 0 B99 0 of 0
L1 L1_354       C 1.691e-10 sat 0 eps 1.0000  desc/C 0 0 0  bad m=1 nan m=2 nan (via N 0.00e+00)  B90 0 B99 0 of 0
L1 L1_355       C 1.691e-10 sat 0 eps 1.0000  desc/C 0.158 0.0277 0  bad m=1 0.00e+00 m=2 nan (via N 0.00e+00)  B90 0 B99 0 of 0
L4 L4_68475     C 1.687e-10 sat 0 eps 0.0041  desc/C 0.756 0.369 0  bad m=1 0.00e+00 m=2 nan (via N 0.00e+00)  B90 0 B99 0 of 0
L3 L3_27876     C 1.687e-10 sat 0 eps 0.0886  desc/C 0.24 0.296 0  bad m=1 0.00e+00 m=2 nan (via N 0.00e+00)  B90 0 B99 0 of 0
L4 L4_108666    C 1.685e-10 sat 0 eps 0.0043  desc/C 0.208 0.247 0  bad m=1 0.00e+00 m=2 nan (via N 0.00e+00)  B90 0 B99 0 of 0
L2 L2_35065     C 1.678e-10 sat 0 eps 0.0048  desc/C 0.666 0 0  bad m=1 nan m=2 nan (via N 0.00e+00)  B90 0 B99 0 of 0
L1 L1_356       C 1.675e-10 sat 0 eps 1.0000  desc/C 0 0 0  bad m=1 nan m=2 nan (via N 0.00e+00)  B90 0 B99 0 of 0
L1 L1_357       C 1.675e-10 sat 0 eps 1.0000  desc/C 0.723 0.0842 0  bad m=1 0.00e+00 m=2 nan (via N 0.00e+00)  B90 0 B99 0 of 0
L2 L2_312       C 1.674e-10 sat 0 eps 0.0437  desc/C 0.412 0.0979 0  bad m=1 0.00e+00 m=2 nan (via N 0.00e+00)  B90 0 B99 0 of 0
L2 L2_571066    C 1.674e-10 sat 0 eps 0.0048  desc/C 1.48 0 0  bad m=1 nan m=2 nan (via N 0.00e+00)  B90 0 B99 0 of 0
L3 L3_380654    C 1.673e-10 sat 0 eps 0.0043  desc/C 0.0778 0 0  bad m=1 nan m=2 nan (via N 0.00e+00)  B90 0 B99 0 of 0
L3 L3_176282    C 1.672e-10 sat 0 eps 0.0461  desc/C 0.0192 0 0  bad m=1 nan m=2 nan (via N 0.00e+00)  B90 0 B99 0 of 0
L1 L1_359       C 1.670e-10 sat 0 eps 1.0000  desc/C 0.286 0.0567 0  bad m=1 0.00e+00 m=2 nan (via N 0.00e+00)  B90 0 B99 0 of 0
L1 L1_358       C 1.670e-10 sat 0 eps 1.0000  desc/C 0 0 0  bad m=1 nan m=2 nan (via N 0.00e+00)  B90 0 B99 0 of 0
L4 L4_691943    C 1.663e-10 sat 0 eps 0.0048  desc/C 0.128 0 0  bad m=1 nan m=2 nan (via N 0.00e+00)  B90 0 B99 0 of 0
L3 L3_115756    C 1.661e-10 sat 0 eps 0.0410  desc/C 0.00827 0 0  bad m=1 nan m=2 nan (via N 0.00e+00)  B90 0 B99 0 of 0
L2 L2_168       C 1.659e-10 sat 0 eps 0.0179  desc/C 0.0975 0 0  bad m=1 nan m=2 nan (via N 0.00e+00)  B90 0 B99 0 of 0
L4 L4_309626    C 1.652e-10 sat 0 eps 0.0048  desc/C 0.196 0.163 0  bad m=1 0.00e+00 m=2 nan (via N 0.00e+00)  B90 0 B99 0 of 0
L3 L3_591743    C 1.652e-10 sat 0 eps 0.0049  desc/C 0.0565 0 0  bad m=1 nan m=2 nan (via N 0.00e+00)  B90 0 B99 0 of 0
L3 L3_294847    C 1.649e-10 sat 0 eps 0.0048  desc/C 0.0457 0 0  bad m=1 nan m=2 nan (via N 0.00e+00)  B90 0 B99 0 of 0
L4 L4_86139     C 1.645e-10 sat 0 eps 0.0049  desc/C 0.315 0.111 0  bad m=1 0.00e+00 m=2 nan (via N 0.00e+00)  B90 0 B99 0 of 0
L4 L4_137371    C 1.641e-10 sat 0 eps 0.0047  desc/C 0.0325 0 0  bad m=1 nan m=2 nan (via N 0.00e+00)  B90 0 B99 0 of 0
L1 L1_360       C 1.641e-10 sat 0 eps 1.0000  desc/C 0.00689 0 0  bad m=1 nan m=2 nan (via N 0.00e+00)  B90 0 B99 0 of 0
L1 L1_361       C 1.641e-10 sat 0 eps 1.0000  desc/C 0 0 0  bad m=1 nan m=2 nan (via N 0.00e+00)  B90 0 B99 0 of 0
L1 L1_362       C 1.639e-10 sat 0 eps 1.0000  desc/C 0.0135 0 0  bad m=1 nan m=2 nan (via N 0.00e+00)  B90 0 B99 0 of 0
L1 L1_363       C 1.639e-10 sat 0 eps 1.0000  desc/C 0 0 0  bad m=1 nan m=2 nan (via N 0.00e+00)  B90 0 B99 0 of 0
L4 L4_68456     C 1.638e-10 sat 0 eps 0.0036  desc/C 0.0366 0.0621 0  bad m=1 0.00e+00 m=2 nan (via N 0.00e+00)  B90 0 B99 0 of 0
L4 L4_123395    C 1.638e-10 sat 0 eps 0.0402  desc/C 26.7 1.73 0  bad m=1 8.32e-01 m=2 nan (via N 0.00e+00)  B90 1 B99 3 of 3
L2 L2_40961     C 1.634e-10 sat 0 eps 0.0048  desc/C 0.0632 0 0  bad m=1 nan m=2 nan (via N 0.00e+00)  B90 0 B99 0 of 0
L2 L2_854       C 1.632e-10 sat 0 eps 0.0815  desc/C 1.12 1.01 0.198  bad m=1 0.00e+00 m=2 0.00e+00 (via N 0.00e+00)  B90 0 B99 0 of 0
L1 L1_364       C 1.627e-10 sat 0 eps 1.0000  desc/C 0 0 0  bad m=1 nan m=2 nan (via N 0.00e+00)  B90 0 B99 0 of 0
L1 L1_365       C 1.627e-10 sat 0 eps 1.0000  desc/C 0.479 0.221 0  bad m=1 0.00e+00 m=2 nan (via N 0.00e+00)  B90 0 B99 0 of 0
L1 L1_367       C 1.626e-10 sat 0 eps 1.0000  desc/C 0.571 0.132 0.067  bad m=1 0.00e+00 m=2 0.00e+00 (via N 0.00e+00)  B90 0 B99 0 of 0
L1 L1_366       C 1.626e-10 sat 0 eps 1.0000  desc/C 0 0 0  bad m=1 nan m=2 nan (via N 0.00e+00)  B90 0 B99 0 of 0
L3 L3_202941    C 1.625e-10 sat 0 eps 0.0480  desc/C 0.04 0.0179 0  bad m=1 0.00e+00 m=2 nan (via N 0.00e+00)  B90 0 B99 0 of 0
L1 L1_368       C 1.622e-10 sat 0 eps 1.0000  desc/C 0.0202 0 0  bad m=1 nan m=2 nan (via N 0.00e+00)  B90 0 B99 0 of 0
L1 L1_369       C 1.622e-10 sat 0 eps 1.0000  desc/C 0 0 0  bad m=1 nan m=2 nan (via N 0.00e+00)  B90 0 B99 0 of 0
L4 L4_172693    C 1.621e-10 sat 0 eps 0.0188  desc/C 0.0497 0 0  bad m=1 nan m=2 nan (via N 0.00e+00)  B90 0 B99 0 of 0
L2 L2_342       C 1.621e-10 sat 0 eps 0.0440  desc/C 0.395 0.0359 0  bad m=1 0.00e+00 m=2 nan (via N 0.00e+00)  B90 0 B99 0 of 0
L3 L3_27971     C 1.620e-10 sat 0 eps 0.0869  desc/C 0.619 0.173 0.171  bad m=1 1.29e-01 m=2 0.00e+00 (via N 0.00e+00)  B90 1 B99 1 of 1
L3 L3_141128    C 1.619e-10 sat 0 eps 0.0179  desc/C 0.115 0 0  bad m=1 nan m=2 nan (via N 0.00e+00)  B90 0 B99 0 of 0
L4 L4_137355    C 1.600e-10 sat 0 eps 0.0047  desc/C 0.0326 0 0  bad m=1 nan m=2 nan (via N 0.00e+00)  B90 0 B99 0 of 0
L1 L1_371       C 1.600e-10 sat 0 eps 1.0000  desc/C 1.05 0.698 0  bad m=1 0.00e+00 m=2 nan (via N 0.00e+00)  B90 0 B99 0 of 0
L1 L1_370       C 1.600e-10 sat 0 eps 1.0000  desc/C 0 0 0  bad m=1 nan m=2 nan (via N 0.00e+00)  B90 0 B99 0 of 0
L3 L3_149583    C 1.597e-10 sat 0 eps 0.0051  desc/C 1.82 0.614 0.223  bad m=1 0.00e+00 m=2 0.00e+00 (via N 0.00e+00)  B90 0 B99 0 of 0
L4 L4_341091    C 1.597e-10 sat 0 eps 0.0040  desc/C 1.76 0.288 0  bad m=1 0.00e+00 m=2 nan (via N 0.00e+00)  B90 0 B99 0 of 0
L3 L3_68245     C 1.584e-10 sat 0 eps 0.0174  desc/C 0.127 0.0129 0  bad m=1 0.00e+00 m=2 nan (via N 0.00e+00)  B90 0 B99 0 of 0
L4 L4_97695     C 1.577e-10 sat 0 eps 0.0047  desc/C 0.0572 0 0  bad m=1 nan m=2 nan (via N 0.00e+00)  B90 0 B99 0 of 0
L4 L4_172542    C 1.571e-10 sat 0 eps 0.0050  desc/C 1.13 0.247 0  bad m=1 0.00e+00 m=2 nan (via N 0.00e+00)  B90 0 B99 0 of 0
L4 L4_322153    C 1.571e-10 sat 0 eps 0.0050  desc/C 0.162 0 0  bad m=1 nan m=2 nan (via N 0.00e+00)  B90 0 B99 0 of 0
L4 L4_77355     C 1.567e-10 sat 0 eps 0.0160  desc/C 0.104 0.343 0  bad m=1 0.00e+00 m=2 nan (via N 0.00e+00)  B90 0 B99 0 of 0
L4 L4_197239    C 1.563e-10 sat 0 eps 0.0034  desc/C 0.15 0.181 0  bad m=1 3.97e-01 m=2 nan (via N 0.00e+00)  B90 1 B99 1 of 1
L2 L2_571068    C 1.560e-10 sat 0 eps 0.0177  desc/C 0.314 0.0115 0  bad m=1 0.00e+00 m=2 nan (via N 0.00e+00)  B90 0 B99 0 of 0
L2 L2_8075      C 1.560e-10 sat 0 eps 0.0176  desc/C 0.00737 0 0  bad m=1 nan m=2 nan (via N 0.00e+00)  B90 0 B99 0 of 0
L3 L3_384387    C 1.559e-10 sat 0 eps 0.0047  desc/C 0.111 0.0857 0  bad m=1 0.00e+00 m=2 nan (via N 0.00e+00)  B90 0 B99 0 of 0
L4 L4_145632    C 1.557e-10 sat 0 eps 0.0044  desc/C 1.26 1.53 0  bad m=1 0.00e+00 m=2 nan (via N 0.00e+00)  B90 0 B99 0 of 0
L3 L3_242738    C 1.551e-10 sat 0 eps 0.0179  desc/C 0.018 0 0  bad m=1 nan m=2 nan (via N 0.00e+00)  B90 0 B99 0 of 0
L2 L2_14519     C 1.539e-10 sat 0 eps 0.0176  desc/C 0.0421 0 0  bad m=1 nan m=2 nan (via N 0.00e+00)  B90 0 B99 0 of 0
L3 L3_365186    C 1.537e-10 sat 0 eps 0.0047  desc/C 0.18 0 0  bad m=1 nan m=2 nan (via N 0.00e+00)  B90 0 B99 0 of 0
L2 L2_7970      C 1.536e-10 sat 0 eps 0.0047  desc/C 0.587 0.832 0.417  bad m=1 0.00e+00 m=2 0.00e+00 (via N 0.00e+00)  B90 0 B99 0 of 0
L1 L1_372       C 1.525e-10 sat 0 eps 1.0000  desc/C 0.0255 0 0  bad m=1 nan m=2 nan (via N 0.00e+00)  B90 0 B99 0 of 0
L1 L1_373       C 1.525e-10 sat 0 eps 1.0000  desc/C 0 0 0  bad m=1 nan m=2 nan (via N 0.00e+00)  B90 0 B99 0 of 0
L2 L2_3048      C 1.525e-10 sat 0 eps 0.2312  desc/C 0.758 0.357 0.397  bad m=1 0.00e+00 m=2 0.00e+00 (via N 0.00e+00)  B90 0 B99 0 of 0
L3 L3_537660    C 1.525e-10 sat 0 eps 0.0042  desc/C 1.86 0.173 0  bad m=1 0.00e+00 m=2 nan (via N 0.00e+00)  B90 0 B99 0 of 0
L3 L3_264167    C 1.519e-10 sat 0 eps 0.0046  desc/C 0.0701 0 0  bad m=1 nan m=2 nan (via N 0.00e+00)  B90 0 B99 0 of 0
L4 L4_86015     C 1.518e-10 sat 0 eps 0.0044  desc/C 0.497 0.152 0  bad m=1 0.00e+00 m=2 nan (via N 0.00e+00)  B90 0 B99 0 of 0
L4 L4_218471    C 1.518e-10 sat 0 eps 0.0048  desc/C 0.127 0 0  bad m=1 nan m=2 nan (via N 0.00e+00)  B90 0 B99 0 of 0
L3 L3_149656    C 1.516e-10 sat 0 eps 0.0047  desc/C 0.574 0 0  bad m=1 nan m=2 nan (via N 0.00e+00)  B90 0 B99 0 of 0
L4 L4_328162    C 1.515e-10 sat 0 eps 0.0049  desc/C 0.903 0.733 0  bad m=1 2.11e-01 m=2 nan (via N 0.00e+00)  B90 1 B99 1 of 1
L4 L4_123351    C 1.509e-10 sat 0 eps 0.0166  desc/C 2.24 0.0549 0  bad m=1 0.00e+00 m=2 nan (via N 0.00e+00)  B90 0 B99 0 of 0
L3 L3_115435    C 1.504e-10 sat 0 eps 0.0047  desc/C 0 0 0  bad m=1 nan m=2 nan (via N 0.00e+00)  B90 0 B99 0 of 0
L4 L4_123299    C 1.503e-10 sat 0 eps 0.0046  desc/C 0.0321 0 0  bad m=1 nan m=2 nan (via N 0.00e+00)  B90 0 B99 0 of 0
L4 L4_77208     C 1.497e-10 sat 0 eps 0.0049  desc/C 0.428 0.174 0  bad m=1 0.00e+00 m=2 nan (via N 0.00e+00)  B90 0 B99 0 of 0
L4 L4_280213    C 1.493e-10 sat 0 eps 0.0041  desc/C 2.52 0.407 0  bad m=1 0.00e+00 m=2 nan (via N 0.00e+00)  B90 0 B99 0 of 0
L4 L4_118565    C 1.490e-10 sat 0 eps 0.0036  desc/C 1.21 0.176 0  bad m=1 0.00e+00 m=2 nan (via N 0.00e+00)  B90 0 B99 0 of 0
L3 L3_28057     C 1.489e-10 sat 0 eps 0.0911  desc/C 0.917 0.0686 0.0515  bad m=1 0.00e+00 m=2 0.00e+00 (via N 0.00e+00)  B90 0 B99 0 of 0
L2 L2_8826      C 1.488e-10 sat 0 eps 0.1161  desc/C 0.305 0.0748 0.0612  bad m=1 0.00e+00 m=2 0.00e+00 (via N 0.00e+00)  B90 0 B99 0 of 0
L2 L2_19667     C 1.487e-10 sat 0 eps 0.0047  desc/C 0.12 0 0  bad m=1 nan m=2 nan (via N 0.00e+00)  B90 0 B99 0 of 0
L1 L1_374       C 1.487e-10 sat 0 eps 1.0000  desc/C 0 0 0  bad m=1 nan m=2 nan (via N 0.00e+00)  B90 0 B99 0 of 0
L1 L1_375       C 1.487e-10 sat 0 eps 1.0000  desc/C 0.605 0.263 0  bad m=1 0.00e+00 m=2 nan (via N 0.00e+00)  B90 0 B99 0 of 0
L2 L2_19699     C 1.487e-10 sat 0 eps 0.0047  desc/C 0.116 0 0.00695  bad m=1 nan m=2 0.00e+00 (via N 0.00e+00)  B90 0 B99 0 of 0
L4 L4_224238    C 1.485e-10 sat 0 eps 0.0039  desc/C 1.82 0.283 0  bad m=1 0.00e+00 m=2 nan (via N 0.00e+00)  B90 0 B99 0 of 0
L4 L4_77502     C 1.485e-10 sat 0 eps 0.0401  desc/C 0.358 0.0548 0  bad m=1 0.00e+00 m=2 nan (via N 0.00e+00)  B90 0 B99 0 of 0
L4 L4_172672    C 1.485e-10 sat 0 eps 0.0180  desc/C 0.0642 0 0  bad m=1 nan m=2 nan (via N 0.00e+00)  B90 0 B99 0 of 0
L3 L3_141097    C 1.484e-10 sat 0 eps 0.0047  desc/C 0.0395 0 0  bad m=1 nan m=2 nan (via N 0.00e+00)  B90 0 B99 0 of 0
L4 L4_218444    C 1.473e-10 sat 0 eps 0.0045  desc/C 0.0638 0 0  bad m=1 nan m=2 nan (via N 0.00e+00)  B90 0 B99 0 of 0
L3 L3_370493    C 1.473e-10 sat 0 eps 0.0041  desc/C 0.0379 0 0  bad m=1 nan m=2 nan (via N 0.00e+00)  B90 0 B99 0 of 0
L2 L2_422       C 1.472e-10 sat 0 eps 0.0487  desc/C 0.0395 0 0  bad m=1 nan m=2 nan (via N 0.00e+00)  B90 0 B99 0 of 0
L4 L4_345914    C 1.463e-10 sat 0 eps 0.0036  desc/C 0.327 0.437 0  bad m=1 0.00e+00 m=2 nan (via N 0.00e+00)  B90 0 B99 0 of 0
L3 L3_255317    C 1.461e-10 sat 0 eps 0.0047  desc/C 0.0484 0 0  bad m=1 nan m=2 nan (via N 0.00e+00)  B90 0 B99 0 of 0
L4 L4_398874    C 1.460e-10 sat 0 eps 0.0047  desc/C 0.00779 0 0  bad m=1 nan m=2 nan (via N 0.00e+00)  B90 0 B99 0 of 0
L2 L2_421       C 1.451e-10 sat 0 eps 0.0470  desc/C 0.0378 0 0  bad m=1 nan m=2 nan (via N 0.00e+00)  B90 0 B99 0 of 0
L2 L2_14524     C 1.439e-10 sat 0 eps 0.0174  desc/C 0.0752 0 0  bad m=1 nan m=2 nan (via N 0.00e+00)  B90 0 B99 0 of 0
L3 L3_384385    C 1.438e-10 sat 0 eps 0.0046  desc/C 0.688 0.183 0.0608  bad m=1 0.00e+00 m=2 0.00e+00 (via N 0.00e+00)  B90 0 B99 0 of 0
L3 L3_294928    C 1.438e-10 sat 0 eps 0.0170  desc/C 0.0371 0 0  bad m=1 nan m=2 nan (via N 0.00e+00)  B90 0 B99 0 of 0
L4 L4_269436    C 1.434e-10 sat 0 eps 0.0040  desc/C 0.0467 0 0  bad m=1 nan m=2 nan (via N 0.00e+00)  B90 0 B99 0 of 0
L2 L2_524       C 1.433e-10 sat 0 eps 0.0580  desc/C 0.0362 0 0  bad m=1 nan m=2 nan (via N 0.00e+00)  B90 0 B99 0 of 0
L3 L3_28606     C 1.427e-10 sat 0 eps 0.1251  desc/C 0.37 0.173 0  bad m=1 0.00e+00 m=2 nan (via N 0.00e+00)  B90 0 B99 0 of 0
L3 L3_264184    C 1.424e-10 sat 0 eps 0.0044  desc/C 0.0671 0 0  bad m=1 nan m=2 nan (via N 0.00e+00)  B90 0 B99 0 of 0
L4 L4_571444    C 1.420e-10 sat 0 eps 0.0047  desc/C 0.148 0 0  bad m=1 nan m=2 nan (via N 0.00e+00)  B90 0 B99 0 of 0
L3 L3_131139    C 1.419e-10 sat 0 eps 0.0169  desc/C 0.261 0 0  bad m=1 nan m=2 nan (via N 0.00e+00)  B90 0 B99 0 of 0
L3 L3_303569    C 1.415e-10 sat 0 eps 0.0048  desc/C 0.555 0.0879 0  bad m=1 0.00e+00 m=2 nan (via N 0.00e+00)  B90 0 B99 0 of 0
L1 L1_376       C 1.415e-10 sat 0 eps 1.0000  desc/C 0.0269 0 0  bad m=1 nan m=2 nan (via N 0.00e+00)  B90 0 B99 0 of 0
L1 L1_377       C 1.415e-10 sat 0 eps 1.0000  desc/C 0 0 0  bad m=1 nan m=2 nan (via N 0.00e+00)  B90 0 B99 0 of 0
L4 L4_128931    C 1.412e-10 sat 0 eps 0.0146  desc/C 1.04 0.0133 0  bad m=1 0.00e+00 m=2 nan (via N 0.00e+00)  B90 0 B99 0 of 0
L4 L4_280233    C 1.408e-10 sat 0 eps 0.0042  desc/C 5.43 0.634 0  bad m=1 0.00e+00 m=2 nan (via N 0.00e+00)  B90 0 B99 0 of 0
L3 L3_27778     C 1.407e-10 sat 0 eps 0.0604  desc/C 0.193 0.226 0.145  bad m=1 0.00e+00 m=2 0.00e+00 (via N 0.00e+00)  B90 0 B99 0 of 0
L4 L4_261386    C 1.405e-10 sat 0 eps 0.0045  desc/C 0.209 0.0548 0  bad m=1 0.00e+00 m=2 nan (via N 0.00e+00)  B90 0 B99 0 of 0
L2 L2_2303      C 1.405e-10 sat 0 eps 0.2028  desc/C 0.147 0.0776 0.026  bad m=1 0.00e+00 m=2 0.00e+00 (via N 0.00e+00)  B90 0 B99 0 of 0
L3 L3_141280    C 1.405e-10 sat 0 eps 0.0416  desc/C 0.0634 0 0  bad m=1 nan m=2 nan (via N 0.00e+00)  B90 0 B99 0 of 0
L1 L1_379       C 1.404e-10 sat 0 eps 1.0000  desc/C 0.0846 0 0  bad m=1 nan m=2 nan (via N 0.00e+00)  B90 0 B99 0 of 0
L1 L1_378       C 1.404e-10 sat 0 eps 1.0000  desc/C 0 0 0  bad m=1 nan m=2 nan (via N 0.00e+00)  B90 0 B99 0 of 0
L2 L2_236402    C 1.401e-10 sat 0 eps 0.0478  desc/C 0.056 0.0266 0  bad m=1 0.00e+00 m=2 nan (via N 0.00e+00)  B90 0 B99 0 of 0
L3 L3_380670    C 1.398e-10 sat 0 eps 0.0042  desc/C 0.152 0.215 0.308  bad m=1 0.00e+00 m=2 0.00e+00 (via N 0.00e+00)  B90 0 B99 0 of 0
L2 L2_753       C 1.396e-10 sat 0 eps 0.0795  desc/C 0.131 0 0  bad m=1 nan m=2 nan (via N 0.00e+00)  B90 0 B99 0 of 0
L4 L4_287089    C 1.394e-10 sat 0 eps 0.0046  desc/C 0.0324 0 0  bad m=1 nan m=2 nan (via N 0.00e+00)  B90 0 B99 0 of 0
L4 L4_803322    C 1.391e-10 sat 0 eps 0.0046  desc/C 0.017 0 0  bad m=1 nan m=2 nan (via N 0.00e+00)  B90 0 B99 0 of 0
L3 L3_288789    C 1.388e-10 sat 0 eps 0.0048  desc/C 0.0372 0 0  bad m=1 nan m=2 nan (via N 0.00e+00)  B90 0 B99 0 of 0
L3 L3_116690    C 1.385e-10 sat 0 eps 0.0787  desc/C 0.321 0.103 0  bad m=1 0.00e+00 m=2 nan (via N 0.00e+00)  B90 0 B99 0 of 0
L1 L1_380       C 1.379e-10 sat 0 eps 1.0000  desc/C 0 0 0  bad m=1 nan m=2 nan (via N 0.00e+00)  B90 0 B99 0 of 0
L1 L1_381       C 1.379e-10 sat 0 eps 1.0000  desc/C 0 0 0  bad m=1 nan m=2 nan (via N 0.00e+00)  B90 0 B99 0 of 0
L2 L2_3049      C 1.379e-10 sat 0 eps 0.2528  desc/C 0.568 0.714 0.41  bad m=1 0.00e+00 m=2 0.00e+00 (via N 0.00e+00)  B90 0 B99 0 of 0
L3 L3_352970    C 1.377e-10 sat 0 eps 0.0046  desc/C 0.251 0 0  bad m=1 nan m=2 nan (via N 0.00e+00)  B90 0 B99 0 of 0
L4 L4_180654    C 1.374e-10 sat 0 eps 0.0040  desc/C 0.596 0.745 0  bad m=1 0.00e+00 m=2 nan (via N 0.00e+00)  B90 0 B99 0 of 0
L3 L3_28135     C 1.374e-10 sat 0 eps 0.0889  desc/C 0.118 0.457 0.153  bad m=1 0.00e+00 m=2 0.00e+00 (via N 0.00e+00)  B90 0 B99 0 of 0
L4 L4_533982    C 1.371e-10 sat 0 eps 0.0035  desc/C 2.61 1.87 0  bad m=1 0.00e+00 m=2 nan (via N 0.00e+00)  B90 0 B99 0 of 0
L2 L2_19670     C 1.371e-10 sat 0 eps 0.0046  desc/C 0.17 0 0  bad m=1 nan m=2 nan (via N 0.00e+00)  B90 0 B99 0 of 0
L3 L3_340516    C 1.367e-10 sat 0 eps 0.0046  desc/C 0 0 0  bad m=1 nan m=2 nan (via N 0.00e+00)  B90 0 B99 0 of 0
L2 L2_571055    C 1.362e-10 sat 0 eps 0.0046  desc/C 0.214 0.0491 0  bad m=1 0.00e+00 m=2 nan (via N 0.00e+00)  B90 0 B99 0 of 0
L3 L3_141150    C 1.358e-10 sat 0 eps 0.0167  desc/C 0.0694 0 0  bad m=1 nan m=2 nan (via N 0.00e+00)  B90 0 B99 0 of 0
L4 L4_172594    C 1.358e-10 sat 0 eps 0.0048  desc/C 0.644 0.0428 0  bad m=1 0.00e+00 m=2 nan (via N 0.00e+00)  B90 0 B99 0 of 0
L1 L1_383       C 1.357e-10 sat 0 eps 1.0000  desc/C 0.854 0.586 0  bad m=1 0.00e+00 m=2 nan (via N 0.00e+00)  B90 0 B99 0 of 0
L1 L1_382       C 1.357e-10 sat 0 eps 1.0000  desc/C 0 0 0  bad m=1 nan m=2 nan (via N 0.00e+00)  B90 0 B99 0 of 0
L4 L4_145765    C 1.357e-10 sat 0 eps 0.0050  desc/C 0.38 0.86 0  bad m=1 0.00e+00 m=2 nan (via N 0.00e+00)  B90 0 B99 0 of 0
L4 L4_211655    C 1.356e-10 sat 0 eps 0.0046  desc/C 0.156 0 0  bad m=1 nan m=2 nan (via N 0.00e+00)  B90 0 B99 0 of 0
L3 L3_69310     C 1.355e-10 sat 0 eps 0.0764  desc/C 0.0149 0.551 0.0781  bad m=1 0.00e+00 m=2 0.00e+00 (via N 0.00e+00)  B90 0 B99 0 of 0
L3 L3_242551    C 1.344e-10 sat 0 eps 0.0046  desc/C 0.0289 0 0  bad m=1 nan m=2 nan (via N 0.00e+00)  B90 0 B99 0 of 0
L3 L3_202462    C 1.342e-10 sat 0 eps 0.0043  desc/C 0.0699 0 0  bad m=1 nan m=2 nan (via N 0.00e+00)  B90 0 B99 0 of 0
L2 L2_1497      C 1.341e-10 sat 0 eps 0.1517  desc/C 0.0264 0 0  bad m=1 nan m=2 nan (via N 0.00e+00)  B90 0 B99 0 of 0
L4 L4_28232     C 1.339e-10 sat 0 eps 0.0127  desc/C 1.66 1.25 0  bad m=1 0.00e+00 m=2 nan (via N 0.00e+00)  B90 0 B99 0 of 0
L2 L2_3792      C 1.339e-10 sat 0 eps 0.2837  desc/C 0.0981 0.0817 0.0115  bad m=1 0.00e+00 m=2 0.00e+00 (via N 0.00e+00)  B90 0 B99 0 of 0
L2 L2_1810      C 1.334e-10 sat 0 eps 0.1670  desc/C 0.0517 0.0315 0  bad m=1 0.00e+00 m=2 nan (via N 0.00e+00)  B90 0 B99 0 of 0
L4 L4_123294    C 1.333e-10 sat 0 eps 0.0034  desc/C 1.39 0.705 0  bad m=1 4.52e-01 m=2 nan (via N 0.00e+00)  B90 1 B99 2 of 2
L2 L2_601       C 1.331e-10 sat 0 eps 0.0665  desc/C 0.00795 0 0  bad m=1 nan m=2 nan (via N 0.00e+00)  B90 0 B99 0 of 0
L4 L4_154844    C 1.322e-10 sat 0 eps 0.0044  desc/C 0.136 0 0  bad m=1 nan m=2 nan (via N 0.00e+00)  B90 0 B99 0 of 0
L4 L4_28182     C 1.319e-10 sat 0 eps 0.0134  desc/C 1.62 0.0255 0  bad m=1 0.00e+00 m=2 nan (via N 0.00e+00)  B90 0 B99 0 of 0
L3 L3_273483    C 1.319e-10 sat 0 eps 0.0046  desc/C 0 0 0  bad m=1 nan m=2 nan (via N 0.00e+00)  B90 0 B99 0 of 0
L4 L4_1527954   C 1.318e-10 sat 0 eps 0.0046  desc/C 0.84 0.701 0  bad m=1 0.00e+00 m=2 nan (via N 0.00e+00)  B90 0 B99 0 of 0
L2 L2_324       C 1.316e-10 sat 0 eps 0.0425  desc/C 0.252 0.0411 0  bad m=1 0.00e+00 m=2 nan (via N 0.00e+00)  B90 0 B99 0 of 0
L4 L4_77201     C 1.315e-10 sat 0 eps 0.0039  desc/C 0.0173 0 0  bad m=1 nan m=2 nan (via N 0.00e+00)  B90 0 B99 0 of 0
L1 L1_385       C 1.314e-10 sat 0 eps 1.0000  desc/C 0.187 0.0228 0  bad m=1 0.00e+00 m=2 nan (via N 0.00e+00)  B90 0 B99 0 of 0
L1 L1_384       C 1.314e-10 sat 0 eps 1.0000  desc/C 0 0 0  bad m=1 nan m=2 nan (via N 0.00e+00)  B90 0 B99 0 of 0
L4 L4_87353     C 1.312e-10 sat 0 eps 0.0828  desc/C 0.924 0.598 0  bad m=1 0.00e+00 m=2 nan (via N 0.00e+00)  B90 0 B99 0 of 0
L4 L4_28477     C 1.312e-10 sat 0 eps 0.0443  desc/C 0.5 0.141 0  bad m=1 0.00e+00 m=2 nan (via N 0.00e+00)  B90 0 B99 0 of 0
L3 L3_58992     C 1.310e-10 sat 0 eps 0.0169  desc/C 0.0891 0 0  bad m=1 nan m=2 nan (via N 0.00e+00)  B90 0 B99 0 of 0
L1 L1_386       C 1.308e-10 sat 0 eps 1.0000  desc/C 0 0 0  bad m=1 nan m=2 nan (via N 0.00e+00)  B90 0 B99 0 of 0
L1 L1_387       C 1.308e-10 sat 0 eps 1.0000  desc/C 0 0 0  bad m=1 nan m=2 nan (via N 0.00e+00)  B90 0 B99 0 of 0
L3 L3_572867    C 1.301e-10 sat 0 eps 0.0041  desc/C 0.7 0.0936 0  bad m=1 0.00e+00 m=2 nan (via N 0.00e+00)  B90 0 B99 0 of 0
L2 L2_287932    C 1.294e-10 sat 0 eps 0.0045  desc/C 0.116 0 0  bad m=1 nan m=2 nan (via N 0.00e+00)  B90 0 B99 0 of 0
L2 L2_232       C 1.288e-10 sat 0 eps 0.0393  desc/C 0.0278 0 0  bad m=1 nan m=2 nan (via N 0.00e+00)  B90 0 B99 0 of 0
L3 L3_384341    C 1.287e-10 sat 0 eps 0.0042  desc/C 0.412 0.516 0.629  bad m=1 0.00e+00 m=2 0.00e+00 (via N 0.00e+00)  B90 0 B99 0 of 0
L3 L3_27180     C 1.284e-10 sat 0 eps 0.0045  desc/C 0 0 0  bad m=1 nan m=2 nan (via N 0.00e+00)  B90 0 B99 0 of 0
L2 L2_771       C 1.283e-10 sat 0 eps 0.0789  desc/C 0.395 0.0411 0  bad m=1 0.00e+00 m=2 nan (via N 0.00e+00)  B90 0 B99 0 of 0
L4 L4_574859    C 1.277e-10 sat 0 eps 0.0044  desc/C 0.0576 0.0187 0  bad m=1 0.00e+00 m=2 nan (via N 0.00e+00)  B90 0 B99 0 of 0
L4 L4_28920     C 1.275e-10 sat 0 eps 0.0499  desc/C 0.28 0.146 0  bad m=1 0.00e+00 m=2 nan (via N 0.00e+00)  B90 0 B99 0 of 0
L3 L3_242876    C 1.275e-10 sat 0 eps 0.0400  desc/C 0 0 0  bad m=1 nan m=2 nan (via N 0.00e+00)  B90 0 B99 0 of 0
L4 L4_172573    C 1.274e-10 sat 0 eps 0.0047  desc/C 0.0747 0 0  bad m=1 nan m=2 nan (via N 0.00e+00)  B90 0 B99 0 of 0
L3 L3_27360     C 1.271e-10 sat 0 eps 0.0355  desc/C 1.34 0.159 0.308  bad m=1 0.00e+00 m=2 0.00e+00 (via N 0.00e+00)  B90 0 B99 0 of 0
L1 L1_388       C 1.269e-10 sat 0 eps 1.0000  desc/C 0 0 0  bad m=1 nan m=2 nan (via N 0.00e+00)  B90 0 B99 0 of 0
L1 L1_389       C 1.269e-10 sat 0 eps 1.0000  desc/C 0 0 0  bad m=1 nan m=2 nan (via N 0.00e+00)  B90 0 B99 0 of 0
L3 L3_27527     C 1.268e-10 sat 0 eps 0.0461  desc/C 0.338 0.122 0.0976  bad m=1 0.00e+00 m=2 0.00e+00 (via N 0.00e+00)  B90 0 B99 0 of 0
L4 L4_154872    C 1.267e-10 sat 0 eps 0.0044  desc/C 0.745 0.406 0  bad m=1 0.00e+00 m=2 nan (via N 0.00e+00)  B90 0 B99 0 of 0
L4 L4_68577     C 1.266e-10 sat 0 eps 0.0165  desc/C 0.0841 0 0  bad m=1 nan m=2 nan (via N 0.00e+00)  B90 0 B99 0 of 0
L4 L4_362089    C 1.261e-10 sat 0 eps 0.0040  desc/C 4.33 1.08 0  bad m=1 0.00e+00 m=2 nan (via N 0.00e+00)  B90 0 B99 0 of 0
L3 L3_608998    C 1.260e-10 sat 0 eps 0.0045  desc/C 0.137 0 0  bad m=1 nan m=2 nan (via N 0.00e+00)  B90 0 B99 0 of 0
L4 L4_317476    C 1.260e-10 sat 0 eps 0.0177  desc/C 0.155 0 0  bad m=1 nan m=2 nan (via N 0.00e+00)  B90 0 B99 0 of 0
L4 L4_676294    C 1.259e-10 sat 0 eps 0.0045  desc/C 0.509 0.267 0  bad m=1 0.00e+00 m=2 nan (via N 0.00e+00)  B90 0 B99 0 of 0
L4 L4_793582    C 1.258e-10 sat 0 eps 0.0043  desc/C 0.0696 0 0  bad m=1 nan m=2 nan (via N 0.00e+00)  B90 0 B99 0 of 0
L4 L4_172786    C 1.253e-10 sat 0 eps 0.0412  desc/C 0.114 0 0  bad m=1 nan m=2 nan (via N 0.00e+00)  B90 0 B99 0 of 0
L4 L4_1032056   C 1.253e-10 sat 0 eps 0.0045  desc/C 0 0 0  bad m=1 nan m=2 nan (via N 0.00e+00)  B90 0 B99 0 of 0
L4 L4_145688    C 1.249e-10 sat 0 eps 0.0043  desc/C 0.756 0.593 0  bad m=1 1.00e+00 m=2 nan (via N 0.00e+00)  B90 1 B99 2 of 2
L4 L4_137333    C 1.249e-10 sat 0 eps 0.0042  desc/C 1 0.00812 0  bad m=1 0.00e+00 m=2 nan (via N 0.00e+00)  B90 0 B99 0 of 0
L1 L1_391       C 1.242e-10 sat 0 eps 1.0000  desc/C 0 0 0  bad m=1 nan m=2 nan (via N 0.00e+00)  B90 0 B99 0 of 0
L1 L1_390       C 1.242e-10 sat 0 eps 1.0000  desc/C 0 0 0  bad m=1 nan m=2 nan (via N 0.00e+00)  B90 0 B99 0 of 0
L4 L4_128807    C 1.242e-10 sat 0 eps 0.0040  desc/C 1.07 1.06 0  bad m=1 0.00e+00 m=2 nan (via N 0.00e+00)  B90 0 B99 0 of 0
L2 L2_1195      C 1.241e-10 sat 0 eps 0.1087  desc/C 0.103 0.0686 0  bad m=1 0.00e+00 m=2 nan (via N 0.00e+00)  B90 0 B99 0 of 0
L2 L2_8049      C 1.241e-10 sat 0 eps 0.0168  desc/C 0.0641 0 0  bad m=1 nan m=2 nan (via N 0.00e+00)  B90 0 B99 0 of 0
L3 L3_213253    C 1.240e-10 sat 0 eps 0.0045  desc/C 0.126 0 0  bad m=1 nan m=2 nan (via N 0.00e+00)  B90 0 B99 0 of 0
L4 L4_145672    C 1.238e-10 sat 0 eps 0.0044  desc/C 0.0313 0 0  bad m=1 nan m=2 nan (via N 0.00e+00)  B90 0 B99 0 of 0
L3 L3_507750    C 1.232e-10 sat 0 eps 0.0039  desc/C 0.163 0.273 0.0492  bad m=1 4.89e-02 m=2 0.00e+00 (via N 0.00e+00)  B90 1 B99 1 of 1
L3 L3_27227     C 1.227e-10 sat 0 eps 0.0164  desc/C 0.26 0 0  bad m=1 nan m=2 nan (via N 0.00e+00)  B90 0 B99 0 of 0
L4 L4_317420    C 1.226e-10 sat 0 eps 0.0039  desc/C 0.0427 0.0189 0  bad m=1 0.00e+00 m=2 nan (via N 0.00e+00)  B90 0 B99 0 of 0
L4 L4_154811    C 1.225e-10 sat 0 eps 0.0045  desc/C 0.302 0.0696 0  bad m=1 0.00e+00 m=2 nan (via N 0.00e+00)  B90 0 B99 0 of 0
L2 L2_2537      C 1.223e-10 sat 0 eps 0.2040  desc/C 0.0979 0 0  bad m=1 nan m=2 nan (via N 0.00e+00)  B90 0 B99 0 of 0
L2 L2_25669     C 1.211e-10 sat 0 eps 0.0044  desc/C 0.116 0 0  bad m=1 nan m=2 nan (via N 0.00e+00)  B90 0 B99 0 of 0
L2 L2_19689     C 1.199e-10 sat 0 eps 0.0044  desc/C 0.0396 0 0  bad m=1 nan m=2 nan (via N 0.00e+00)  B90 0 B99 0 of 0
L2 L2_7974      C 1.199e-10 sat 0 eps 0.0044  desc/C 0.0257 0 0  bad m=1 nan m=2 nan (via N 0.00e+00)  B90 0 B99 0 of 0
L4 L4_81        C 1.198e-10 sat 0 eps 0.0044  desc/C 0.989 0.96 0  bad m=1 0.00e+00 m=2 nan (via N 0.00e+00)  B90 0 B99 0 of 0
L4 L4_86523     C 1.195e-10 sat 0 eps 0.0392  desc/C 2.98 0.0232 0  bad m=1 0.00e+00 m=2 nan (via N 0.00e+00)  B90 0 B99 0 of 0
L3 L3_27579     C 1.194e-10 sat 0 eps 0.0505  desc/C 0.165 0.129 0  bad m=1 0.00e+00 m=2 nan (via N 0.00e+00)  B90 0 B99 0 of 0
L4 L4_86150     C 1.192e-10 sat 0 eps 0.0161  desc/C 0.436 0.047 0  bad m=1 0.00e+00 m=2 nan (via N 0.00e+00)  B90 0 B99 0 of 0
L3 L3_191178    C 1.187e-10 sat 0 eps 0.0044  desc/C 0.0163 0 0  bad m=1 nan m=2 nan (via N 0.00e+00)  B90 0 B99 0 of 0
L4 L4_154879    C 1.187e-10 sat 0 eps 0.0044  desc/C 0.35 0 0  bad m=1 nan m=2 nan (via N 0.00e+00)  B90 0 B99 0 of 0
L4 L4_853746    C 1.187e-10 sat 0 eps 0.0036  desc/C 0.301 0.0499 0  bad m=1 0.00e+00 m=2 nan (via N 0.00e+00)  B90 0 B99 0 of 0
L2 L2_3507      C 1.186e-10 sat 0 eps 0.2498  desc/C 0.395 0 0  bad m=1 nan m=2 nan (via N 0.00e+00)  B90 0 B99 0 of 0
L3 L3_149640    C 1.185e-10 sat 0 eps 0.0040  desc/C 3.05 0.967 0.406  bad m=1 0.00e+00 m=2 0.00e+00 (via N 0.00e+00)  B90 0 B99 0 of 0
L2 L2_3761      C 1.185e-10 sat 0 eps 0.2679  desc/C 0.38 0.526 0.333  bad m=1 0.00e+00 m=2 0.00e+00 (via N 0.00e+00)  B90 0 B99 0 of 0
L3 L3_71        C 1.185e-10 sat 0 eps 0.0044  desc/C 0.643 0.643 0.63  bad m=1 0.00e+00 m=2 0.00e+00 (via N 0.00e+00)  B90 0 B99 0 of 0
L3 L3_27973     C 1.184e-10 sat 0 eps 0.1078  desc/C 0.531 0 0  bad m=1 nan m=2 nan (via N 0.00e+00)  B90 0 B99 0 of 0
L1 L1_393       C 1.184e-10 sat 0 eps 1.0000  desc/C 0.541 0.0224 0  bad m=1 0.00e+00 m=2 nan (via N 0.00e+00)  B90 0 B99 0 of 0
L1 L1_392       C 1.184e-10 sat 0 eps 1.0000  desc/C 0 0 0  bad m=1 nan m=2 nan (via N 0.00e+00)  B90 0 B99 0 of 0
L4 L4_77205     C 1.179e-10 sat 0 eps 0.0039  desc/C 0.0148 0 0  bad m=1 nan m=2 nan (via N 0.00e+00)  B90 0 B99 0 of 0
L1 L1_394       C 1.174e-10 sat 0 eps 1.0000  desc/C 0 0 0  bad m=1 nan m=2 nan (via N 0.00e+00)  B90 0 B99 0 of 0
L1 L1_395       C 1.174e-10 sat 0 eps 1.0000  desc/C 0.549 0.26 0.117  bad m=1 0.00e+00 m=2 0.00e+00 (via N 0.00e+00)  B90 0 B99 0 of 0
L4 L4_68474     C 1.173e-10 sat 0 eps 0.0045  desc/C 0.0754 0 0  bad m=1 nan m=2 nan (via N 0.00e+00)  B90 0 B99 0 of 0
L4 L4_137244    C 1.167e-10 sat 0 eps 0.0042  desc/C 1.03 0.998 0  bad m=1 5.00e-01 m=2 nan (via N 0.00e+00)  B90 1 B99 1 of 1
L4 L4_68947     C 1.166e-10 sat 0 eps 0.0485  desc/C 0.0948 0.0143 0  bad m=1 0.00e+00 m=2 nan (via N 0.00e+00)  B90 0 B99 0 of 0
L4 L4_287243    C 1.165e-10 sat 0 eps 0.0160  desc/C 0.0884 0 0  bad m=1 nan m=2 nan (via N 0.00e+00)  B90 0 B99 0 of 0
L2 L2_14472     C 1.162e-10 sat 0 eps 0.0044  desc/C 0 0 0  bad m=1 nan m=2 nan (via N 0.00e+00)  B90 0 B99 0 of 0
L2 L2_30744     C 1.159e-10 sat 0 eps 0.0044  desc/C 0.687 0 0  bad m=1 nan m=2 nan (via N 0.00e+00)  B90 0 B99 0 of 0
L3 L3_507743    C 1.156e-10 sat 0 eps 0.0039  desc/C 0.471 0.524 0.552  bad m=1 0.00e+00 m=2 0.00e+00 (via N 0.00e+00)  B90 0 B99 0 of 0
L3 L3_141410    C 1.155e-10 sat 0 eps 0.0468  desc/C 0.198 0.0318 0  bad m=1 0.00e+00 m=2 nan (via N 0.00e+00)  B90 0 B99 0 of 0
L3 L3_537663    C 1.153e-10 sat 0 eps 0.0040  desc/C 0.05 0.0328 0  bad m=1 0.00e+00 m=2 nan (via N 0.00e+00)  B90 0 B99 0 of 0
L2 L2_2870      C 1.152e-10 sat 0 eps 0.2209  desc/C 1.12 0.46 0.577  bad m=1 0.00e+00 m=2 0.00e+00 (via N 0.00e+00)  B90 0 B99 0 of 0
L3 L3_141174    C 1.152e-10 sat 0 eps 0.0157  desc/C 0.22 0 0  bad m=1 nan m=2 nan (via N 0.00e+00)  B90 0 B99 0 of 0
L3 L3_141027    C 1.150e-10 sat 0 eps 0.0041  desc/C 0.588 0.31 0.153  bad m=1 0.00e+00 m=2 0.00e+00 (via N 0.00e+00)  B90 0 B99 0 of 0
L2 L2_45081     C 1.146e-10 sat 0 eps 0.0044  desc/C 1.03 0.665 0.664  bad m=1 0.00e+00 m=2 0.00e+00 (via N 0.00e+00)  B90 0 B99 0 of 0
L3 L3_498654    C 1.144e-10 sat 0 eps 0.0044  desc/C 0.383 0 0  bad m=1 nan m=2 nan (via N 0.00e+00)  B90 0 B99 0 of 0
L1 L1_396       C 1.144e-10 sat 0 eps 1.0000  desc/C 0 0 0  bad m=1 nan m=2 nan (via N 0.00e+00)  B90 0 B99 0 of 0
L1 L1_397       C 1.144e-10 sat 0 eps 1.0000  desc/C 0.185 0.0238 0  bad m=1 0.00e+00 m=2 nan (via N 0.00e+00)  B90 0 B99 0 of 0
L2 L2_1413      C 1.138e-10 sat 0 eps 0.1282  desc/C 0.0328 0 0  bad m=1 nan m=2 nan (via N 0.00e+00)  B90 0 B99 0 of 0
L3 L3_141026    C 1.137e-10 sat 0 eps 0.0044  desc/C 0.338 0.123 0.0487  bad m=1 0.00e+00 m=2 0.00e+00 (via N 0.00e+00)  B90 0 B99 0 of 0
L4 L4_37756     C 1.136e-10 sat 0 eps 0.0044  desc/C 0 0 0  bad m=1 nan m=2 nan (via N 0.00e+00)  B90 0 B99 0 of 0
L1 L1_399       C 1.135e-10 sat 0 eps 1.0000  desc/C 0.14 0 0  bad m=1 nan m=2 nan (via N 0.00e+00)  B90 0 B99 0 of 0
L1 L1_398       C 1.135e-10 sat 0 eps 1.0000  desc/C 0 0 0  bad m=1 nan m=2 nan (via N 0.00e+00)  B90 0 B99 0 of 0
L1 L1_400       C 1.132e-10 sat 0 eps 1.0000  desc/C 0 0 0  bad m=1 nan m=2 nan (via N 0.00e+00)  B90 0 B99 0 of 0
L1 L1_401       C 1.132e-10 sat 0 eps 1.0000  desc/C 0 0.013 0  bad m=1 0.00e+00 m=2 nan (via N 0.00e+00)  B90 0 B99 0 of 0
L3 L3_27913     C 1.132e-10 sat 0 eps 0.0770  desc/C 0.815 0 0  bad m=1 nan m=2 nan (via N 0.00e+00)  B90 0 B99 0 of 0
L3 L3_149605    C 1.129e-10 sat 0 eps 0.0043  desc/C 0.268 0.179 0  bad m=1 0.00e+00 m=2 nan (via N 0.00e+00)  B90 0 B99 0 of 0
L3 L3_294916    C 1.128e-10 sat 0 eps 0.0148  desc/C 0.053 0 0  bad m=1 nan m=2 nan (via N 0.00e+00)  B90 0 B99 0 of 0
L4 L4_172903    C 1.128e-10 sat 0 eps 0.0383  desc/C 0.283 0.0428 0  bad m=1 0.00e+00 m=2 nan (via N 0.00e+00)  B90 0 B99 0 of 0
L3 L3_81799     C 1.124e-10 sat 0 eps 0.0697  desc/C 1.36 0.671 0.206  bad m=1 0.00e+00 m=2 0.00e+00 (via N 0.00e+00)  B90 0 B99 0 of 0
L3 L3_886554    C 1.124e-10 sat 0 eps 0.0044  desc/C 0 0 0  bad m=1 nan m=2 nan (via N 0.00e+00)  B90 0 B99 0 of 0
L2 L2_435       C 1.123e-10 sat 0 eps 0.0453  desc/C 0 0 0  bad m=1 nan m=2 nan (via N 0.00e+00)  B90 0 B99 0 of 0
L3 L3_43362     C 1.120e-10 sat 0 eps 0.0378  desc/C 0 0 0  bad m=1 nan m=2 nan (via N 0.00e+00)  B90 0 B99 0 of 0
L4 L4_1078353   C 1.119e-10 sat 0 eps 0.0043  desc/C 0.425 0.0681 0  bad m=1 0.00e+00 m=2 nan (via N 0.00e+00)  B90 0 B99 0 of 0
L2 L2_940       C 1.119e-10 sat 0 eps 0.0999  desc/C 0.0221 0 0  bad m=1 nan m=2 nan (via N 0.00e+00)  B90 0 B99 0 of 0
L3 L3_14616     C 1.117e-10 sat 0 eps 0.0044  desc/C 0 0 0  bad m=1 nan m=2 nan (via N 0.00e+00)  B90 0 B99 0 of 0
L4 L4_252126    C 1.112e-10 sat 0 eps 0.0044  desc/C 0.0749 0 0  bad m=1 nan m=2 nan (via N 0.00e+00)  B90 0 B99 0 of 0
L4 L4_341101    C 1.111e-10 sat 0 eps 0.0036  desc/C 1.8 0.292 0  bad m=1 0.00e+00 m=2 nan (via N 0.00e+00)  B90 0 B99 0 of 0
L4 L4_69753     C 1.109e-10 sat 0 eps 0.0700  desc/C 0.563 0.323 0  bad m=1 0.00e+00 m=2 nan (via N 0.00e+00)  B90 0 B99 0 of 0
L4 L4_410927    C 1.109e-10 sat 0 eps 0.0041  desc/C 0.0775 0 0  bad m=1 nan m=2 nan (via N 0.00e+00)  B90 0 B99 0 of 0
L4 L4_309644    C 1.109e-10 sat 0 eps 0.0044  desc/C 0.187 0 0  bad m=1 nan m=2 nan (via N 0.00e+00)  B90 0 B99 0 of 0
L3 L3_380639    C 1.107e-10 sat 0 eps 0.0039  desc/C 2.99 1.04 0.396  bad m=1 0.00e+00 m=2 0.00e+00 (via N 0.00e+00)  B90 0 B99 0 of 0
L2 L2_14437     C 1.098e-10 sat 0 eps 0.0043  desc/C 0.0334 0 0  bad m=1 nan m=2 nan (via N 0.00e+00)  B90 0 B99 0 of 0
L2 L2_113031    C 1.098e-10 sat 0 eps 0.0043  desc/C 0.086 0 0  bad m=1 nan m=2 nan (via N 0.00e+00)  B90 0 B99 0 of 0
L4 L4_571448    C 1.098e-10 sat 0 eps 0.0043  desc/C 0.0318 0 0  bad m=1 nan m=2 nan (via N 0.00e+00)  B90 0 B99 0 of 0
L3 L3_242556    C 1.097e-10 sat 0 eps 0.0043  desc/C 0.282 0.0934 0  bad m=1 0.00e+00 m=2 nan (via N 0.00e+00)  B90 0 B99 0 of 0
L3 L3_27204     C 1.096e-10 sat 0 eps 0.0159  desc/C 0.0604 0 0  bad m=1 nan m=2 nan (via N 0.00e+00)  B90 0 B99 0 of 0
L3 L3_28477     C 1.091e-10 sat 0 eps 0.1052  desc/C 0.286 0.295 0.232  bad m=1 0.00e+00 m=2 0.00e+00 (via N 0.00e+00)  B90 0 B99 0 of 0
L2 L2_14464     C 1.089e-10 sat 0 eps 0.0043  desc/C 0.132 0 0  bad m=1 nan m=2 nan (via N 0.00e+00)  B90 0 B99 0 of 0
L1 L1_402       C 1.088e-10 sat 0 eps 1.0000  desc/C 0 0 0  bad m=1 nan m=2 nan (via N 0.00e+00)  B90 0 B99 0 of 0
L1 L1_403       C 1.088e-10 sat 0 eps 1.0000  desc/C 0 0.0628 0  bad m=1 0.00e+00 m=2 nan (via N 0.00e+00)  B90 0 B99 0 of 0
L3 L3_576264    C 1.088e-10 sat 0 eps 0.0042  desc/C 1.29 0.27 0.0709  bad m=1 0.00e+00 m=2 0.00e+00 (via N 0.00e+00)  B90 0 B99 0 of 0
L4 L4_224221    C 1.086e-10 sat 0 eps 0.0038  desc/C 2.39 0.368 0  bad m=1 0.00e+00 m=2 nan (via N 0.00e+00)  B90 0 B99 0 of 0
L4 L4_839347    C 1.084e-10 sat 0 eps 0.0044  desc/C 0.275 0 0  bad m=1 nan m=2 nan (via N 0.00e+00)  B90 0 B99 0 of 0
L2 L2_8067      C 1.079e-10 sat 0 eps 0.0162  desc/C 0.0182 0 0  bad m=1 nan m=2 nan (via N 0.00e+00)  B90 0 B99 0 of 0
L4 L4_97662     C 1.078e-10 sat 0 eps 0.0043  desc/C 0.366 0 0  bad m=1 nan m=2 nan (via N 0.00e+00)  B90 0 B99 0 of 0
L3 L3_149637    C 1.078e-10 sat 0 eps 0.0043  desc/C 30.1 0 0  bad m=1 nan m=2 nan (via N 0.00e+00)  B90 0 B99 0 of 0
L4 L4_229224    C 1.078e-10 sat 0 eps 0.0043  desc/C 0.396 0.157 0  bad m=1 0.00e+00 m=2 nan (via N 0.00e+00)  B90 0 B99 0 of 0
L2 L2_930       C 1.077e-10 sat 0 eps 0.0909  desc/C 0.0319 0 0  bad m=1 nan m=2 nan (via N 0.00e+00)  B90 0 B99 0 of 0
L1 L1_406       C 1.076e-10 sat 0 eps 1.0000  desc/C 0 0 0  bad m=1 nan m=2 nan (via N 0.00e+00)  B90 0 B99 0 of 0
L1 L1_407       C 1.076e-10 sat 0 eps 1.0000  desc/C 0 0 0  bad m=1 nan m=2 nan (via N 0.00e+00)  B90 0 B99 0 of 0
L3 L3_141157    C 1.076e-10 sat 0 eps 0.0172  desc/C 0.071 0 0  bad m=1 nan m=2 nan (via N 0.00e+00)  B90 0 B99 0 of 0
L3 L3_27604     C 1.075e-10 sat 0 eps 0.0517  desc/C 0.34 0.0396 0.0361  bad m=1 0.00e+00 m=2 0.00e+00 (via N 0.00e+00)  B90 0 B99 0 of 0
L4 L4_108688    C 1.075e-10 sat 0 eps 0.0038  desc/C 0.226 0 0  bad m=1 nan m=2 nan (via N 0.00e+00)  B90 0 B99 0 of 0
L1 L1_404       C 1.075e-10 sat 0 eps 1.0000  desc/C 0.0108 0 0  bad m=1 nan m=2 nan (via N 0.00e+00)  B90 0 B99 0 of 0
L1 L1_405       C 1.075e-10 sat 0 eps 1.0000  desc/C 0 0 0  bad m=1 nan m=2 nan (via N 0.00e+00)  B90 0 B99 0 of 0
L3 L3_380767    C 1.069e-10 sat 0 eps 0.0330  desc/C 0.121 0.0758 0  bad m=1 0.00e+00 m=2 nan (via N 0.00e+00)  B90 0 B99 0 of 0
L3 L3_380631    C 1.067e-10 sat 0 eps 0.0044  desc/C 0.0903 0 0  bad m=1 nan m=2 nan (via N 0.00e+00)  B90 0 B99 0 of 0
L2 L2_35062     C 1.066e-10 sat 0 eps 0.0043  desc/C 0.688 0 0  bad m=1 nan m=2 nan (via N 0.00e+00)  B90 0 B99 0 of 0
L3 L3_90971     C 1.065e-10 sat 0 eps 0.0043  desc/C 0.0897 0 0  bad m=1 nan m=2 nan (via N 0.00e+00)  B90 0 B99 0 of 0
L1 L1_409       C 1.063e-10 sat 0 eps 1.0000  desc/C 1.08 1.11 0.717  bad m=1 0.00e+00 m=2 0.00e+00 (via N 0.00e+00)  B90 0 B99 0 of 0
L1 L1_408       C 1.063e-10 sat 0 eps 1.0000  desc/C 0 0 0  bad m=1 nan m=2 nan (via N 0.00e+00)  B90 0 B99 0 of 0
L2 L2_3195      C 1.062e-10 sat 0 eps 0.2137  desc/C 0.0753 0.0332 0  bad m=1 0.00e+00 m=2 nan (via N 0.00e+00)  B90 0 B99 0 of 0
L4 L4_197222    C 1.061e-10 sat 0 eps 0.0033  desc/C 0.0376 0 0  bad m=1 nan m=2 nan (via N 0.00e+00)  B90 0 B99 0 of 0
L3 L3_27991     C 1.058e-10 sat 0 eps 0.0789  desc/C 0.475 0.17 0.264  bad m=1 0.00e+00 m=2 6.66e-02 (via N 0.00e+00)  B90 1 B99 1 of 1
L2 L2_817       C 1.056e-10 sat 0 eps 0.0754  desc/C 0.274 0.0817 0  bad m=1 0.00e+00 m=2 nan (via N 0.00e+00)  B90 0 B99 0 of 0
L3 L3_141517    C 1.051e-10 sat 0 eps 0.0461  desc/C 0.0264 0 0  bad m=1 nan m=2 nan (via N 0.00e+00)  B90 0 B99 0 of 0
L3 L3_81588     C 1.049e-10 sat 0 eps 0.0654  desc/C 0.0327 0 0  bad m=1 nan m=2 nan (via N 0.00e+00)  B90 0 B99 0 of 0
L1 L1_410       C 1.048e-10 sat 0 eps 1.0000  desc/C 0 0 0  bad m=1 nan m=2 nan (via N 0.00e+00)  B90 0 B99 0 of 0
L1 L1_411       C 1.048e-10 sat 0 eps 1.0000  desc/C 0 0 0  bad m=1 nan m=2 nan (via N 0.00e+00)  B90 0 B99 0 of 0
L3 L3_380740    C 1.047e-10 sat 0 eps 0.0159  desc/C 0.556 1.17 0.193  bad m=1 9.64e-01 m=2 1.00e+00 (via N 0.00e+00)  B90 1 B99 1 of 1
L3 L3_141220    C 1.044e-10 sat 0 eps 0.0161  desc/C 0.592 0.112 0  bad m=1 0.00e+00 m=2 nan (via N 0.00e+00)  B90 0 B99 0 of 0
L2 L2_3353      C 1.042e-10 sat 0 eps 0.2294  desc/C 0.23 0.376 0.0681  bad m=1 5.18e-01 m=2 5.20e-01 (via N 0.00e+00)  B90 1 B99 1 of 1
L3 L3_28056     C 1.042e-10 sat 0 eps 0.0814  desc/C 0.244 0.185 0.0249  bad m=1 0.00e+00 m=2 0.00e+00 (via N 0.00e+00)  B90 0 B99 0 of 0
L4 L4_297665    C 1.041e-10 sat 0 eps 0.0038  desc/C 0.359 0 0  bad m=1 nan m=2 nan (via N 0.00e+00)  B90 0 B99 0 of 0
L2 L2_3945      C 1.040e-10 sat 0 eps 0.2816  desc/C 0.216 0.541 0.122  bad m=1 0.00e+00 m=2 0.00e+00 (via N 0.00e+00)  B90 0 B99 0 of 0
L2 L2_30763     C 1.039e-10 sat 0 eps 0.0043  desc/C 0.0403 0 0  bad m=1 nan m=2 nan (via N 0.00e+00)  B90 0 B99 0 of 0
L2 L2_278       C 1.034e-10 sat 0 eps 0.0402  desc/C 0.0471 0 0  bad m=1 nan m=2 nan (via N 0.00e+00)  B90 0 B99 0 of 0
L4 L4_1031994   C 1.031e-10 sat 0 eps 0.0043  desc/C 0 0 0  bad m=1 nan m=2 nan (via N 0.00e+00)  B90 0 B99 0 of 0
L1 L1_414       C 1.028e-10 sat 0 eps 1.0000  desc/C 0.0133 0 0  bad m=1 nan m=2 nan (via N 0.00e+00)  B90 0 B99 0 of 0
L1 L1_415       C 1.028e-10 sat 0 eps 1.0000  desc/C 0 0 0  bad m=1 nan m=2 nan (via N 0.00e+00)  B90 0 B99 0 of 0
L3 L3_242593    C 1.026e-10 sat 0 eps 0.0043  desc/C 0.0236 0 0  bad m=1 nan m=2 nan (via N 0.00e+00)  B90 0 B99 0 of 0
L4 L4_766216    C 1.025e-10 sat 0 eps 0.0044  desc/C 0.0915 0 0  bad m=1 nan m=2 nan (via N 0.00e+00)  B90 0 B99 0 of 0
L1 L1_413       C 1.025e-10 sat 0 eps 1.0000  desc/C 0 0 0  bad m=1 nan m=2 nan (via N 0.00e+00)  B90 0 B99 0 of 0
L1 L1_412       C 1.025e-10 sat 0 eps 1.0000  desc/C 0 0 0  bad m=1 nan m=2 nan (via N 0.00e+00)  B90 0 B99 0 of 0
L4 L4_28459     C 1.025e-10 sat 0 eps 0.0379  desc/C 38.2 7.1 0  bad m=1 7.89e-01 m=2 nan (via N 0.00e+00)  B90 1 B99 2 of 3
L3 L3_295030    C 1.022e-10 sat 0 eps 0.0376  desc/C 0 0 0  bad m=1 nan m=2 nan (via N 0.00e+00)  B90 0 B99 0 of 0
L3 L3_80844     C 1.021e-10 sat 0 eps 0.0042  desc/C 0.0487 0 0  bad m=1 nan m=2 nan (via N 0.00e+00)  B90 0 B99 0 of 0
L4 L4_839289    C 1.020e-10 sat 0 eps 0.0043  desc/C 0.277 0 0  bad m=1 nan m=2 nan (via N 0.00e+00)  B90 0 B99 0 of 0
L2 L2_131488    C 1.017e-10 sat 0 eps 0.0158  desc/C 0 0 0  bad m=1 nan m=2 nan (via N 0.00e+00)  B90 0 B99 0 of 0
L1 L1_417       C 1.016e-10 sat 0 eps 1.0000  desc/C 1.05 0.722 0  bad m=1 0.00e+00 m=2 nan (via N 0.00e+00)  B90 0 B99 0 of 0
L1 L1_416       C 1.016e-10 sat 0 eps 1.0000  desc/C 0 0 0  bad m=1 nan m=2 nan (via N 0.00e+00)  B90 0 B99 0 of 0
L3 L3_694367    C 1.014e-10 sat 0 eps 0.0322  desc/C 0.234 0 0  bad m=1 nan m=2 nan (via N 0.00e+00)  B90 0 B99 0 of 0
L3 L3_529565    C 1.007e-10 sat 0 eps 0.0040  desc/C 0.041 0.0508 0  bad m=1 0.00e+00 m=2 nan (via N 0.00e+00)  B90 0 B99 0 of 0
L3 L3_27520     C 1.001e-10 sat 0 eps 0.0533  desc/C 0.462 0.165 0.0554  bad m=1 0.00e+00 m=2 0.00e+00 (via N 0.00e+00)  B90 0 B99 0 of 0
L3 L3_27439     C 9.999e-11 sat 0 eps 0.0385  desc/C 0.256 0.0181 0.0149  bad m=1 0.00e+00 m=2 0.00e+00 (via N 0.00e+00)  B90 0 B99 0 of 0
L4 L4_28568     C 9.987e-11 sat 0 eps 0.0323  desc/C 0.214 0.079 0  bad m=1 0.00e+00 m=2 nan (via N 0.00e+00)  B90 0 B99 0 of 0
L3 L3_27662     C 9.980e-11 sat 0 eps 0.0715  desc/C 0.212 0.0217 0  bad m=1 0.00e+00 m=2 nan (via N 0.00e+00)  B90 0 B99 0 of 0
L2 L2_8076      C 9.950e-11 sat 0 eps 0.0158  desc/C 0.0281 0 0  bad m=1 nan m=2 nan (via N 0.00e+00)  B90 0 B99 0 of 0
L4 L4_497237    C 9.941e-11 sat 0 eps 0.0040  desc/C 0.301 0.0998 0  bad m=1 0.00e+00 m=2 nan (via N 0.00e+00)  B90 0 B99 0 of 0
L3 L3_149660    C 9.916e-11 sat 0 eps 0.0043  desc/C 0.504 1.19 0.469  bad m=1 0.00e+00 m=2 0.00e+00 (via N 0.00e+00)  B90 0 B99 0 of 0
L4 L4_97682     C 9.910e-11 sat 0 eps 0.0042  desc/C 0 0 0  bad m=1 nan m=2 nan (via N 0.00e+00)  B90 0 B99 0 of 0
L4 L4_197214    C 9.903e-11 sat 0 eps 0.0034  desc/C 0.0885 0.243 0  bad m=1 0.00e+00 m=2 nan (via N 0.00e+00)  B90 0 B99 0 of 0
L4 L4_28654     C 9.898e-11 sat 0 eps 0.0568  desc/C 0.376 0.137 0  bad m=1 4.32e-01 m=2 nan (via N 0.00e+00)  B90 1 B99 1 of 1
L4 L4_1058517   C 9.883e-11 sat 0 eps 0.0042  desc/C 0 0 0  bad m=1 nan m=2 nan (via N 0.00e+00)  B90 0 B99 0 of 0
L4 L4_28137     C 9.877e-11 sat 0 eps 0.0042  desc/C 1.04 0.874 0  bad m=1 0.00e+00 m=2 nan (via N 0.00e+00)  B90 0 B99 0 of 0
L3 L3_370517    C 9.856e-11 sat 0 eps 0.0037  desc/C 3.71 0.327 0.199  bad m=1 0.00e+00 m=2 0.00e+00 (via N 0.00e+00)  B90 0 B99 0 of 0
L2 L2_372       C 9.856e-11 sat 0 eps 0.0446  desc/C 0.0621 0 0  bad m=1 nan m=2 nan (via N 0.00e+00)  B90 0 B99 0 of 0
L4 L4_297655    C 9.846e-11 sat 0 eps 0.0038  desc/C 0.151 0 0  bad m=1 nan m=2 nan (via N 0.00e+00)  B90 0 B99 0 of 0
L4 L4_827315    C 9.846e-11 sat 0 eps 0.0042  desc/C 0.575 0.343 0  bad m=1 0.00e+00 m=2 nan (via N 0.00e+00)  B90 0 B99 0 of 0
L4 L4_745928    C 9.841e-11 sat 0 eps 0.0041  desc/C 0.188 0.0445 0  bad m=1 0.00e+00 m=2 nan (via N 0.00e+00)  B90 0 B99 0 of 0
L3 L3_202429    C 9.822e-11 sat 0 eps 0.0042  desc/C 0.034 0 0  bad m=1 nan m=2 nan (via N 0.00e+00)  B90 0 B99 0 of 0
L4 L4_355603    C 9.815e-11 sat 0 eps 0.0042  desc/C 0 0 0  bad m=1 nan m=2 nan (via N 0.00e+00)  B90 0 B99 0 of 0
L3 L3_512209    C 9.763e-11 sat 0 eps 0.0041  desc/C 0.0593 0.0614 0  bad m=1 0.00e+00 m=2 nan (via N 0.00e+00)  B90 0 B99 0 of 0
L3 L3_327244    C 9.732e-11 sat 0 eps 0.0042  desc/C 0 0 0  bad m=1 nan m=2 nan (via N 0.00e+00)  B90 0 B99 0 of 0
L3 L3_202443    C 9.713e-11 sat 0 eps 0.0041  desc/C 0.0667 0 0  bad m=1 nan m=2 nan (via N 0.00e+00)  B90 0 B99 0 of 0
L3 L3_380624    C 9.696e-11 sat 0 eps 0.0037  desc/C 1.42 0.845 1.06  bad m=1 0.00e+00 m=2 0.00e+00 (via N 0.00e+00)  B90 0 B99 0 of 0
L4 L4_1006991   C 9.685e-11 sat 0 eps 0.0159  desc/C 0.313 0 0  bad m=1 nan m=2 nan (via N 0.00e+00)  B90 0 B99 0 of 0
L3 L3_255545    C 9.679e-11 sat 0 eps 0.0158  desc/C 0.0282 0 0  bad m=1 nan m=2 nan (via N 0.00e+00)  B90 0 B99 0 of 0
L4 L4_309654    C 9.670e-11 sat 0 eps 0.0042  desc/C 0.272 0.0904 0  bad m=1 0.00e+00 m=2 nan (via N 0.00e+00)  B90 0 B99 0 of 0
L4 L4_426964    C 9.663e-11 sat 0 eps 0.0035  desc/C 0.0199 0 0  bad m=1 nan m=2 nan (via N 0.00e+00)  B90 0 B99 0 of 0
L2 L2_14531     C 9.652e-11 sat 0 eps 0.0156  desc/C 0.0927 0 0  bad m=1 nan m=2 nan (via N 0.00e+00)  B90 0 B99 0 of 0
L4 L4_269562    C 9.581e-11 sat 0 eps 0.0138  desc/C 0.595 0.0149 0  bad m=1 0.00e+00 m=2 nan (via N 0.00e+00)  B90 0 B99 0 of 0
L4 L4_218464    C 9.567e-11 sat 0 eps 0.0042  desc/C 0.0866 0 0  bad m=1 nan m=2 nan (via N 0.00e+00)  B90 0 B99 0 of 0
L2 L2_1074      C 9.564e-11 sat 0 eps 0.1085  desc/C 0 0 0  bad m=1 nan m=2 nan (via N 0.00e+00)  B90 0 B99 0 of 0
L4 L4_1572910   C 9.561e-11 sat 0 eps 0.0042  desc/C 0 0 0  bad m=1 nan m=2 nan (via N 0.00e+00)  B90 0 B99 0 of 0
L2 L2_2298      C 9.561e-11 sat 0 eps 0.1999  desc/C 0.138 0.0465 0  bad m=1 0.00e+00 m=2 nan (via N 0.00e+00)  B90 0 B99 0 of 0
L3 L3_27350     C 9.551e-11 sat 0 eps 0.0377  desc/C 0.559 0.163 0  bad m=1 0.00e+00 m=2 nan (via N 0.00e+00)  B90 0 B99 0 of 0
L2 L2_725       C 9.550e-11 sat 0 eps 0.0727  desc/C 0.158 0 0  bad m=1 nan m=2 nan (via N 0.00e+00)  B90 0 B99 0 of 0
L3 L3_202453    C 9.510e-11 sat 0 eps 0.0041  desc/C 0.103 0 0  bad m=1 nan m=2 nan (via N 0.00e+00)  B90 0 B99 0 of 0
L2 L2_3508      C 9.487e-11 sat 0 eps 0.2685  desc/C 0.0529 0 0  bad m=1 nan m=2 nan (via N 0.00e+00)  B90 0 B99 0 of 0
L2 L2_19768     C 9.428e-11 sat 0 eps 0.0157  desc/C 0.0308 0 0  bad m=1 nan m=2 nan (via N 0.00e+00)  B90 0 B99 0 of 0
L3 L3_231153    C 9.426e-11 sat 0 eps 0.0043  desc/C 0.206 0 0  bad m=1 nan m=2 nan (via N 0.00e+00)  B90 0 B99 0 of 0
L1 L1_418       C 9.415e-11 sat 0 eps 1.0000  desc/C 0 0 0  bad m=1 nan m=2 nan (via N 0.00e+00)  B90 0 B99 0 of 0
L1 L1_419       C 9.415e-11 sat 0 eps 1.0000  desc/C 0 0 0  bad m=1 nan m=2 nan (via N 0.00e+00)  B90 0 B99 0 of 0
L4 L4_371449    C 9.407e-11 sat 0 eps 0.0042  desc/C 0.261 0.159 0  bad m=1 0.00e+00 m=2 nan (via N 0.00e+00)  B90 0 B99 0 of 0
L1 L1_421       C 9.381e-11 sat 0 eps 1.0000  desc/C 0 0 0  bad m=1 nan m=2 nan (via N 0.00e+00)  B90 0 B99 0 of 0
L1 L1_420       C 9.381e-11 sat 0 eps 1.0000  desc/C 0 0 0  bad m=1 nan m=2 nan (via N 0.00e+00)  B90 0 B99 0 of 0
L3 L3_202452    C 9.379e-11 sat 0 eps 0.0039  desc/C 0.0663 0 0  bad m=1 nan m=2 nan (via N 0.00e+00)  B90 0 B99 0 of 0
L3 L3_327232    C 9.371e-11 sat 0 eps 0.0042  desc/C 0 0 0  bad m=1 nan m=2 nan (via N 0.00e+00)  B90 0 B99 0 of 0
L4 L4_261393    C 9.358e-11 sat 0 eps 0.0041  desc/C 0.0159 0 0  bad m=1 nan m=2 nan (via N 0.00e+00)  B90 0 B99 0 of 0
L2 L2_19679     C 9.323e-11 sat 0 eps 0.0042  desc/C 0.0403 0 0  bad m=1 nan m=2 nan (via N 0.00e+00)  B90 0 B99 0 of 0
L4 L4_86109     C 9.310e-11 sat 0 eps 0.0041  desc/C 0 0 0  bad m=1 nan m=2 nan (via N 0.00e+00)  B90 0 B99 0 of 0
L4 L4_341070    C 9.307e-11 sat 0 eps 0.0035  desc/C 1.96 0.293 0  bad m=1 0.00e+00 m=2 nan (via N 0.00e+00)  B90 0 B99 0 of 0
L2 L2_71        C 9.302e-11 sat 0 eps 0.0042  desc/C 0.0762 0 0  bad m=1 nan m=2 nan (via N 0.00e+00)  B90 0 B99 0 of 0
L3 L3_213265    C 9.298e-11 sat 0 eps 0.0041  desc/C 0.257 0.0657 0  bad m=1 0.00e+00 m=2 nan (via N 0.00e+00)  B90 0 B99 0 of 0
L2 L2_25667     C 9.291e-11 sat 0 eps 0.0042  desc/C 0.231 0.117 0  bad m=1 0.00e+00 m=2 nan (via N 0.00e+00)  B90 0 B99 0 of 0
L1 L1_422       C 9.285e-11 sat 0 eps 1.0000  desc/C 0 0 0  bad m=1 nan m=2 nan (via N 0.00e+00)  B90 0 B99 0 of 0
L1 L1_423       C 9.285e-11 sat 0 eps 1.0000  desc/C 0.212 0.0493 0  bad m=1 0.00e+00 m=2 nan (via N 0.00e+00)  B90 0 B99 0 of 0
L4 L4_28106     C 9.254e-11 sat 0 eps 0.0031  desc/C 2.09 1.03 0  bad m=1 0.00e+00 m=2 nan (via N 0.00e+00)  B90 0 B99 0 of 0
L4 L4_297666    C 9.250e-11 sat 0 eps 0.0037  desc/C 0.0558 0 0  bad m=1 nan m=2 nan (via N 0.00e+00)  B90 0 B99 0 of 0
L3 L3_142033    C 9.225e-11 sat 0 eps 0.0737  desc/C 0.402 0.136 0.207  bad m=1 0.00e+00 m=2 0.00e+00 (via N 0.00e+00)  B90 0 B99 0 of 0
L2 L2_194       C 9.191e-11 sat 0 eps 0.0365  desc/C 0 0 0  bad m=1 nan m=2 nan (via N 0.00e+00)  B90 0 B99 0 of 0
L4 L4_29057     C 9.176e-11 sat 0 eps 0.0778  desc/C 1.17 0.945 0  bad m=1 1.40e-02 m=2 nan (via N 0.00e+00)  B90 1 B99 1 of 1
L2 L2_2962      C 9.169e-11 sat 0 eps 0.2389  desc/C 0.0522 0 0  bad m=1 nan m=2 nan (via N 0.00e+00)  B90 0 B99 0 of 0
L2 L2_2717      C 9.160e-11 sat 0 eps 0.2332  desc/C 0.0226 0 0  bad m=1 nan m=2 nan (via N 0.00e+00)  B90 0 B99 0 of 0
L4 L4_238258    C 9.124e-11 sat 0 eps 0.0041  desc/C 1.31 0.969 0  bad m=1 5.05e-01 m=2 nan (via N 0.00e+00)  B90 1 B99 1 of 1
L3 L3_537626    C 9.115e-11 sat 0 eps 0.0036  desc/C 5.8 3.61 3.39  bad m=1 7.05e-01 m=2 4.97e-01 (via N 0.00e+00)  B90 1 B99 1 of 2
L1 L1_424       C 9.107e-11 sat 0 eps 1.0000  desc/C 0 0 0  bad m=1 nan m=2 nan (via N 0.00e+00)  B90 0 B99 0 of 0
L1 L1_425       C 9.107e-11 sat 0 eps 1.0000  desc/C 0.109 0 0  bad m=1 nan m=2 nan (via N 0.00e+00)  B90 0 B99 0 of 0
L4 L4_410925    C 9.082e-11 sat 0 eps 0.0042  desc/C 0.247 0.0788 0  bad m=1 0.00e+00 m=2 nan (via N 0.00e+00)  B90 0 B99 0 of 0
L4 L4_341097    C 9.073e-11 sat 0 eps 0.0032  desc/C 0.0784 0.101 0  bad m=1 0.00e+00 m=2 nan (via N 0.00e+00)  B90 0 B99 0 of 0
L2 L2_320       C 9.062e-11 sat 0 eps 0.0378  desc/C 0.493 0.0328 0  bad m=1 0.00e+00 m=2 nan (via N 0.00e+00)  B90 0 B99 0 of 0
L2 L2_3890      C 9.050e-11 sat 0 eps 0.2812  desc/C 1.07 1.99 1.33  bad m=1 3.52e-01 m=2 3.16e-01 (via N 0.00e+00)  B90 1 B99 1 of 1
L3 L3_1012355   C 9.040e-11 sat 0 eps 0.0042  desc/C 0.0535 0 0  bad m=1 nan m=2 nan (via N 0.00e+00)  B90 0 B99 0 of 0
L2 L2_30754     C 8.994e-11 sat 0 eps 0.0041  desc/C 0.434 0 0  bad m=1 nan m=2 nan (via N 0.00e+00)  B90 0 B99 0 of 0
L3 L3_569164    C 8.954e-11 sat 0 eps 0.0037  desc/C 1.88 0.392 0.464  bad m=1 0.00e+00 m=2 0.00e+00 (via N 0.00e+00)  B90 0 B99 0 of 0
L4 L4_366790    C 8.944e-11 sat 0 eps 0.0042  desc/C 0.205 0 0  bad m=1 nan m=2 nan (via N 0.00e+00)  B90 0 B99 0 of 0
L3 L3_294921    C 8.916e-11 sat 0 eps 0.0171  desc/C 0.0151 0 0  bad m=1 nan m=2 nan (via N 0.00e+00)  B90 0 B99 0 of 0
L4 L4_238231    C 8.907e-11 sat 0 eps 0.0038  desc/C 0.137 0 0  bad m=1 nan m=2 nan (via N 0.00e+00)  B90 0 B99 0 of 0
L1 L1_427       C 8.900e-11 sat 0 eps 1.0000  desc/C 0 0 0  bad m=1 nan m=2 nan (via N 0.00e+00)  B90 0 B99 0 of 0
L1 L1_426       C 8.900e-11 sat 0 eps 1.0000  desc/C 0.0255 0 0  bad m=1 nan m=2 nan (via N 0.00e+00)  B90 0 B99 0 of 0
L3 L3_115396    C 8.896e-11 sat 0 eps 0.0041  desc/C 1.44 0.72 0.378  bad m=1 0.00e+00 m=2 0.00e+00 (via N 0.00e+00)  B90 0 B99 0 of 0
L3 L3_28255     C 8.890e-11 sat 0 eps 0.1152  desc/C 0.715 0.424 0.235  bad m=1 0.00e+00 m=2 0.00e+00 (via N 0.00e+00)  B90 0 B99 0 of 0
L4 L4_29045     C 8.889e-11 sat 0 eps 0.0524  desc/C 0.79 0.26 0  bad m=1 0.00e+00 m=2 nan (via N 0.00e+00)  B90 0 B99 0 of 0
L3 L3_569146    C 8.868e-11 sat 0 eps 0.0037  desc/C 0.144 0.0277 0  bad m=1 0.00e+00 m=2 nan (via N 0.00e+00)  B90 0 B99 0 of 0
L4 L4_1122095   C 8.845e-11 sat 0 eps 0.0041  desc/C 0 0 0  bad m=1 nan m=2 nan (via N 0.00e+00)  B90 0 B99 0 of 0
L4 L4_317383    C 8.828e-11 sat 0 eps 0.0035  desc/C 0.0389 0.0131 0  bad m=1 0.00e+00 m=2 nan (via N 0.00e+00)  B90 0 B99 0 of 0
L4 L4_793584    C 8.825e-11 sat 0 eps 0.0042  desc/C 0 0 0  bad m=1 nan m=2 nan (via N 0.00e+00)  B90 0 B99 0 of 0
L3 L3_319529    C 8.820e-11 sat 0 eps 0.0039  desc/C 0.123 0 0  bad m=1 nan m=2 nan (via N 0.00e+00)  B90 0 B99 0 of 0
L3 L3_649063    C 8.817e-11 sat 0 eps 0.0038  desc/C 0.107 0.0697 0.0395  bad m=1 0.00e+00 m=2 0.00e+00 (via N 0.00e+00)  B90 0 B99 0 of 0
L2 L2_2532      C 8.811e-11 sat 0 eps 0.2035  desc/C 0.0811 0.0151 0  bad m=1 0.00e+00 m=2 nan (via N 0.00e+00)  B90 0 B99 0 of 0
L2 L2_1667      C 8.776e-11 sat 0 eps 0.1409  desc/C 0.11 0.0704 0  bad m=1 0.00e+00 m=2 nan (via N 0.00e+00)  B90 0 B99 0 of 0
L2 L2_1177      C 8.761e-11 sat 0 eps 0.1027  desc/C 0.26 0.0526 0  bad m=1 0.00e+00 m=2 nan (via N 0.00e+00)  B90 0 B99 0 of 0
L2 L2_500       C 8.748e-11 sat 0 eps 0.0495  desc/C 0.0141 0 0  bad m=1 nan m=2 nan (via N 0.00e+00)  B90 0 B99 0 of 0
L2 L2_163       C 8.731e-11 sat 0 eps 0.0152  desc/C 0.0218 0 0  bad m=1 nan m=2 nan (via N 0.00e+00)  B90 0 B99 0 of 0
L4 L4_28265     C 8.730e-11 sat 0 eps 0.0147  desc/C 0.106 0 0  bad m=1 nan m=2 nan (via N 0.00e+00)  B90 0 B99 0 of 0
L4 L4_86012     C 8.728e-11 sat 0 eps 0.0040  desc/C 0.0514 0 0  bad m=1 nan m=2 nan (via N 0.00e+00)  B90 0 B99 0 of 0
L4 L4_123247    C 8.727e-11 sat 0 eps 0.0035  desc/C 0.0284 0.0437 0  bad m=1 0.00e+00 m=2 nan (via N 0.00e+00)  B90 0 B99 0 of 0
L4 L4_1138032   C 8.705e-11 sat 0 eps 0.0040  desc/C 0 0 0  bad m=1 nan m=2 nan (via N 0.00e+00)  B90 0 B99 0 of 0
L1 L1_429       C 8.665e-11 sat 0 eps 1.0000  desc/C 0 0 0  bad m=1 nan m=2 nan (via N 0.00e+00)  B90 0 B99 0 of 0
L1 L1_428       C 8.665e-11 sat 0 eps 1.0000  desc/C 0 0 0  bad m=1 nan m=2 nan (via N 0.00e+00)  B90 0 B99 0 of 0
L4 L4_502355    C 8.622e-11 sat 0 eps 0.0041  desc/C 0 0 0  bad m=1 nan m=2 nan (via N 0.00e+00)  B90 0 B99 0 of 0
L3 L3_512172    C 8.614e-11 sat 0 eps 0.0041  desc/C 0.105 0 0  bad m=1 nan m=2 nan (via N 0.00e+00)  B90 0 B99 0 of 0
L3 L3_503117    C 8.596e-11 sat 0 eps 0.0041  desc/C 0.0566 0 0  bad m=1 nan m=2 nan (via N 0.00e+00)  B90 0 B99 0 of 0
L3 L3_28267     C 8.595e-11 sat 0 eps 0.0891  desc/C 2.79 1.59 1.29  bad m=1 8.74e-01 m=2 7.89e-01 (via N 0.00e+00)  B90 1 B99 2 of 2
L4 L4_885072    C 8.592e-11 sat 0 eps 0.0043  desc/C 0.287 0 0  bad m=1 nan m=2 nan (via N 0.00e+00)  B90 0 B99 0 of 0
L4 L4_154875    C 8.590e-11 sat 0 eps 0.0041  desc/C 0.105 0 0  bad m=1 nan m=2 nan (via N 0.00e+00)  B90 0 B99 0 of 0
L2 L2_8000      C 8.568e-11 sat 0 eps 0.0041  desc/C 0 0 0  bad m=1 nan m=2 nan (via N 0.00e+00)  B90 0 B99 0 of 0
L2 L2_3812      C 8.562e-11 sat 0 eps 0.2470  desc/C 0.898 0.0389 0.0329  bad m=1 0.00e+00 m=2 0.00e+00 (via N 0.00e+00)  B90 0 B99 0 of 0
L2 L2_1085      C 8.561e-11 sat 0 eps 0.0984  desc/C 0.0183 0 0  bad m=1 nan m=2 nan (via N 0.00e+00)  B90 0 B99 0 of 0
L2 L2_3958      C 8.550e-11 sat 0 eps 0.2499  desc/C 1.69 0.234 0.393  bad m=1 8.64e-02 m=2 4.89e-02 (via N 0.00e+00)  B90 1 B99 1 of 1
L2 L2_38        C 8.543e-11 sat 0 eps 0.0041  desc/C 0.0401 0 0  bad m=1 nan m=2 nan (via N 0.00e+00)  B90 0 B99 0 of 0
L4 L4_137353    C 8.527e-11 sat 0 eps 0.0040  desc/C 0.435 0 0  bad m=1 nan m=2 nan (via N 0.00e+00)  B90 0 B99 0 of 0
L2 L2_216       C 8.518e-11 sat 0 eps 0.0346  desc/C 0.034 0 0  bad m=1 nan m=2 nan (via N 0.00e+00)  B90 0 B99 0 of 0
L3 L3_576266    C 8.507e-11 sat 0 eps 0.0041  desc/C 0.0534 0 0  bad m=1 nan m=2 nan (via N 0.00e+00)  B90 0 B99 0 of 0
L2 L2_7978      C 8.500e-11 sat 0 eps 0.0041  desc/C 1.31 0.363 0.121  bad m=1 0.00e+00 m=2 0.00e+00 (via N 0.00e+00)  B90 0 B99 0 of 0
L4 L4_224304    C 8.487e-11 sat 0 eps 0.0134  desc/C 0.217 0.0289 0  bad m=1 0.00e+00 m=2 nan (via N 0.00e+00)  B90 0 B99 0 of 0
L4 L4_205170    C 8.461e-11 sat 0 eps 0.0035  desc/C 0.109 0.92 0  bad m=1 2.94e-02 m=2 nan (via N 0.00e+00)  B90 1 B99 1 of 1
L4 L4_493048    C 8.441e-11 sat 0 eps 0.0042  desc/C 0.196 0.0189 0  bad m=1 0.00e+00 m=2 nan (via N 0.00e+00)  B90 0 B99 0 of 0
L1 L1_431       C 8.432e-11 sat 0 eps 1.0000  desc/C 0 0 0  bad m=1 nan m=2 nan (via N 0.00e+00)  B90 0 B99 0 of 0
L1 L1_430       C 8.432e-11 sat 0 eps 1.0000  desc/C 0 0 0  bad m=1 nan m=2 nan (via N 0.00e+00)  B90 0 B99 0 of 0
L2 L2_571086    C 8.392e-11 sat 0 eps 0.0499  desc/C 0.217 0.0492 0.0173  bad m=1 0.00e+00 m=2 0.00e+00 (via N 0.00e+00)  B90 0 B99 0 of 0
L4 L4_28614     C 8.374e-11 sat 0 eps 0.0359  desc/C 0.309 0.155 0  bad m=1 0.00e+00 m=2 nan (via N 0.00e+00)  B90 0 B99 0 of 0
L4 L4_269425    C 8.370e-11 sat 0 eps 0.0036  desc/C 0.719 0.0817 0  bad m=1 0.00e+00 m=2 nan (via N 0.00e+00)  B90 0 B99 0 of 0
L4 L4_137295    C 8.358e-11 sat 0 eps 0.0038  desc/C 0 0 0  bad m=1 nan m=2 nan (via N 0.00e+00)  B90 0 B99 0 of 0
L4 L4_1527968   C 8.352e-11 sat 0 eps 0.0041  desc/C 0.851 0.721 0  bad m=1 0.00e+00 m=2 nan (via N 0.00e+00)  B90 0 B99 0 of 0
L2 L2_20079     C 8.349e-11 sat 0 eps 0.0510  desc/C 0.0285 0 0  bad m=1 nan m=2 nan (via N 0.00e+00)  B90 0 B99 0 of 0
L2 L2_1563      C 8.321e-11 sat 0 eps 0.1353  desc/C 0.337 0.282 0  bad m=1 0.00e+00 m=2 nan (via N 0.00e+00)  B90 0 B99 0 of 0
L3 L3_27696     C 8.319e-11 sat 0 eps 0.0544  desc/C 1.06 0.0762 0.0139  bad m=1 0.00e+00 m=2 0.00e+00 (via N 0.00e+00)  B90 0 B99 0 of 0
L2 L2_4544      C 8.303e-11 sat 0 eps 0.2826  desc/C 0.169 0 0  bad m=1 nan m=2 nan (via N 0.00e+00)  B90 0 B99 0 of 0
L4 L4_317437    C 8.302e-11 sat 0 eps 0.0036  desc/C 0.64 0.479 0  bad m=1 0.00e+00 m=2 nan (via N 0.00e+00)  B90 0 B99 0 of 0
L4 L4_28753     C 8.288e-11 sat 0 eps 0.0401  desc/C 0.788 0 0  bad m=1 nan m=2 nan (via N 0.00e+00)  B90 0 B99 0 of 0
L1 L1_433       C 8.272e-11 sat 0 eps 1.0000  desc/C 0 0 0  bad m=1 nan m=2 nan (via N 0.00e+00)  B90 0 B99 0 of 0
L1 L1_432       C 8.272e-11 sat 0 eps 1.0000  desc/C 0 0 0  bad m=1 nan m=2 nan (via N 0.00e+00)  B90 0 B99 0 of 0
L4 L4_261395    C 8.243e-11 sat 0 eps 0.0039  desc/C 0.0183 0 0  bad m=1 nan m=2 nan (via N 0.00e+00)  B90 0 B99 0 of 0
L1 L1_434       C 8.189e-11 sat 0 eps 1.0000  desc/C 0.0735 0 0  bad m=1 nan m=2 nan (via N 0.00e+00)  B90 0 B99 0 of 0
L1 L1_435       C 8.189e-11 sat 0 eps 1.0000  desc/C 0 0 0  bad m=1 nan m=2 nan (via N 0.00e+00)  B90 0 B99 0 of 0
L4 L4_275736    C 8.177e-11 sat 0 eps 0.0036  desc/C 0.0354 0.0379 0  bad m=1 0.00e+00 m=2 nan (via N 0.00e+00)  B90 0 B99 0 of 0
L4 L4_309645    C 8.150e-11 sat 0 eps 0.0041  desc/C 0.818 0.0727 0  bad m=1 0.00e+00 m=2 nan (via N 0.00e+00)  B90 0 B99 0 of 0
L3 L3_352958    C 8.146e-11 sat 0 eps 0.0040  desc/C 0.328 0 0  bad m=1 nan m=2 nan (via N 0.00e+00)  B90 0 B99 0 of 0
L4 L4_86129     C 8.100e-11 sat 0 eps 0.0041  desc/C 0.173 0 0  bad m=1 nan m=2 nan (via N 0.00e+00)  B90 0 B99 0 of 0
L2 L2_132       C 8.089e-11 sat 0 eps 0.0149  desc/C 0.0315 0 0  bad m=1 nan m=2 nan (via N 0.00e+00)  B90 0 B99 0 of 0
L1 L1_437       C 8.077e-11 sat 0 eps 1.0000  desc/C 0.674 0.435 0.629  bad m=1 0.00e+00 m=2 0.00e+00 (via N 0.00e+00)  B90 0 B99 0 of 0
L1 L1_436       C 8.077e-11 sat 0 eps 1.0000  desc/C 0 0 0  bad m=1 nan m=2 nan (via N 0.00e+00)  B90 0 B99 0 of 0
L3 L3_319521    C 8.072e-11 sat 0 eps 0.0042  desc/C 0 0 0  bad m=1 nan m=2 nan (via N 0.00e+00)  B90 0 B99 0 of 0
L1 L1_438       C 8.071e-11 sat 0 eps 1.0000  desc/C 0 0 0  bad m=1 nan m=2 nan (via N 0.00e+00)  B90 0 B99 0 of 0
L1 L1_439       C 8.071e-11 sat 0 eps 1.0000  desc/C 0.061 0 0  bad m=1 nan m=2 nan (via N 0.00e+00)  B90 0 B99 0 of 0
L2 L2_2785      C 8.060e-11 sat 0 eps 0.2012  desc/C 0.714 0.0216 0.0138  bad m=1 0.00e+00 m=2 0.00e+00 (via N 0.00e+00)  B90 0 B99 0 of 0
L4 L4_118626    C 8.055e-11 sat 0 eps 0.0121  desc/C 0.504 0.394 0  bad m=1 1.32e-01 m=2 nan (via N 0.00e+00)  B90 1 B99 1 of 1
L2 L2_943       C 8.053e-11 sat 0 eps 0.0880  desc/C 0.162 0 0  bad m=1 nan m=2 nan (via N 0.00e+00)  B90 0 B99 0 of 0
L3 L3_380621    C 8.040e-11 sat 0 eps 0.0035  desc/C 0.0152 0 0  bad m=1 nan m=2 nan (via N 0.00e+00)  B90 0 B99 0 of 0
L4 L4_238229    C 8.029e-11 sat 0 eps 0.0042  desc/C 0.286 0 0  bad m=1 nan m=2 nan (via N 0.00e+00)  B90 0 B99 0 of 0
L1 L1_441       C 8.028e-11 sat 0 eps 1.0000  desc/C 0.526 0.0348 0  bad m=1 0.00e+00 m=2 nan (via N 0.00e+00)  B90 0 B99 0 of 0
L1 L1_440       C 8.028e-11 sat 0 eps 1.0000  desc/C 0 0 0  bad m=1 nan m=2 nan (via N 0.00e+00)  B90 0 B99 0 of 0
L2 L2_235       C 8.024e-11 sat 0 eps 0.0345  desc/C 0.0201 0 0  bad m=1 nan m=2 nan (via N 0.00e+00)  B90 0 B99 0 of 0
L2 L2_407       C 8.023e-11 sat 0 eps 0.0408  desc/C 0.0134 0 0  bad m=1 nan m=2 nan (via N 0.00e+00)  B90 0 B99 0 of 0
L1 L1_443       C 8.000e-11 sat 0 eps 1.0000  desc/C 0.205 0.026 0  bad m=1 0.00e+00 m=2 nan (via N 0.00e+00)  B90 0 B99 0 of 0
L1 L1_442       C 8.000e-11 sat 0 eps 1.0000  desc/C 0 0 0  bad m=1 nan m=2 nan (via N 0.00e+00)  B90 0 B99 0 of 0
L4 L4_28714     C 7.998e-11 sat 0 eps 0.0413  desc/C 0.356 0.115 0  bad m=1 0.00e+00 m=2 nan (via N 0.00e+00)  B90 0 B99 0 of 0
L4 L4_28063     C 7.981e-11 sat 0 eps 0.0030  desc/C 0.0193 0 0  bad m=1 nan m=2 nan (via N 0.00e+00)  B90 0 B99 0 of 0
L4 L4_69814     C 7.980e-11 sat 0 eps 0.0682  desc/C 0.243 0.759 0  bad m=1 0.00e+00 m=2 nan (via N 0.00e+00)  B90 0 B99 0 of 0
L4 L4_86047     C 7.979e-11 sat 0 eps 0.0040  desc/C 0 0 0  bad m=1 nan m=2 nan (via N 0.00e+00)  B90 0 B99 0 of 0
L4 L4_154920    C 7.969e-11 sat 0 eps 0.0148  desc/C 0.187 0 0  bad m=1 nan m=2 nan (via N 0.00e+00)  B90 0 B99 0 of 0
L3 L3_352921    C 7.961e-11 sat 0 eps 0.0040  desc/C 0 0 0  bad m=1 nan m=2 nan (via N 0.00e+00)  B90 0 B99 0 of 0
L1 L1_445       C 7.953e-11 sat 0 eps 1.0000  desc/C 0 0 0  bad m=1 nan m=2 nan (via N 0.00e+00)  B90 0 B99 0 of 0
L1 L1_444       C 7.953e-11 sat 0 eps 1.0000  desc/C 0 0 0  bad m=1 nan m=2 nan (via N 0.00e+00)  B90 0 B99 0 of 0
L4 L4_86106     C 7.950e-11 sat 0 eps 0.0040  desc/C 0.92 0.612 0  bad m=1 0.00e+00 m=2 nan (via N 0.00e+00)  B90 0 B99 0 of 0
L2 L2_131384    C 7.948e-11 sat 0 eps 0.0040  desc/C 0.0535 0 0  bad m=1 nan m=2 nan (via N 0.00e+00)  B90 0 B99 0 of 0
L4 L4_229210    C 7.948e-11 sat 0 eps 0.0037  desc/C 0 0 0  bad m=1 nan m=2 nan (via N 0.00e+00)  B90 0 B99 0 of 0
L4 L4_123237    C 7.944e-11 sat 0 eps 0.0040  desc/C 0 0 0  bad m=1 nan m=2 nan (via N 0.00e+00)  B90 0 B99 0 of 0
L1 L1_448       C 7.920e-11 sat 0 eps 1.0000  desc/C 0 0 0  bad m=1 nan m=2 nan (via N 0.00e+00)  B90 0 B99 0 of 0
L1 L1_449       C 7.920e-11 sat 0 eps 1.0000  desc/C 0 0 0  bad m=1 nan m=2 nan (via N 0.00e+00)  B90 0 B99 0 of 0
L2 L2_3654      C 7.915e-11 sat 0 eps 0.2432  desc/C 0.0835 0.0834 0  bad m=1 0.00e+00 m=2 nan (via N 0.00e+00)  B90 0 B99 0 of 0
L1 L1_446       C 7.914e-11 sat 0 eps 1.0000  desc/C 0 0 0  bad m=1 nan m=2 nan (via N 0.00e+00)  B90 0 B99 0 of 0
L1 L1_447       C 7.914e-11 sat 0 eps 1.0000  desc/C 0 0 0  bad m=1 nan m=2 nan (via N 0.00e+00)  B90 0 B99 0 of 0
L2 L2_14533     C 7.902e-11 sat 0 eps 0.0148  desc/C 0.191 0 0  bad m=1 nan m=2 nan (via N 0.00e+00)  B90 0 B99 0 of 0
L2 L2_3124      C 7.889e-11 sat 0 eps 0.2306  desc/C 0.138 0.0362 0  bad m=1 0.00e+00 m=2 nan (via N 0.00e+00)  B90 0 B99 0 of 0
L3 L3_132173    C 7.865e-11 sat 0 eps 0.0900  desc/C 0.0702 0 0  bad m=1 nan m=2 nan (via N 0.00e+00)  B90 0 B99 0 of 0
L3 L3_141010    C 7.829e-11 sat 0 eps 0.0040  desc/C 1.26 0.723 0.432  bad m=1 0.00e+00 m=2 0.00e+00 (via N 0.00e+00)  B90 0 B99 0 of 0
L2 L2_150       C 7.827e-11 sat 0 eps 0.0149  desc/C 0.0437 0 0  bad m=1 nan m=2 nan (via N 0.00e+00)  B90 0 B99 0 of 0
L4 L4_68505     C 7.809e-11 sat 0 eps 0.0030  desc/C 0.0658 0.0936 0  bad m=1 0.00e+00 m=2 nan (via N 0.00e+00)  B90 0 B99 0 of 0
L3 L3_28157     C 7.805e-11 sat 0 eps 0.1037  desc/C 0.296 0.0661 0.0182  bad m=1 0.00e+00 m=2 0.00e+00 (via N 0.00e+00)  B90 0 B99 0 of 0
L2 L2_25672     C 7.759e-11 sat 0 eps 0.0040  desc/C 0.28 0 0  bad m=1 nan m=2 nan (via N 0.00e+00)  B90 0 B99 0 of 0
L3 L3_255410    C 7.743e-11 sat 0 eps 0.0040  desc/C 0.425 0.172 0  bad m=1 0.00e+00 m=2 nan (via N 0.00e+00)  B90 0 B99 0 of 0
L3 L3_131016    C 7.731e-11 sat 0 eps 0.0039  desc/C 0.0934 0.0145 0  bad m=1 0.00e+00 m=2 nan (via N 0.00e+00)  B90 0 B99 0 of 0
L3 L3_27158     C 7.725e-11 sat 0 eps 0.0039  desc/C 0.281 0.329 0.345  bad m=1 0.00e+00 m=2 0.00e+00 (via N 0.00e+00)  B90 0 B99 0 of 0
L3 L3_28137     C 7.703e-11 sat 0 eps 0.0812  desc/C 1.29 0.114 0.312  bad m=1 0.00e+00 m=2 0.00e+00 (via N 0.00e+00)  B90 0 B99 0 of 0
L3 L3_288815    C 7.691e-11 sat 0 eps 0.0154  desc/C 0 0 0  bad m=1 nan m=2 nan (via N 0.00e+00)  B90 0 B99 0 of 0
L4 L4_28299     C 7.689e-11 sat 0 eps 0.0379  desc/C 0.209 0.0232 0  bad m=1 0.00e+00 m=2 nan (via N 0.00e+00)  B90 0 B99 0 of 0
L3 L3_370512    C 7.687e-11 sat 0 eps 0.0035  desc/C 0.0434 0.0366 0  bad m=1 0.00e+00 m=2 nan (via N 0.00e+00)  B90 0 B99 0 of 0
L4 L4_1331256   C 7.681e-11 sat 0 eps 0.0041  desc/C 0.162 0 0  bad m=1 nan m=2 nan (via N 0.00e+00)  B90 0 B99 0 of 0
L2 L2_23        C 7.676e-11 sat 0 eps 0.0040  desc/C 0.467 0 0  bad m=1 nan m=2 nan (via N 0.00e+00)  B90 0 B99 0 of 0
L4 L4_398985    C 7.643e-11 sat 0 eps 0.0147  desc/C 0.0153 0 0  bad m=1 nan m=2 nan (via N 0.00e+00)  B90 0 B99 0 of 0
L3 L3_654454    C 7.638e-11 sat 0 eps 0.0040  desc/C 0.122 0.0812 0  bad m=1 0.00e+00 m=2 nan (via N 0.00e+00)  B90 0 B99 0 of 0
L4 L4_519638    C 7.631e-11 sat 0 eps 0.0032  desc/C 0 0 0  bad m=1 nan m=2 nan (via N 0.00e+00)  B90 0 B99 0 of 0
L3 L3_27589     C 7.630e-11 sat 0 eps 0.0593  desc/C 0.234 0 0  bad m=1 nan m=2 nan (via N 0.00e+00)  B90 0 B99 0 of 0
L4 L4_68        C 7.622e-11 sat 0 eps 0.0039  desc/C 0.999 0.98 0  bad m=1 0.00e+00 m=2 nan (via N 0.00e+00)  B90 0 B99 0 of 0
L4 L4_269422    C 7.617e-11 sat 0 eps 0.0034  desc/C 1.79 0.443 0  bad m=1 0.00e+00 m=2 nan (via N 0.00e+00)  B90 0 B99 0 of 0
L4 L4_322140    C 7.612e-11 sat 0 eps 0.0042  desc/C 0.0876 0 0  bad m=1 nan m=2 nan (via N 0.00e+00)  B90 0 B99 0 of 0
L4 L4_154961    C 7.610e-11 sat 0 eps 0.0141  desc/C 0.476 0.0203 0  bad m=1 0.00e+00 m=2 nan (via N 0.00e+00)  B90 0 B99 0 of 0
L3 L3_141171    C 7.607e-11 sat 0 eps 0.0146  desc/C 0.0132 0 0  bad m=1 nan m=2 nan (via N 0.00e+00)  B90 0 B99 0 of 0
L3 L3_149624    C 7.594e-11 sat 0 eps 0.0039  desc/C 0.213 0 0  bad m=1 nan m=2 nan (via N 0.00e+00)  B90 0 B99 0 of 0
L2 L2_19701     C 7.577e-11 sat 0 eps 0.0040  desc/C 0 0 0  bad m=1 nan m=2 nan (via N 0.00e+00)  B90 0 B99 0 of 0
L4 L4_68525     C 7.564e-11 sat 0 eps 0.0123  desc/C 2.34 0.145 0  bad m=1 0.00e+00 m=2 nan (via N 0.00e+00)  B90 0 B99 0 of 0
L2 L2_419       C 7.560e-11 sat 0 eps 0.0407  desc/C 0 0 0  bad m=1 nan m=2 nan (via N 0.00e+00)  B90 0 B99 0 of 0
L4 L4_59654     C 7.518e-11 sat 0 eps 0.0146  desc/C 0.0903 0 0  bad m=1 nan m=2 nan (via N 0.00e+00)  B90 0 B99 0 of 0
L4 L4_37742     C 7.516e-11 sat 0 eps 0.0040  desc/C 0 0 0  bad m=1 nan m=2 nan (via N 0.00e+00)  B90 0 B99 0 of 0
L1 L1_450       C 7.502e-11 sat 0 eps 1.0000  desc/C 0 0 0  bad m=1 nan m=2 nan (via N 0.00e+00)  B90 0 B99 0 of 0
L1 L1_451       C 7.502e-11 sat 0 eps 1.0000  desc/C 0 0 0  bad m=1 nan m=2 nan (via N 0.00e+00)  B90 0 B99 0 of 0
L4 L4_287100    C 7.494e-11 sat 0 eps 0.0038  desc/C 0 0 0  bad m=1 nan m=2 nan (via N 0.00e+00)  B90 0 B99 0 of 0
L4 L4_137446    C 7.490e-11 sat 0 eps 0.0137  desc/C 0.238 0 0  bad m=1 nan m=2 nan (via N 0.00e+00)  B90 0 B99 0 of 0
L4 L4_77468     C 7.490e-11 sat 0 eps 0.0295  desc/C 0.102 0.289 0  bad m=1 0.00e+00 m=2 nan (via N 0.00e+00)  B90 0 B99 0 of 0
L3 L3_52        C 7.487e-11 sat 0 eps 0.0039  desc/C 0.666 0.671 0.664  bad m=1 0.00e+00 m=2 0.00e+00 (via N 0.00e+00)  B90 0 B99 0 of 0
by ε (islands with atoms one transit past the island): mass-weighted bad share m=1, m=2; mean B90, B99
  ε 0.30-2.00: 151 islands  bad m=1 7.15e-01  m=2 8.45e-01  B90 0.3 B99 0.4
  ε 0.10-0.30: 176 islands  bad m=1 1.56e-01  m=2 7.60e-01  B90 0.2 B99 0.3
  ε 0.03-0.10: 249 islands  bad m=1 6.67e-01  m=2 4.28e-01  B90 0.4 B99 0.5
  ε 0.01-0.03: 221 islands  bad m=1 4.35e-01  m=2 2.04e-01  B90 0.2 B99 0.2
  ε 0.00-0.01: 422 islands  bad m=1 1.51e-01  m=2 1.37e-01  B90 0.1 B99 0.2
atoms (m = 1, 2) by island ancestry and target type: mass, bad share
  island not inside a satellite target primitive mass 2.8366e-06  bad 7.341e-01
  island not inside a satellite target satellite mass 6.9631e-05  bad 6.070e-03
  island inside a satellite     target primitive mass 1.0106e-05  bad 5.567e-01
  island inside a satellite     target satellite mass 2.2624e-04  bad 8.795e-01
class: inside a satellite, satellite target (4606 atoms)
  by island ε
    0.3      -2         atoms   1364 mass 1.658e-04  bad 0.993
    0.1      -0.3       atoms   1141 mass 3.981e-05  bad 0.441
    0.03     -0.1       atoms   1094 mass 1.862e-05  bad 0.846
    0.01     -0.03      atoms    597 mass 1.970e-06  bad 0.559
    0.003    -0.01      atoms    410 mass 8.761e-08  bad 0.236
  by D (distance to the target, mod lattice)
    0.3      -1         atoms    336 mass 1.845e-05  bad 0.776
    0.1      -0.3       atoms   3061 mass 7.098e-05  bad 0.686
    0.03     -0.1       atoms    351 mass 1.173e-06  bad 0.251
    0        -0.01      atoms    858 mass 1.356e-04  bad 1.000
  by d (|σ_W - σ_U|)
    0.3      -1         atoms   1218 mass 1.505e-04  bad 1.000
    0.1      -0.3       atoms   1062 mass 4.915e-05  bad 0.970
    0.03     -0.1       atoms    445 mass 2.156e-05  bad 0.036
    0.01     -0.03      atoms    621 mass 4.185e-06  bad 0.000
    0        -0.01      atoms   1260 mass 8.113e-07  bad 0.000
  by island level
    1        -2         atoms    858 mass 1.356e-04  bad 1.000
    2        -3         atoms    973 mass 4.870e-05  bad 0.885
    3        -4         atoms   1783 mass 3.441e-05  bad 0.512
    4        -5         atoms    992 mass 7.493e-06  bad 0.350
class: outside, satellite target (3538 atoms)
  by island ε
    0.3      -2         atoms   1015 mass 5.137e-05  bad 0.006
    0.1      -0.3       atoms    574 mass 1.154e-05  bad 0.010
    0.03     -0.1       atoms   1036 mass 5.948e-06  bad 0.002
    0.01     -0.03      atoms    635 mass 7.392e-07  bad 0.000
    0.003    -0.01      atoms    278 mass 2.823e-08  bad 0.000
  by D (distance to the target, mod lattice)
    0.3      -1         atoms   2664 mass 6.895e-05  bad 0.000
    0.1      -0.3       atoms    620 mass 5.581e-07  bad 0.545
    0.03     -0.1       atoms    185 mass 2.314e-08  bad 0.656
    0.01     -0.03      atoms     19 mass 8.327e-08  bad 0.999
    0        -0.01      atoms     50 mass 2.039e-08  bad 1.000
  by d (|σ_W - σ_U|)
    0.1      -0.3       atoms    119 mass 5.667e-05  bad 0.005
    0.03     -0.1       atoms    857 mass 1.204e-05  bad 0.011
    0.01     -0.03      atoms   1226 mass 8.566e-07  bad 0.003
    0        -0.01      atoms   1336 mass 7.074e-08  bad 0.000
  by island level
    1        -2         atoms   1015 mass 5.137e-05  bad 0.006
    2        -3         atoms    958 mass 1.299e-05  bad 0.009
    3        -4         atoms   1116 mass 4.482e-06  bad 0.002
    4        -5         atoms    449 mass 7.864e-07  bad 0.000
class: inside a satellite, primitive target (4478 atoms)
  by island ε
    0.3      -2         atoms   2540 mass 9.719e-06  bad 0.563
    0.1      -0.3       atoms    971 mass 2.753e-07  bad 0.422
    0.03     -0.1       atoms    541 mass 7.197e-08  bad 0.407
    0.01     -0.03      atoms    242 mass 2.063e-08  bad 0.239
    0.003    -0.01      atoms    184 mass 1.881e-08  bad 0.006
  by D (distance to the target, mod lattice)
    1        -1e+09     atoms      4 mass 1.432e-11  bad 0.000
    0.3      -1         atoms   2024 mass 8.333e-06  bad 0.477
    0.1      -0.3       atoms   1616 mass 1.609e-06  bad 0.924
    0.03     -0.1       atoms    131 mass 1.600e-08  bad 0.917
    0.01     -0.03      atoms     34 mass 1.538e-08  bad 0.979
    0        -0.01      atoms    669 mass 1.328e-07  bad 1.000
  by d (|σ_W - σ_U|)
    0.3      -1         atoms   1680 mass 3.604e-06  bad 0.993
    0.1      -0.3       atoms   1278 mass 6.211e-06  bad 0.326
    0.03     -0.1       atoms    479 mass 1.752e-07  bad 0.080
    0.01     -0.03      atoms    305 mass 2.844e-08  bad 0.226
    0        -0.01      atoms    736 mass 8.687e-08  bad 0.000
  by island level
    1        -2         atoms   1814 mass 8.671e-06  bad 0.601
    2        -3         atoms   1122 mass 1.105e-06  bad 0.247
    3        -4         atoms   1096 mass 2.629e-07  bad 0.462
    4        -5         atoms    446 mass 6.700e-08  bad 0.258
class: outside, primitive target (3945 atoms)
  by island ε
    0.3      -2         atoms   1890 mass 2.518e-06  bad 0.779
    0.1      -0.3       atoms    597 mass 1.900e-07  bad 0.594
    0.03     -0.1       atoms    833 mass 1.158e-07  bad 0.064
    0.01     -0.03      atoms    431 mass 7.428e-09  bad 0.010
    0.003    -0.01      atoms    194 mass 5.133e-09  bad 0.018
  by D (distance to the target, mod lattice)
    0.3      -1         atoms   1308 mass 5.303e-07  bad 0.007
    0.1      -0.3       atoms   1596 mass 4.914e-07  bad 0.557
    0.03     -0.1       atoms    657 mass 1.355e-08  bad 0.303
    0.01     -0.03      atoms     33 mass 1.776e-10  bad 0.079
    0        -0.01      atoms    351 mass 1.801e-06  bad 1.000
  by d (|σ_W - σ_U|)
    0.1      -0.3       atoms    470 mass 1.833e-06  bad 0.978
    0.03     -0.1       atoms   1609 mass 9.163e-07  bad 0.315
    0.01     -0.03      atoms   1103 mass 7.117e-08  bad 0.017
    0        -0.01      atoms    763 mass 1.577e-08  bad 0.001
  by island level
    1        -2         atoms   1890 mass 2.518e-06  bad 0.779
    2        -3         atoms   1045 mass 2.630e-07  bad 0.457
    3        -4         atoms    745 mass 4.835e-08  bad 0.004
    4        -5         atoms    265 mass 6.919e-09  bad 0.013
done, 90 s

=== Done; results in /data/results/bench-20261010-204208.txt [132 s]
